source_split,row_index,utterance_id,speaker_id,label,route_split
train,0,Ses01F_impro01_F000,Ses01F,2,private
train,1,Ses01F_impro01_F001,Ses01F,2,private
train,2,Ses01F_impro01_F002,Ses01F,2,private
train,3,Ses01F_impro01_F005,Ses01F,2,private
train,4,Ses01F_impro01_F012,Ses01F,0,private
train,5,Ses01F_impro01_F014,Ses01F,2,private
train,6,Ses01F_impro01_M011,Ses01M,0,private
train,7,Ses01F_impro01_M013,Ses01M,0,private
train,8,Ses01F_impro02_F000,Ses01F,3,private
train,9,Ses01F_impro02_F001,Ses01F,3,private
train,10,Ses01F_impro02_F002,Ses01F,3,private
train,11,Ses01F_impro02_F003,Ses01F,2,private
train,12,Ses01F_impro02_F004,Ses01F,3,private
train,13,Ses01F_impro02_F005,Ses01F,3,private
train,14,Ses01F_impro02_F006,Ses01F,2,private
train,15,Ses01F_impro02_F008,Ses01F,3,private
train,16,Ses01F_impro02_F010,Ses01F,3,private
train,17,Ses01F_impro02_F012,Ses01F,3,private
train,18,Ses01F_impro02_F013,Ses01F,3,private
train,19,Ses01F_impro02_F014,Ses01F,3,private
train,20,Ses01F_impro02_F015,Ses01F,3,private
train,21,Ses01F_impro02_F016,Ses01F,2,private
train,22,Ses01F_impro02_F017,Ses01F,3,private
train,23,Ses01F_impro02_F018,Ses01F,2,private
train,24,Ses01F_impro02_F019,Ses01F,3,private
train,25,Ses01F_impro02_F020,Ses01F,3,private
train,26,Ses01F_impro02_M001,Ses01M,3,private
train,27,Ses01F_impro02_M005,Ses01M,3,private
train,28,Ses01F_impro02_M009,Ses01M,3,private
train,29,Ses01F_impro02_M010,Ses01M,3,private
train,30,Ses01F_impro02_M011,Ses01M,3,private
train,31,Ses01F_impro02_M012,Ses01M,2,private
train,32,Ses01F_impro02_M013,Ses01M,3,private
train,33,Ses01F_impro02_M014,Ses01M,3,private
train,34,Ses01F_impro02_M015,Ses01M,2,private
train,35,Ses01F_impro03_F000,Ses01F,1,private
train,36,Ses01F_impro03_F001,Ses01F,1,private
train,37,Ses01F_impro03_F002,Ses01F,1,private
train,38,Ses01F_impro03_F004,Ses01F,1,private
train,39,Ses01F_impro03_F005,Ses01F,1,private
train,40,Ses01F_impro03_F006,Ses01F,1,private
train,41,Ses01F_impro03_F008,Ses01F,1,private
train,42,Ses01F_impro03_F009,Ses01F,1,private
train,43,Ses01F_impro03_F010,Ses01F,1,private
train,44,Ses01F_impro03_F012,Ses01F,1,private
train,45,Ses01F_impro03_F013,Ses01F,1,private
train,46,Ses01F_impro03_F015,Ses01F,1,private
train,47,Ses01F_impro03_F016,Ses01F,1,private
train,48,Ses01F_impro03_F017,Ses01F,2,private
train,49,Ses01F_impro03_F018,Ses01F,2,private
train,50,Ses01F_impro03_F019,Ses01F,2,private
train,51,Ses01F_impro03_F021,Ses01F,1,private
train,52,Ses01F_impro03_F022,Ses01F,2,private
train,53,Ses01F_impro03_F023,Ses01F,2,private
train,54,Ses01F_impro03_F024,Ses01F,1,private
train,55,Ses01F_impro03_F025,Ses01F,1,private
train,56,Ses01F_impro03_F026,Ses01F,1,private
train,57,Ses01F_impro03_M000,Ses01M,2,private
train,58,Ses01F_impro03_M001,Ses01M,2,private
train,59,Ses01F_impro03_M003,Ses01M,1,private
train,60,Ses01F_impro03_M006,Ses01M,2,private
train,61,Ses01F_impro03_M007,Ses01M,1,private
train,62,Ses01F_impro03_M008,Ses01M,2,private
train,63,Ses01F_impro03_M009,Ses01M,2,private
train,64,Ses01F_impro03_M011,Ses01M,2,private
train,65,Ses01F_impro03_M013,Ses01M,1,private
train,66,Ses01F_impro03_M014,Ses01M,1,private
train,67,Ses01F_impro03_M015,Ses01M,1,private
train,68,Ses01F_impro03_M016,Ses01M,2,private
train,69,Ses01F_impro03_M019,Ses01M,2,private
train,70,Ses01F_impro03_M020,Ses01M,2,private
train,71,Ses01F_impro03_M021,Ses01M,2,private
train,72,Ses01F_impro03_M022,Ses01M,1,private
train,73,Ses01F_impro03_M023,Ses01M,1,private
train,74,Ses01F_impro03_M024,Ses01M,2,private
train,75,Ses01F_impro04_F000,Ses01F,2,private
train,76,Ses01F_impro04_F001,Ses01F,2,private
train,77,Ses01F_impro04_F005,Ses01F,2,private
train,78,Ses01F_impro04_F006,Ses01F,2,private
train,79,Ses01F_impro04_F009,Ses01F,2,private
train,80,Ses01F_impro04_F013,Ses01F,2,private
train,81,Ses01F_impro04_F014,Ses01F,2,private
train,82,Ses01F_impro04_F028,Ses01F,0,private
train,83,Ses01F_impro04_F029,Ses01F,0,private
train,84,Ses01F_impro04_F030,Ses01F,0,private
train,85,Ses01F_impro04_F031,Ses01F,0,private
train,86,Ses01F_impro04_F032,Ses01F,0,private
train,87,Ses01F_impro04_F033,Ses01F,0,private
train,88,Ses01F_impro04_M000,Ses01M,2,private
train,89,Ses01F_impro04_M001,Ses01M,2,private
train,90,Ses01F_impro04_M002,Ses01M,2,private
train,91,Ses01F_impro04_M003,Ses01M,2,private
train,92,Ses01F_impro04_M004,Ses01M,2,private
train,93,Ses01F_impro04_M005,Ses01M,2,private
train,94,Ses01F_impro04_M006,Ses01M,2,private
train,95,Ses01F_impro04_M007,Ses01M,2,private
train,96,Ses01F_impro04_M008,Ses01M,2,private
train,97,Ses01F_impro04_M009,Ses01M,2,private
train,98,Ses01F_impro04_M010,Ses01M,2,private
train,99,Ses01F_impro04_M011,Ses01M,2,private
train,100,Ses01F_impro04_M012,Ses01M,2,private
train,101,Ses01F_impro04_M013,Ses01M,2,private
train,102,Ses01F_impro04_M014,Ses01M,2,private
train,103,Ses01F_impro04_M015,Ses01M,2,private
train,104,Ses01F_impro04_M016,Ses01M,2,private
train,105,Ses01F_impro04_M017,Ses01M,2,private
train,106,Ses01F_impro04_M018,Ses01M,2,private
train,107,Ses01F_impro04_M019,Ses01M,2,private
train,108,Ses01F_impro04_M020,Ses01M,2,private
train,109,Ses01F_impro04_M021,Ses01M,2,private
train,110,Ses01F_impro04_M022,Ses01M,2,private
train,111,Ses01F_impro04_M023,Ses01M,2,private
train,112,Ses01F_impro04_M024,Ses01M,2,private
train,113,Ses01F_impro04_M025,Ses01M,2,private
train,114,Ses01F_impro04_M026,Ses01M,2,private
train,115,Ses01F_impro04_M027,Ses01M,2,private
train,116,Ses01F_impro04_M028,Ses01M,2,private
train,117,Ses01F_impro04_M031,Ses01M,2,private
train,118,Ses01F_impro04_M032,Ses01M,2,private
train,119,Ses01F_impro05_F008,Ses01F,0,private
train,120,Ses01F_impro05_F009,Ses01F,0,private
train,121,Ses01F_impro05_F011,Ses01F,0,private
train,122,Ses01F_impro05_F012,Ses01F,0,private
train,123,Ses01F_impro05_F014,Ses01F,0,private
train,124,Ses01F_impro05_F015,Ses01F,0,private
train,125,Ses01F_impro05_F016,Ses01F,0,private
train,126,Ses01F_impro05_F017,Ses01F,0,private
train,127,Ses01F_impro05_F018,Ses01F,0,private
train,128,Ses01F_impro05_F019,Ses01F,0,private
train,129,Ses01F_impro05_F020,Ses01F,0,private
train,130,Ses01F_impro05_F021,Ses01F,0,private
train,131,Ses01F_impro05_F022,Ses01F,0,private
train,132,Ses01F_impro05_F023,Ses01F,0,private
train,133,Ses01F_impro05_F024,Ses01F,0,private
train,134,Ses01F_impro05_F025,Ses01F,0,private
train,135,Ses01F_impro05_F026,Ses01F,0,private
train,136,Ses01F_impro05_F028,Ses01F,0,private
train,137,Ses01F_impro05_F029,Ses01F,0,private
train,138,Ses01F_impro05_F030,Ses01F,0,private
train,139,Ses01F_impro05_M000,Ses01M,2,private
train,140,Ses01F_impro05_M001,Ses01M,1,private
train,141,Ses01F_impro05_M002,Ses01M,1,private
train,142,Ses01F_impro05_M003,Ses01M,2,private
train,143,Ses01F_impro05_M004,Ses01M,2,private
train,144,Ses01F_impro05_M005,Ses01M,2,private
train,145,Ses01F_impro05_M006,Ses01M,2,private
train,146,Ses01F_impro05_M007,Ses01M,2,private
train,147,Ses01F_impro05_M008,Ses01M,2,private
train,148,Ses01F_impro05_M009,Ses01M,2,private
train,149,Ses01F_impro05_M010,Ses01M,2,private
train,150,Ses01F_impro05_M011,Ses01M,2,private
train,151,Ses01F_impro05_M012,Ses01M,2,private
train,152,Ses01F_impro05_M013,Ses01M,2,private
train,153,Ses01F_impro05_M014,Ses01M,2,private
train,154,Ses01F_impro05_M015,Ses01M,2,private
train,155,Ses01F_impro05_M016,Ses01M,2,private
train,156,Ses01F_impro05_M017,Ses01M,2,private
train,157,Ses01F_impro05_M019,Ses01M,2,private
train,158,Ses01F_impro05_M020,Ses01M,2,private
train,159,Ses01F_impro05_M022,Ses01M,2,private
train,160,Ses01F_impro05_M023,Ses01M,2,private
train,161,Ses01F_impro05_M024,Ses01M,2,private
train,162,Ses01F_impro05_M025,Ses01M,2,private
train,163,Ses01F_impro05_M026,Ses01M,2,private
train,164,Ses01F_impro05_M027,Ses01M,2,private
train,165,Ses01F_impro05_M028,Ses01M,2,private
train,166,Ses01F_impro05_M029,Ses01M,2,private
train,167,Ses01F_impro05_M030,Ses01M,2,private
train,168,Ses01F_impro05_M031,Ses01M,2,private
train,169,Ses01F_impro05_M034,Ses01M,2,private
train,170,Ses01F_impro05_M035,Ses01M,2,private
train,171,Ses01F_impro06_F002,Ses01F,3,private
train,172,Ses01F_impro06_F003,Ses01F,2,private
train,173,Ses01F_impro06_F004,Ses01F,2,private
train,174,Ses01F_impro06_F005,Ses01F,3,private
train,175,Ses01F_impro06_F006,Ses01F,3,private
train,176,Ses01F_impro06_F007,Ses01F,3,private
train,177,Ses01F_impro06_F008,Ses01F,3,private
train,178,Ses01F_impro06_F009,Ses01F,2,private
train,179,Ses01F_impro06_F010,Ses01F,3,private
train,180,Ses01F_impro06_F011,Ses01F,3,private
train,181,Ses01F_impro06_F012,Ses01F,3,private
train,182,Ses01F_impro06_F013,Ses01F,3,private
train,183,Ses01F_impro06_F014,Ses01F,3,private
train,184,Ses01F_impro06_F015,Ses01F,3,private
train,185,Ses01F_impro06_F016,Ses01F,2,private
train,186,Ses01F_impro06_F018,Ses01F,2,private
train,187,Ses01F_impro06_F019,Ses01F,2,private
train,188,Ses01F_impro06_F020,Ses01F,3,private
train,189,Ses01F_impro06_F021,Ses01F,3,private
train,190,Ses01F_impro06_F022,Ses01F,3,private
train,191,Ses01F_impro06_F023,Ses01F,3,private
train,192,Ses01F_impro06_F024,Ses01F,3,private
train,193,Ses01F_impro06_F025,Ses01F,3,private
train,194,Ses01F_impro06_F026,Ses01F,3,private
train,195,Ses01F_impro06_F027,Ses01F,2,private
train,196,Ses01F_impro06_F028,Ses01F,3,private
train,197,Ses01F_impro06_M000,Ses01M,3,private
train,198,Ses01F_impro06_M001,Ses01M,2,private
train,199,Ses01F_impro06_M002,Ses01M,2,private
train,200,Ses01F_impro06_M003,Ses01M,3,private
train,201,Ses01F_impro06_M004,Ses01M,2,private
train,202,Ses01F_impro06_M005,Ses01M,2,private
train,203,Ses01F_impro06_M006,Ses01M,2,private
train,204,Ses01F_impro06_M007,Ses01M,3,private
train,205,Ses01F_impro06_M008,Ses01M,2,private
train,206,Ses01F_impro06_M009,Ses01M,2,private
train,207,Ses01F_impro06_M010,Ses01M,2,private
train,208,Ses01F_impro06_M011,Ses01M,2,private
train,209,Ses01F_impro06_M012,Ses01M,2,private
train,210,Ses01F_impro06_M013,Ses01M,2,private
train,211,Ses01F_impro06_M014,Ses01M,2,private
train,212,Ses01F_impro06_M015,Ses01M,2,private
train,213,Ses01F_impro06_M016,Ses01M,2,private
train,214,Ses01F_impro07_F000,Ses01F,1,private
train,215,Ses01F_impro07_F002,Ses01F,1,private
train,216,Ses01F_impro07_F003,Ses01F,1,private
train,217,Ses01F_impro07_F004,Ses01F,1,private
train,218,Ses01F_impro07_F005,Ses01F,1,private
train,219,Ses01F_impro07_F009,Ses01F,1,private
train,220,Ses01F_impro07_F010,Ses01F,1,private
train,221,Ses01F_impro07_F012,Ses01F,1,private
train,222,Ses01F_impro07_F013,Ses01F,1,private
train,223,Ses01F_impro07_F016,Ses01F,1,private
train,224,Ses01F_impro07_M000,Ses01M,1,private
train,225,Ses01F_impro07_M001,Ses01M,1,private
train,226,Ses01F_impro07_M002,Ses01M,1,private
train,227,Ses01F_impro07_M003,Ses01M,1,private
train,228,Ses01F_impro07_M004,Ses01M,1,private
train,229,Ses01F_impro07_M005,Ses01M,1,private
train,230,Ses01F_impro07_M006,Ses01M,1,private
train,231,Ses01F_impro07_M007,Ses01M,1,private
train,232,Ses01F_impro07_M008,Ses01M,1,private
train,233,Ses01F_impro07_M009,Ses01M,1,private
train,234,Ses01F_impro07_M012,Ses01M,2,private
train,235,Ses01F_impro07_M013,Ses01M,2,private
train,236,Ses01F_impro07_M014,Ses01M,1,private
train,237,Ses01F_impro07_M015,Ses01M,1,private
train,238,Ses01F_impro07_M017,Ses01M,1,private
train,239,Ses01F_impro07_M018,Ses01M,2,private
train,240,Ses01F_impro07_M019,Ses01M,1,private
train,241,Ses01F_script01_1_F005,Ses01F,2,private
train,242,Ses01F_script01_1_F015,Ses01F,2,private
train,243,Ses01F_script01_1_F034,Ses01F,2,private
train,244,Ses01F_script01_1_F035,Ses01F,0,private
train,245,Ses01F_script01_1_F037,Ses01F,0,private
train,246,Ses01F_script01_1_F038,Ses01F,0,private
train,247,Ses01F_script01_1_F041,Ses01F,0,private
train,248,Ses01F_script01_1_F042,Ses01F,0,private
train,249,Ses01F_script01_1_M000,Ses01M,2,private
train,250,Ses01F_script01_1_M001,Ses01M,2,private
train,251,Ses01F_script01_1_M002,Ses01M,2,private
train,252,Ses01F_script01_1_M003,Ses01M,2,private
train,253,Ses01F_script01_1_M004,Ses01M,2,private
train,254,Ses01F_script01_1_M007,Ses01M,2,private
train,255,Ses01F_script01_1_M010,Ses01M,2,private
train,256,Ses01F_script01_1_M012,Ses01M,2,private
train,257,Ses01F_script01_1_M014,Ses01M,2,private
train,258,Ses01F_script01_1_M015,Ses01M,2,private
train,259,Ses01F_script01_1_M016,Ses01M,2,private
train,260,Ses01F_script01_1_M017,Ses01M,2,private
train,261,Ses01F_script01_1_M019,Ses01M,0,private
train,262,Ses01F_script01_1_M023,Ses01M,2,private
train,263,Ses01F_script01_1_M024,Ses01M,2,private
train,264,Ses01F_script01_1_M025,Ses01M,2,private
train,265,Ses01F_script01_1_M034,Ses01M,2,private
train,266,Ses01F_script01_1_M039,Ses01M,2,private
train,267,Ses01F_script01_1_M040,Ses01M,2,private
train,268,Ses01F_script01_2_F003,Ses01F,0,private
train,269,Ses01F_script01_2_F004,Ses01F,0,private
train,270,Ses01F_script01_2_F005,Ses01F,0,private
train,271,Ses01F_script01_2_F006,Ses01F,0,private
train,272,Ses01F_script01_2_F007,Ses01F,0,private
train,273,Ses01F_script01_2_F008,Ses01F,0,private
train,274,Ses01F_script01_2_F009,Ses01F,0,private
train,275,Ses01F_script01_2_F010,Ses01F,0,private
train,276,Ses01F_script01_2_F011,Ses01F,0,private
train,277,Ses01F_script01_2_F012,Ses01F,0,private
train,278,Ses01F_script01_2_F013,Ses01F,0,private
train,279,Ses01F_script01_2_M001,Ses01M,2,private
train,280,Ses01F_script01_2_M004,Ses01M,2,private
train,281,Ses01F_script01_2_M008,Ses01M,2,private
train,282,Ses01F_script01_2_M017,Ses01M,0,private
train,283,Ses01F_script01_3_F000,Ses01F,2,private
train,284,Ses01F_script01_3_F001,Ses01F,2,private
train,285,Ses01F_script01_3_F002,Ses01F,2,private
train,286,Ses01F_script01_3_F003,Ses01F,2,private
train,287,Ses01F_script01_3_F004,Ses01F,2,private
train,288,Ses01F_script01_3_F005,Ses01F,2,private
train,289,Ses01F_script01_3_F006,Ses01F,2,private
train,290,Ses01F_script01_3_F007,Ses01F,2,private
train,291,Ses01F_script01_3_F008,Ses01F,2,private
train,292,Ses01F_script01_3_F009,Ses01F,2,private
train,293,Ses01F_script01_3_F010,Ses01F,1,private
train,294,Ses01F_script01_3_F011,Ses01F,1,private
train,295,Ses01F_script01_3_F012,Ses01F,1,private
train,296,Ses01F_script01_3_F013,Ses01F,1,private
train,297,Ses01F_script01_3_F014,Ses01F,2,private
train,298,Ses01F_script01_3_F015,Ses01F,2,private
train,299,Ses01F_script01_3_F016,Ses01F,2,private
train,300,Ses01F_script01_3_F017,Ses01F,1,private
train,301,Ses01F_script01_3_F019,Ses01F,1,private
train,302,Ses01F_script01_3_F020,Ses01F,1,private
train,303,Ses01F_script01_3_F021,Ses01F,1,private
train,304,Ses01F_script01_3_F022,Ses01F,2,private
train,305,Ses01F_script01_3_F028,Ses01F,2,private
train,306,Ses01F_script01_3_F029,Ses01F,2,private
train,307,Ses01F_script01_3_F030,Ses01F,3,private
train,308,Ses01F_script01_3_F031,Ses01F,2,private
train,309,Ses01F_script01_3_F035,Ses01F,1,private
train,310,Ses01F_script01_3_M000,Ses01M,2,private
train,311,Ses01F_script01_3_M001,Ses01M,2,private
train,312,Ses01F_script01_3_M003,Ses01M,2,private
train,313,Ses01F_script01_3_M004,Ses01M,2,private
train,314,Ses01F_script01_3_M005,Ses01M,2,private
train,315,Ses01F_script01_3_M008,Ses01M,1,private
train,316,Ses01F_script01_3_M009,Ses01M,1,private
train,317,Ses01F_script01_3_M010,Ses01M,1,private
train,318,Ses01F_script01_3_M015,Ses01M,1,private
train,319,Ses01F_script01_3_M016,Ses01M,1,private
train,320,Ses01F_script01_3_M017,Ses01M,1,private
train,321,Ses01F_script01_3_M019,Ses01M,1,private
train,322,Ses01F_script01_3_M020,Ses01M,1,private
train,323,Ses01F_script01_3_M021,Ses01M,3,private
train,324,Ses01F_script01_3_M022,Ses01M,3,private
train,325,Ses01F_script01_3_M023,Ses01M,3,private
train,326,Ses01F_script01_3_M024,Ses01M,3,private
train,327,Ses01F_script01_3_M025,Ses01M,3,private
train,328,Ses01F_script01_3_M026,Ses01M,3,private
train,329,Ses01F_script01_3_M027,Ses01M,3,private
train,330,Ses01F_script01_3_M028,Ses01M,3,private
train,331,Ses01F_script01_3_M029,Ses01M,3,private
train,332,Ses01F_script01_3_M030,Ses01M,3,private
train,333,Ses01F_script01_3_M032,Ses01M,3,private
train,334,Ses01F_script01_3_M033,Ses01M,3,private
train,335,Ses01F_script01_3_M036,Ses01M,3,private
train,336,Ses01F_script01_3_M037,Ses01M,2,private
train,337,Ses01F_script02_1_F000,Ses01F,2,private
train,338,Ses01F_script02_1_F004,Ses01F,2,private
train,339,Ses01F_script02_1_F006,Ses01F,0,private
train,340,Ses01F_script02_1_F007,Ses01F,0,private
train,341,Ses01F_script02_1_F008,Ses01F,2,private
train,342,Ses01F_script02_1_F009,Ses01F,1,private
train,343,Ses01F_script02_1_F010,Ses01F,3,private
train,344,Ses01F_script02_1_F015,Ses01F,2,private
train,345,Ses01F_script02_1_F024,Ses01F,2,private
train,346,Ses01F_script02_1_F025,Ses01F,2,private
train,347,Ses01F_script02_1_M002,Ses01M,1,private
train,348,Ses01F_script02_1_M007,Ses01M,2,private
train,349,Ses01F_script02_1_M008,Ses01M,2,private
train,350,Ses01F_script02_1_M009,Ses01M,2,private
train,351,Ses01F_script02_1_M010,Ses01M,2,private
train,352,Ses01F_script02_1_M011,Ses01M,2,private
train,353,Ses01F_script02_1_M013,Ses01M,2,private
train,354,Ses01F_script02_1_M014,Ses01M,2,private
train,355,Ses01F_script02_1_M015,Ses01M,2,private
train,356,Ses01F_script02_1_M016,Ses01M,1,private
train,357,Ses01F_script02_1_M020,Ses01M,2,private
train,358,Ses01F_script02_1_M021,Ses01M,2,private
train,359,Ses01F_script02_1_M023,Ses01M,2,private
train,360,Ses01F_script02_1_M024,Ses01M,2,private
train,361,Ses01F_script02_1_M025,Ses01M,2,private
train,362,Ses01F_script02_1_M026,Ses01M,2,private
train,363,Ses01F_script02_1_M029,Ses01M,2,private
train,364,Ses01F_script02_1_M031,Ses01M,2,private
train,365,Ses01F_script02_1_M032,Ses01M,2,private
train,366,Ses01F_script02_1_M033,Ses01M,2,private
train,367,Ses01F_script02_1_M034,Ses01M,2,private
train,368,Ses01F_script02_1_M035,Ses01M,1,private
train,369,Ses01F_script02_1_M036,Ses01M,1,private
train,370,Ses01F_script02_1_M038,Ses01M,1,private
train,371,Ses01F_script02_1_M040,Ses01M,1,private
train,372,Ses01F_script02_1_M043,Ses01M,1,private
train,373,Ses01F_script02_1_M044,Ses01M,1,private
train,374,Ses01F_script02_2_F000,Ses01F,2,private
train,375,Ses01F_script02_2_F001,Ses01F,2,private
train,376,Ses01F_script02_2_F006,Ses01F,0,private
train,377,Ses01F_script02_2_F008,Ses01F,0,private
train,378,Ses01F_script02_2_F009,Ses01F,0,private
train,379,Ses01F_script02_2_F010,Ses01F,0,private
train,380,Ses01F_script02_2_F015,Ses01F,3,private
train,381,Ses01F_script02_2_F016,Ses01F,0,private
train,382,Ses01F_script02_2_F017,Ses01F,2,private
train,383,Ses01F_script02_2_F019,Ses01F,1,private
train,384,Ses01F_script02_2_F022,Ses01F,3,private
train,385,Ses01F_script02_2_F023,Ses01F,2,private
train,386,Ses01F_script02_2_F026,Ses01F,2,private
train,387,Ses01F_script02_2_F034,Ses01F,3,private
train,388,Ses01F_script02_2_F035,Ses01F,3,private
train,389,Ses01F_script02_2_F036,Ses01F,3,private
train,390,Ses01F_script02_2_F040,Ses01F,3,private
train,391,Ses01F_script02_2_F041,Ses01F,2,private
train,392,Ses01F_script02_2_F042,Ses01F,1,private
train,393,Ses01F_script02_2_F043,Ses01F,1,private
train,394,Ses01F_script02_2_F044,Ses01F,1,private
train,395,Ses01F_script02_2_F045,Ses01F,1,private
train,396,Ses01F_script02_2_F046,Ses01F,3,private
train,397,Ses01F_script02_2_F047,Ses01F,2,private
train,398,Ses01F_script02_2_M000,Ses01M,1,private
train,399,Ses01F_script02_2_M001,Ses01M,1,private
train,400,Ses01F_script02_2_M002,Ses01M,2,private
train,401,Ses01F_script02_2_M006,Ses01M,2,private
train,402,Ses01F_script02_2_M016,Ses01M,2,private
train,403,Ses01F_script02_2_M017,Ses01M,2,private
train,404,Ses01F_script02_2_M019,Ses01M,2,private
train,405,Ses01F_script02_2_M021,Ses01M,2,private
train,406,Ses01F_script02_2_M022,Ses01M,2,private
train,407,Ses01F_script02_2_M023,Ses01M,2,private
train,408,Ses01F_script02_2_M024,Ses01M,1,private
train,409,Ses01F_script02_2_M026,Ses01M,1,private
train,410,Ses01F_script02_2_M033,Ses01M,2,private
train,411,Ses01F_script02_2_M037,Ses01M,3,private
train,412,Ses01F_script02_2_M038,Ses01M,3,private
train,413,Ses01F_script02_2_M040,Ses01M,2,private
train,414,Ses01F_script02_2_M042,Ses01M,2,private
train,415,Ses01F_script02_2_M043,Ses01M,2,private
train,416,Ses01F_script02_2_M044,Ses01M,1,private
train,417,Ses01F_script02_2_M046,Ses01M,1,private
train,418,Ses01F_script02_2_M047,Ses01M,2,private
train,419,Ses01F_script02_2_M048,Ses01M,2,private
train,420,Ses01F_script02_2_M049,Ses01M,1,private
train,421,Ses01F_script03_1_F005,Ses01F,1,private
train,422,Ses01F_script03_1_F006,Ses01F,1,private
train,423,Ses01F_script03_1_F007,Ses01F,1,private
train,424,Ses01F_script03_1_F010,Ses01F,1,private
train,425,Ses01F_script03_1_F011,Ses01F,1,private
train,426,Ses01F_script03_1_F012,Ses01F,1,private
train,427,Ses01F_script03_1_F020,Ses01F,1,private
train,428,Ses01F_script03_1_F021,Ses01F,1,private
train,429,Ses01F_script03_1_F022,Ses01F,1,private
train,430,Ses01F_script03_1_F024,Ses01F,1,private
train,431,Ses01F_script03_1_F029,Ses01F,1,private
train,432,Ses01F_script03_1_F030,Ses01F,1,private
train,433,Ses01F_script03_1_M005,Ses01M,1,private
train,434,Ses01F_script03_1_M007,Ses01M,1,private
train,435,Ses01F_script03_1_M008,Ses01M,1,private
train,436,Ses01F_script03_1_M009,Ses01M,1,private
train,437,Ses01F_script03_1_M010,Ses01M,1,private
train,438,Ses01F_script03_1_M013,Ses01M,1,private
train,439,Ses01F_script03_1_M018,Ses01M,1,private
train,440,Ses01F_script03_1_M021,Ses01M,1,private
train,441,Ses01F_script03_1_M024,Ses01M,1,private
train,442,Ses01F_script03_1_M025,Ses01M,1,private
train,443,Ses01F_script03_1_M026,Ses01M,1,private
train,444,Ses01F_script03_1_M034,Ses01M,1,private
train,445,Ses01F_script03_1_M036,Ses01M,1,private
train,446,Ses01F_script03_1_M037,Ses01M,1,private
train,447,Ses01F_script03_2_F000,Ses01F,1,private
train,448,Ses01F_script03_2_F001,Ses01F,1,private
train,449,Ses01F_script03_2_F002,Ses01F,1,private
train,450,Ses01F_script03_2_F004,Ses01F,2,private
train,451,Ses01F_script03_2_F005,Ses01F,2,private
train,452,Ses01F_script03_2_F013,Ses01F,0,private
train,453,Ses01F_script03_2_F014,Ses01F,0,private
train,454,Ses01F_script03_2_F015,Ses01F,0,private
train,455,Ses01F_script03_2_F016,Ses01F,0,private
train,456,Ses01F_script03_2_F017,Ses01F,0,private
train,457,Ses01F_script03_2_F018,Ses01F,0,private
train,458,Ses01F_script03_2_F021,Ses01F,0,private
train,459,Ses01F_script03_2_F022,Ses01F,0,private
train,460,Ses01F_script03_2_F023,Ses01F,0,private
train,461,Ses01F_script03_2_F024,Ses01F,0,private
train,462,Ses01F_script03_2_F025,Ses01F,0,private
train,463,Ses01F_script03_2_F026,Ses01F,0,private
train,464,Ses01F_script03_2_F027,Ses01F,0,private
train,465,Ses01F_script03_2_F028,Ses01F,0,private
train,466,Ses01F_script03_2_F029,Ses01F,0,private
train,467,Ses01F_script03_2_F030,Ses01F,2,private
train,468,Ses01F_script03_2_F031,Ses01F,2,private
train,469,Ses01F_script03_2_F032,Ses01F,2,private
train,470,Ses01F_script03_2_F034,Ses01F,0,private
train,471,Ses01F_script03_2_F035,Ses01F,0,private
train,472,Ses01F_script03_2_F036,Ses01F,0,private
train,473,Ses01F_script03_2_F037,Ses01F,0,private
train,474,Ses01F_script03_2_F038,Ses01F,0,private
train,475,Ses01F_script03_2_F039,Ses01F,0,private
train,476,Ses01F_script03_2_F040,Ses01F,0,private
train,477,Ses01F_script03_2_M001,Ses01M,2,private
train,478,Ses01F_script03_2_M002,Ses01M,2,private
train,479,Ses01F_script03_2_M004,Ses01M,2,private
train,480,Ses01F_script03_2_M007,Ses01M,0,private
train,481,Ses01F_script03_2_M010,Ses01M,2,private
train,482,Ses01F_script03_2_M011,Ses01M,2,private
train,483,Ses01F_script03_2_M014,Ses01M,0,private
train,484,Ses01F_script03_2_M016,Ses01M,2,private
train,485,Ses01F_script03_2_M018,Ses01M,2,private
train,486,Ses01F_script03_2_M019,Ses01M,2,private
train,487,Ses01F_script03_2_M020,Ses01M,0,private
train,488,Ses01F_script03_2_M021,Ses01M,0,private
train,489,Ses01F_script03_2_M022,Ses01M,0,private
train,490,Ses01F_script03_2_M023,Ses01M,0,private
train,491,Ses01F_script03_2_M024,Ses01M,0,private
train,492,Ses01F_script03_2_M025,Ses01M,0,private
train,493,Ses01F_script03_2_M026,Ses01M,0,private
train,494,Ses01F_script03_2_M027,Ses01M,0,private
train,495,Ses01F_script03_2_M029,Ses01M,0,private
train,496,Ses01F_script03_2_M030,Ses01M,0,private
train,497,Ses01F_script03_2_M031,Ses01M,2,private
train,498,Ses01F_script03_2_M032,Ses01M,0,private
train,499,Ses01F_script03_2_M033,Ses01M,0,private
train,500,Ses01F_script03_2_M034,Ses01M,0,private
train,501,Ses01F_script03_2_M035,Ses01M,0,private
train,502,Ses01F_script03_2_M036,Ses01M,0,private
train,503,Ses01F_script03_2_M037,Ses01M,0,private
train,504,Ses01F_script03_2_M038,Ses01M,0,private
train,505,Ses01F_script03_2_M039,Ses01M,0,private
train,506,Ses01F_script03_2_M040,Ses01M,0,private
train,507,Ses01M_impro01_F000,Ses01F,0,private
train,508,Ses01M_impro01_F001,Ses01F,0,private
train,509,Ses01M_impro01_F007,Ses01F,0,private
train,510,Ses01M_impro01_F008,Ses01F,0,private
train,511,Ses01M_impro01_F011,Ses01F,0,private
train,512,Ses01M_impro01_F012,Ses01F,0,private
train,513,Ses01M_impro01_F019,Ses01F,0,private
train,514,Ses01M_impro01_F020,Ses01F,0,private
train,515,Ses01M_impro01_F021,Ses01F,0,private
train,516,Ses01M_impro01_F022,Ses01F,0,private
train,517,Ses01M_impro01_F024,Ses01F,2,private
train,518,Ses01M_impro01_F025,Ses01F,2,private
train,519,Ses01M_impro01_M003,Ses01M,2,private
train,520,Ses01M_impro01_M010,Ses01M,2,private
train,521,Ses01M_impro01_M020,Ses01M,0,private
train,522,Ses01M_impro01_M025,Ses01M,0,private
train,523,Ses01M_impro01_M030,Ses01M,0,private
train,524,Ses01M_impro01_M031,Ses01M,0,private
train,525,Ses01M_impro01_M032,Ses01M,0,private
train,526,Ses01M_impro02_F000,Ses01F,2,private
train,527,Ses01M_impro02_F009,Ses01F,3,private
train,528,Ses01M_impro02_F010,Ses01F,3,private
train,529,Ses01M_impro02_F013,Ses01F,3,private
train,530,Ses01M_impro02_F015,Ses01F,3,private
train,531,Ses01M_impro02_F017,Ses01F,3,private
train,532,Ses01M_impro02_F019,Ses01F,3,private
train,533,Ses01M_impro02_M000,Ses01M,2,private
train,534,Ses01M_impro02_M001,Ses01M,3,private
train,535,Ses01M_impro02_M002,Ses01M,3,private
train,536,Ses01M_impro02_M003,Ses01M,3,private
train,537,Ses01M_impro02_M007,Ses01M,3,private
train,538,Ses01M_impro02_M009,Ses01M,3,private
train,539,Ses01M_impro02_M010,Ses01M,3,private
train,540,Ses01M_impro02_M011,Ses01M,3,private
train,541,Ses01M_impro02_M012,Ses01M,3,private
train,542,Ses01M_impro02_M013,Ses01M,3,private
train,543,Ses01M_impro02_M014,Ses01M,3,private
train,544,Ses01M_impro02_M015,Ses01M,3,private
train,545,Ses01M_impro02_M016,Ses01M,3,private
train,546,Ses01M_impro02_M017,Ses01M,3,private
train,547,Ses01M_impro02_M018,Ses01M,3,private
train,548,Ses01M_impro02_M019,Ses01M,3,private
train,549,Ses01M_impro02_M020,Ses01M,3,private
train,550,Ses01M_impro02_M021,Ses01M,3,private
train,551,Ses01M_impro02_M022,Ses01M,3,private
train,552,Ses01M_impro02_M023,Ses01M,3,private
train,553,Ses01M_impro02_M025,Ses01M,3,private
train,554,Ses01M_impro03_F002,Ses01F,1,private
train,555,Ses01M_impro03_F003,Ses01F,1,private
train,556,Ses01M_impro03_F004,Ses01F,1,private
train,557,Ses01M_impro03_F005,Ses01F,1,private
train,558,Ses01M_impro03_F006,Ses01F,1,private
train,559,Ses01M_impro03_F007,Ses01F,1,private
train,560,Ses01M_impro03_F008,Ses01F,1,private
train,561,Ses01M_impro03_F009,Ses01F,1,private
train,562,Ses01M_impro03_F010,Ses01F,1,private
train,563,Ses01M_impro03_F011,Ses01F,1,private
train,564,Ses01M_impro03_F012,Ses01F,1,private
train,565,Ses01M_impro03_F013,Ses01F,1,private
train,566,Ses01M_impro03_F014,Ses01F,1,private
train,567,Ses01M_impro03_F015,Ses01F,1,private
train,568,Ses01M_impro03_F016,Ses01F,1,private
train,569,Ses01M_impro03_F017,Ses01F,2,private
train,570,Ses01M_impro03_F018,Ses01F,2,private
train,571,Ses01M_impro03_F019,Ses01F,1,private
train,572,Ses01M_impro03_F020,Ses01F,1,private
train,573,Ses01M_impro03_F021,Ses01F,2,private
train,574,Ses01M_impro03_F022,Ses01F,1,private
train,575,Ses01M_impro03_F023,Ses01F,1,private
train,576,Ses01M_impro03_F024,Ses01F,1,private
train,577,Ses01M_impro03_F025,Ses01F,1,private
train,578,Ses01M_impro03_F026,Ses01F,1,private
train,579,Ses01M_impro03_M000,Ses01M,1,private
train,580,Ses01M_impro03_M001,Ses01M,1,private
train,581,Ses01M_impro03_M003,Ses01M,2,private
train,582,Ses01M_impro03_M004,Ses01M,1,private
train,583,Ses01M_impro03_M005,Ses01M,1,private
train,584,Ses01M_impro03_M006,Ses01M,2,private
train,585,Ses01M_impro03_M007,Ses01M,1,private
train,586,Ses01M_impro03_M008,Ses01M,1,private
train,587,Ses01M_impro03_M010,Ses01M,1,private
train,588,Ses01M_impro03_M011,Ses01M,1,private
train,589,Ses01M_impro03_M012,Ses01M,1,private
train,590,Ses01M_impro03_M013,Ses01M,1,private
train,591,Ses01M_impro03_M014,Ses01M,2,private
train,592,Ses01M_impro03_M015,Ses01M,1,private
train,593,Ses01M_impro03_M016,Ses01M,1,private
train,594,Ses01M_impro03_M017,Ses01M,1,private
train,595,Ses01M_impro03_M018,Ses01M,2,private
train,596,Ses01M_impro03_M019,Ses01M,1,private
train,597,Ses01M_impro03_M020,Ses01M,1,private
train,598,Ses01M_impro03_M021,Ses01M,2,private
train,599,Ses01M_impro03_M022,Ses01M,1,private
train,600,Ses01M_impro03_M023,Ses01M,1,private
train,601,Ses01M_impro03_M024,Ses01M,1,private
train,602,Ses01M_impro04_F000,Ses01F,2,private
train,603,Ses01M_impro04_F002,Ses01F,2,private
train,604,Ses01M_impro04_F003,Ses01F,2,private
train,605,Ses01M_impro04_F004,Ses01F,2,private
train,606,Ses01M_impro04_F005,Ses01F,2,private
train,607,Ses01M_impro04_F006,Ses01F,2,private
train,608,Ses01M_impro04_F007,Ses01F,2,private
train,609,Ses01M_impro04_F008,Ses01F,2,private
train,610,Ses01M_impro04_F009,Ses01F,2,private
train,611,Ses01M_impro04_F010,Ses01F,2,private
train,612,Ses01M_impro04_F011,Ses01F,2,private
train,613,Ses01M_impro04_F012,Ses01F,2,private
train,614,Ses01M_impro04_F013,Ses01F,2,private
train,615,Ses01M_impro04_F014,Ses01F,2,private
train,616,Ses01M_impro04_F015,Ses01F,2,private
train,617,Ses01M_impro04_F016,Ses01F,2,private
train,618,Ses01M_impro04_F017,Ses01F,2,private
train,619,Ses01M_impro04_F018,Ses01F,2,private
train,620,Ses01M_impro04_F019,Ses01F,2,private
train,621,Ses01M_impro04_F020,Ses01F,2,private
train,622,Ses01M_impro04_F021,Ses01F,2,private
train,623,Ses01M_impro04_F022,Ses01F,2,private
train,624,Ses01M_impro04_F023,Ses01F,2,private
train,625,Ses01M_impro04_F025,Ses01F,2,private
train,626,Ses01M_impro04_M014,Ses01M,0,private
train,627,Ses01M_impro04_M018,Ses01M,0,private
train,628,Ses01M_impro04_M023,Ses01M,0,private
train,629,Ses01M_impro04_M025,Ses01M,2,private
train,630,Ses01M_impro05_F000,Ses01F,2,private
train,631,Ses01M_impro05_F001,Ses01F,2,private
train,632,Ses01M_impro05_F002,Ses01F,2,private
train,633,Ses01M_impro05_F003,Ses01F,2,private
train,634,Ses01M_impro05_F004,Ses01F,2,private
train,635,Ses01M_impro05_F005,Ses01F,2,private
train,636,Ses01M_impro05_F006,Ses01F,2,private
train,637,Ses01M_impro05_F007,Ses01F,2,private
train,638,Ses01M_impro05_F011,Ses01F,2,private
train,639,Ses01M_impro05_F012,Ses01F,2,private
train,640,Ses01M_impro05_F013,Ses01F,2,private
train,641,Ses01M_impro05_F014,Ses01F,2,private
train,642,Ses01M_impro05_F015,Ses01F,2,private
train,643,Ses01M_impro05_F016,Ses01F,2,private
train,644,Ses01M_impro05_F017,Ses01F,2,private
train,645,Ses01M_impro05_F018,Ses01F,2,private
train,646,Ses01M_impro05_F019,Ses01F,2,private
train,647,Ses01M_impro05_F020,Ses01F,2,private
train,648,Ses01M_impro05_F021,Ses01F,2,private
train,649,Ses01M_impro05_F022,Ses01F,2,private
train,650,Ses01M_impro05_F023,Ses01F,2,private
train,651,Ses01M_impro05_F024,Ses01F,2,private
train,652,Ses01M_impro05_F025,Ses01F,2,private
train,653,Ses01M_impro05_F026,Ses01F,2,private
train,654,Ses01M_impro05_F027,Ses01F,2,private
train,655,Ses01M_impro05_F028,Ses01F,2,private
train,656,Ses01M_impro05_F029,Ses01F,2,private
train,657,Ses01M_impro05_F030,Ses01F,2,private
train,658,Ses01M_impro05_F031,Ses01F,2,private
train,659,Ses01M_impro05_F032,Ses01F,2,private
train,660,Ses01M_impro05_F033,Ses01F,2,private
train,661,Ses01M_impro05_F034,Ses01F,2,private
train,662,Ses01M_impro05_M004,Ses01M,0,private
train,663,Ses01M_impro05_M005,Ses01M,0,private
train,664,Ses01M_impro05_M006,Ses01M,0,private
train,665,Ses01M_impro05_M007,Ses01M,0,private
train,666,Ses01M_impro05_M008,Ses01M,0,private
train,667,Ses01M_impro05_M015,Ses01M,2,private
train,668,Ses01M_impro05_M020,Ses01M,0,private
train,669,Ses01M_impro05_M021,Ses01M,0,private
train,670,Ses01M_impro05_M022,Ses01M,0,private
train,671,Ses01M_impro05_M023,Ses01M,0,private
train,672,Ses01M_impro05_M024,Ses01M,0,private
train,673,Ses01M_impro05_M025,Ses01M,0,private
train,674,Ses01M_impro05_M026,Ses01M,0,private
train,675,Ses01M_impro05_M027,Ses01M,0,private
train,676,Ses01M_impro05_M028,Ses01M,0,private
train,677,Ses01M_impro05_M031,Ses01M,0,private
train,678,Ses01M_impro06_F000,Ses01F,2,private
train,679,Ses01M_impro06_F001,Ses01F,2,private
train,680,Ses01M_impro06_F002,Ses01F,2,private
train,681,Ses01M_impro06_F003,Ses01F,3,private
train,682,Ses01M_impro06_F004,Ses01F,3,private
train,683,Ses01M_impro06_F005,Ses01F,3,private
train,684,Ses01M_impro06_F006,Ses01F,3,private
train,685,Ses01M_impro06_F007,Ses01F,2,private
train,686,Ses01M_impro06_F008,Ses01F,2,private
train,687,Ses01M_impro06_F009,Ses01F,2,private
train,688,Ses01M_impro06_F010,Ses01F,2,private
train,689,Ses01M_impro06_F011,Ses01F,2,private
train,690,Ses01M_impro06_F012,Ses01F,2,private
train,691,Ses01M_impro06_F013,Ses01F,2,private
train,692,Ses01M_impro06_F014,Ses01F,2,private
train,693,Ses01M_impro06_F015,Ses01F,2,private
train,694,Ses01M_impro06_F016,Ses01F,2,private
train,695,Ses01M_impro06_F017,Ses01F,2,private
train,696,Ses01M_impro06_F018,Ses01F,2,private
train,697,Ses01M_impro06_F019,Ses01F,2,private
train,698,Ses01M_impro06_F020,Ses01F,2,private
train,699,Ses01M_impro06_F021,Ses01F,2,private
train,700,Ses01M_impro06_F022,Ses01F,2,private
train,701,Ses01M_impro06_F023,Ses01F,2,private
train,702,Ses01M_impro06_F024,Ses01F,2,private
train,703,Ses01M_impro06_F025,Ses01F,2,private
train,704,Ses01M_impro06_F026,Ses01F,2,private
train,705,Ses01M_impro06_F027,Ses01F,2,private
train,706,Ses01M_impro06_F028,Ses01F,2,private
train,707,Ses01M_impro06_M000,Ses01M,3,private
train,708,Ses01M_impro06_M001,Ses01M,3,private
train,709,Ses01M_impro06_M002,Ses01M,3,private
train,710,Ses01M_impro06_M003,Ses01M,3,private
train,711,Ses01M_impro06_M004,Ses01M,3,private
train,712,Ses01M_impro06_M005,Ses01M,3,private
train,713,Ses01M_impro06_M006,Ses01M,3,private
train,714,Ses01M_impro06_M007,Ses01M,3,private
train,715,Ses01M_impro06_M008,Ses01M,3,private
train,716,Ses01M_impro06_M009,Ses01M,3,private
train,717,Ses01M_impro06_M010,Ses01M,3,private
train,718,Ses01M_impro06_M011,Ses01M,3,private
train,719,Ses01M_impro06_M012,Ses01M,3,private
train,720,Ses01M_impro06_M013,Ses01M,3,private
train,721,Ses01M_impro06_M014,Ses01M,3,private
train,722,Ses01M_impro06_M015,Ses01M,3,private
train,723,Ses01M_impro06_M016,Ses01M,3,private
train,724,Ses01M_impro06_M017,Ses01M,3,private
train,725,Ses01M_impro06_M018,Ses01M,3,private
train,726,Ses01M_impro06_M019,Ses01M,3,private
train,727,Ses01M_impro06_M020,Ses01M,3,private
train,728,Ses01M_impro06_M021,Ses01M,3,private
train,729,Ses01M_impro06_M022,Ses01M,3,private
train,730,Ses01M_impro06_M023,Ses01M,3,private
train,731,Ses01M_impro06_M024,Ses01M,3,private
train,732,Ses01M_impro06_M025,Ses01M,3,private
train,733,Ses01M_impro06_M026,Ses01M,3,private
train,734,Ses01M_impro06_M027,Ses01M,3,private
train,735,Ses01M_impro06_M028,Ses01M,3,private
train,736,Ses01M_impro06_M029,Ses01M,3,private
train,737,Ses01M_impro06_M030,Ses01M,3,private
train,738,Ses01M_impro07_F000,Ses01F,2,private
train,739,Ses01M_impro07_F001,Ses01F,1,private
train,740,Ses01M_impro07_F003,Ses01F,1,private
train,741,Ses01M_impro07_F004,Ses01F,1,private
train,742,Ses01M_impro07_F005,Ses01F,1,private
train,743,Ses01M_impro07_F006,Ses01F,1,private
train,744,Ses01M_impro07_F007,Ses01F,1,private
train,745,Ses01M_impro07_F008,Ses01F,1,private
train,746,Ses01M_impro07_F009,Ses01F,1,private
train,747,Ses01M_impro07_F010,Ses01F,2,private
train,748,Ses01M_impro07_F011,Ses01F,1,private
train,749,Ses01M_impro07_F012,Ses01F,2,private
train,750,Ses01M_impro07_F013,Ses01F,1,private
train,751,Ses01M_impro07_F014,Ses01F,1,private
train,752,Ses01M_impro07_F015,Ses01F,1,private
train,753,Ses01M_impro07_F016,Ses01F,1,private
train,754,Ses01M_impro07_F018,Ses01F,1,private
train,755,Ses01M_impro07_F020,Ses01F,2,private
train,756,Ses01M_impro07_F021,Ses01F,1,private
train,757,Ses01M_impro07_F022,Ses01F,1,private
train,758,Ses01M_impro07_F023,Ses01F,1,private
train,759,Ses01M_impro07_F024,Ses01F,1,private
train,760,Ses01M_impro07_F025,Ses01F,1,private
train,761,Ses01M_impro07_F026,Ses01F,1,private
train,762,Ses01M_impro07_F027,Ses01F,1,private
train,763,Ses01M_impro07_F033,Ses01F,1,private
train,764,Ses01M_impro07_F034,Ses01F,1,private
train,765,Ses01M_impro07_M000,Ses01M,1,private
train,766,Ses01M_impro07_M001,Ses01M,1,private
train,767,Ses01M_impro07_M002,Ses01M,1,private
train,768,Ses01M_impro07_M003,Ses01M,1,private
train,769,Ses01M_impro07_M004,Ses01M,1,private
train,770,Ses01M_impro07_M005,Ses01M,1,private
train,771,Ses01M_impro07_M006,Ses01M,1,private
train,772,Ses01M_impro07_M007,Ses01M,1,private
train,773,Ses01M_impro07_M008,Ses01M,1,private
train,774,Ses01M_impro07_M009,Ses01M,1,private
train,775,Ses01M_impro07_M010,Ses01M,1,private
train,776,Ses01M_impro07_M011,Ses01M,1,private
train,777,Ses01M_impro07_M013,Ses01M,1,private
train,778,Ses01M_impro07_M017,Ses01M,1,private
train,779,Ses01M_impro07_M018,Ses01M,1,private
train,780,Ses01M_impro07_M019,Ses01M,1,private
train,781,Ses01M_impro07_M020,Ses01M,2,private
train,782,Ses01M_impro07_M024,Ses01M,1,private
train,783,Ses01M_impro07_M026,Ses01M,2,private
train,784,Ses01M_impro07_M030,Ses01M,2,private
train,785,Ses01M_impro07_M032,Ses01M,1,private
train,786,Ses01M_impro07_M033,Ses01M,1,private
train,787,Ses01M_script01_1_F004,Ses01F,3,private
train,788,Ses01M_script01_1_F005,Ses01F,3,private
train,789,Ses01M_script01_1_F006,Ses01F,3,private
train,790,Ses01M_script01_1_F008,Ses01F,0,private
train,791,Ses01M_script01_1_F011,Ses01F,0,private
train,792,Ses01M_script01_1_F014,Ses01F,0,private
train,793,Ses01M_script01_1_F015,Ses01F,0,private
train,794,Ses01M_script01_1_F016,Ses01F,0,private
train,795,Ses01M_script01_1_F017,Ses01F,0,private
train,796,Ses01M_script01_1_F020,Ses01F,0,private
train,797,Ses01M_script01_1_F023,Ses01F,0,private
train,798,Ses01M_script01_1_F024,Ses01F,0,private
train,799,Ses01M_script01_1_F025,Ses01F,2,private
train,800,Ses01M_script01_1_F026,Ses01F,2,private
train,801,Ses01M_script01_1_F029,Ses01F,0,private
train,802,Ses01M_script01_1_F030,Ses01F,0,private
train,803,Ses01M_script01_1_F031,Ses01F,3,private
train,804,Ses01M_script01_1_F032,Ses01F,0,private
train,805,Ses01M_script01_1_F035,Ses01F,0,private
train,806,Ses01M_script01_1_F036,Ses01F,0,private
train,807,Ses01M_script01_1_F037,Ses01F,0,private
train,808,Ses01M_script01_1_F039,Ses01F,0,private
train,809,Ses01M_script01_1_F040,Ses01F,0,private
train,810,Ses01M_script01_1_F041,Ses01F,0,private
train,811,Ses01M_script01_1_F042,Ses01F,0,private
train,812,Ses01M_script01_1_F043,Ses01F,0,private
train,813,Ses01M_script01_1_M000,Ses01M,2,private
train,814,Ses01M_script01_1_M002,Ses01M,2,private
train,815,Ses01M_script01_1_M003,Ses01M,3,private
train,816,Ses01M_script01_1_M004,Ses01M,3,private
train,817,Ses01M_script01_1_M005,Ses01M,3,private
train,818,Ses01M_script01_1_M006,Ses01M,3,private
train,819,Ses01M_script01_1_M007,Ses01M,3,private
train,820,Ses01M_script01_1_M017,Ses01M,2,private
train,821,Ses01M_script01_1_M020,Ses01M,0,private
train,822,Ses01M_script01_1_M021,Ses01M,0,private
train,823,Ses01M_script01_1_M023,Ses01M,0,private
train,824,Ses01M_script01_1_M024,Ses01M,3,private
train,825,Ses01M_script01_1_M034,Ses01M,0,private
train,826,Ses01M_script01_1_M035,Ses01M,0,private
train,827,Ses01M_script01_1_M037,Ses01M,2,private
train,828,Ses01M_script01_1_M038,Ses01M,3,private
train,829,Ses01M_script01_1_M040,Ses01M,3,private
train,830,Ses01M_script01_1_M041,Ses01M,0,private
train,831,Ses01M_script01_1_M042,Ses01M,3,private
train,832,Ses01M_script01_2_F000,Ses01F,0,private
train,833,Ses01M_script01_2_F001,Ses01F,0,private
train,834,Ses01M_script01_2_F004,Ses01F,0,private
train,835,Ses01M_script01_2_F005,Ses01F,0,private
train,836,Ses01M_script01_2_F009,Ses01F,0,private
train,837,Ses01M_script01_2_F011,Ses01F,0,private
train,838,Ses01M_script01_2_F012,Ses01F,0,private
train,839,Ses01M_script01_2_F013,Ses01F,0,private
train,840,Ses01M_script01_2_M000,Ses01M,2,private
train,841,Ses01M_script01_2_M001,Ses01M,2,private
train,842,Ses01M_script01_2_M007,Ses01M,2,private
train,843,Ses01M_script01_2_M015,Ses01M,0,private
train,844,Ses01M_script01_2_M016,Ses01M,0,private
train,845,Ses01M_script01_2_M017,Ses01M,0,private
train,846,Ses01M_script01_3_F000,Ses01F,2,private
train,847,Ses01M_script01_3_F001,Ses01F,2,private
train,848,Ses01M_script01_3_F003,Ses01F,3,private
train,849,Ses01M_script01_3_F004,Ses01F,2,private
train,850,Ses01M_script01_3_F005,Ses01F,3,private
train,851,Ses01M_script01_3_F006,Ses01F,3,private
train,852,Ses01M_script01_3_F008,Ses01F,2,private
train,853,Ses01M_script01_3_F012,Ses01F,2,private
train,854,Ses01M_script01_3_F014,Ses01F,1,private
train,855,Ses01M_script01_3_F015,Ses01F,1,private
train,856,Ses01M_script01_3_F016,Ses01F,1,private
train,857,Ses01M_script01_3_F018,Ses01F,3,private
train,858,Ses01M_script01_3_F019,Ses01F,3,private
train,859,Ses01M_script01_3_F021,Ses01F,3,private
train,860,Ses01M_script01_3_F022,Ses01F,3,private
train,861,Ses01M_script01_3_F023,Ses01F,3,private
train,862,Ses01M_script01_3_F024,Ses01F,3,private
train,863,Ses01M_script01_3_F025,Ses01F,3,private
train,864,Ses01M_script01_3_F026,Ses01F,3,private
train,865,Ses01M_script01_3_F030,Ses01F,1,private
train,866,Ses01M_script01_3_M000,Ses01M,1,private
train,867,Ses01M_script01_3_M001,Ses01M,1,private
train,868,Ses01M_script01_3_M002,Ses01M,3,private
train,869,Ses01M_script01_3_M004,Ses01M,2,private
train,870,Ses01M_script01_3_M006,Ses01M,2,private
train,871,Ses01M_script01_3_M007,Ses01M,2,private
train,872,Ses01M_script01_3_M009,Ses01M,1,private
train,873,Ses01M_script01_3_M014,Ses01M,2,private
train,874,Ses01M_script01_3_M016,Ses01M,1,private
train,875,Ses01M_script01_3_M018,Ses01M,1,private
train,876,Ses01M_script01_3_M019,Ses01M,1,private
train,877,Ses01M_script01_3_M020,Ses01M,3,private
train,878,Ses01M_script01_3_M021,Ses01M,3,private
train,879,Ses01M_script01_3_M022,Ses01M,3,private
train,880,Ses01M_script01_3_M023,Ses01M,3,private
train,881,Ses01M_script01_3_M024,Ses01M,3,private
train,882,Ses01M_script01_3_M025,Ses01M,3,private
train,883,Ses01M_script01_3_M026,Ses01M,3,private
train,884,Ses01M_script01_3_M027,Ses01M,3,private
train,885,Ses01M_script01_3_M028,Ses01M,3,private
train,886,Ses01M_script01_3_M029,Ses01M,3,private
train,887,Ses01M_script01_3_M030,Ses01M,3,private
train,888,Ses01M_script01_3_M031,Ses01M,3,private
train,889,Ses01M_script01_3_M032,Ses01M,3,private
train,890,Ses01M_script01_3_M033,Ses01M,3,private
train,891,Ses01M_script01_3_M034,Ses01M,3,private
train,892,Ses01M_script01_3_M035,Ses01M,3,private
train,893,Ses01M_script01_3_M036,Ses01M,3,private
train,894,Ses01M_script01_3_M037,Ses01M,3,private
train,895,Ses01M_script01_3_M038,Ses01M,3,private
train,896,Ses01M_script01_3_M039,Ses01M,3,private
train,897,Ses01M_script01_3_M040,Ses01M,3,private
train,898,Ses01M_script01_3_M041,Ses01M,3,private
train,899,Ses01M_script01_3_M043,Ses01M,1,private
train,900,Ses01M_script02_1_F005,Ses01F,0,private
train,901,Ses01M_script02_1_F007,Ses01F,2,private
train,902,Ses01M_script02_1_F008,Ses01F,2,private
train,903,Ses01M_script02_1_F009,Ses01F,1,private
train,904,Ses01M_script02_1_F014,Ses01F,0,private
train,905,Ses01M_script02_1_F017,Ses01F,0,private
train,906,Ses01M_script02_1_F021,Ses01F,0,private
train,907,Ses01M_script02_1_F022,Ses01F,0,private
train,908,Ses01M_script02_1_F023,Ses01F,0,private
train,909,Ses01M_script02_1_M000,Ses01M,1,private
train,910,Ses01M_script02_1_M001,Ses01M,1,private
train,911,Ses01M_script02_1_M002,Ses01M,1,private
train,912,Ses01M_script02_1_M004,Ses01M,1,private
train,913,Ses01M_script02_1_M005,Ses01M,1,private
train,914,Ses01M_script02_1_M007,Ses01M,2,private
train,915,Ses01M_script02_1_M009,Ses01M,2,private
train,916,Ses01M_script02_1_M010,Ses01M,2,private
train,917,Ses01M_script02_1_M011,Ses01M,2,private
train,918,Ses01M_script02_1_M014,Ses01M,1,private
train,919,Ses01M_script02_1_M016,Ses01M,1,private
train,920,Ses01M_script02_1_M017,Ses01M,1,private
train,921,Ses01M_script02_1_M022,Ses01M,2,private
train,922,Ses01M_script02_1_M023,Ses01M,2,private
train,923,Ses01M_script02_1_M028,Ses01M,0,private
train,924,Ses01M_script02_1_M030,Ses01M,2,private
train,925,Ses01M_script02_1_M031,Ses01M,1,private
train,926,Ses01M_script02_1_M032,Ses01M,1,private
train,927,Ses01M_script02_1_M037,Ses01M,2,private
train,928,Ses01M_script02_1_M039,Ses01M,2,private
train,929,Ses01M_script02_1_M040,Ses01M,1,private
train,930,Ses01M_script02_1_M041,Ses01M,1,private
train,931,Ses01M_script02_1_M042,Ses01M,1,private
train,932,Ses01M_script02_1_M043,Ses01M,1,private
train,933,Ses01M_script02_1_M044,Ses01M,1,private
train,934,Ses01M_script02_1_M045,Ses01M,1,private
train,935,Ses01M_script02_1_M046,Ses01M,1,private
train,936,Ses01M_script02_2_F000,Ses01F,2,private
train,937,Ses01M_script02_2_F010,Ses01F,0,private
train,938,Ses01M_script02_2_F011,Ses01F,0,private
train,939,Ses01M_script02_2_F013,Ses01F,0,private
train,940,Ses01M_script02_2_F014,Ses01F,0,private
train,941,Ses01M_script02_2_F015,Ses01F,0,private
train,942,Ses01M_script02_2_F016,Ses01F,0,private
train,943,Ses01M_script02_2_F019,Ses01F,2,private
train,944,Ses01M_script02_2_F022,Ses01F,3,private
train,945,Ses01M_script02_2_F024,Ses01F,3,private
train,946,Ses01M_script02_2_F025,Ses01F,3,private
train,947,Ses01M_script02_2_F026,Ses01F,3,private
train,948,Ses01M_script02_2_F030,Ses01F,0,private
train,949,Ses01M_script02_2_F031,Ses01F,0,private
train,950,Ses01M_script02_2_F032,Ses01F,0,private
train,951,Ses01M_script02_2_F033,Ses01F,3,private
train,952,Ses01M_script02_2_F034,Ses01F,3,private
train,953,Ses01M_script02_2_F035,Ses01F,3,private
train,954,Ses01M_script02_2_F036,Ses01F,3,private
train,955,Ses01M_script02_2_F037,Ses01F,3,private
train,956,Ses01M_script02_2_F040,Ses01F,3,private
train,957,Ses01M_script02_2_F044,Ses01F,1,private
train,958,Ses01M_script02_2_F045,Ses01F,1,private
train,959,Ses01M_script02_2_F046,Ses01F,3,private
train,960,Ses01M_script02_2_F047,Ses01F,2,private
train,961,Ses01M_script02_2_M001,Ses01M,1,private
train,962,Ses01M_script02_2_M002,Ses01M,1,private
train,963,Ses01M_script02_2_M003,Ses01M,1,private
train,964,Ses01M_script02_2_M008,Ses01M,2,private
train,965,Ses01M_script02_2_M013,Ses01M,2,private
train,966,Ses01M_script02_2_M019,Ses01M,2,private
train,967,Ses01M_script02_2_M020,Ses01M,2,private
train,968,Ses01M_script02_2_M021,Ses01M,2,private
train,969,Ses01M_script02_2_M022,Ses01M,2,private
train,970,Ses01M_script02_2_M023,Ses01M,2,private
train,971,Ses01M_script02_2_M025,Ses01M,2,private
train,972,Ses01M_script02_2_M027,Ses01M,2,private
train,973,Ses01M_script02_2_M028,Ses01M,2,private
train,974,Ses01M_script02_2_M029,Ses01M,2,private
train,975,Ses01M_script02_2_M030,Ses01M,2,private
train,976,Ses01M_script02_2_M033,Ses01M,0,private
train,977,Ses01M_script02_2_M035,Ses01M,0,private
train,978,Ses01M_script02_2_M037,Ses01M,3,private
train,979,Ses01M_script02_2_M038,Ses01M,3,private
train,980,Ses01M_script02_2_M039,Ses01M,2,private
train,981,Ses01M_script02_2_M040,Ses01M,2,private
train,982,Ses01M_script02_2_M041,Ses01M,3,private
train,983,Ses01M_script02_2_M042,Ses01M,3,private
train,984,Ses01M_script02_2_M043,Ses01M,3,private
train,985,Ses01M_script02_2_M044,Ses01M,3,private
train,986,Ses01M_script02_2_M045,Ses01M,3,private
train,987,Ses01M_script02_2_M049,Ses01M,1,private
train,988,Ses01M_script02_2_M050,Ses01M,2,private
train,989,Ses01M_script02_2_M051,Ses01M,2,private
train,990,Ses01M_script02_2_M052,Ses01M,1,private
train,991,Ses01M_script02_2_M053,Ses01M,1,private
train,992,Ses01M_script02_2_M054,Ses01M,2,private
train,993,Ses01M_script03_1_F003,Ses01F,1,private
train,994,Ses01M_script03_1_F004,Ses01F,1,private
train,995,Ses01M_script03_1_F007,Ses01F,1,private
train,996,Ses01M_script03_1_F008,Ses01F,1,private
train,997,Ses01M_script03_1_F009,Ses01F,1,private
train,998,Ses01M_script03_1_F010,Ses01F,1,private
train,999,Ses01M_script03_1_F011,Ses01F,1,private
train,1000,Ses01M_script03_1_F014,Ses01F,1,private
train,1001,Ses01M_script03_1_F015,Ses01F,1,private
train,1002,Ses01M_script03_1_F017,Ses01F,1,private
train,1003,Ses01M_script03_1_F018,Ses01F,1,private
train,1004,Ses01M_script03_1_F019,Ses01F,1,private
train,1005,Ses01M_script03_1_F021,Ses01F,1,private
train,1006,Ses01M_script03_1_F024,Ses01F,1,private
train,1007,Ses01M_script03_1_F030,Ses01F,1,private
train,1008,Ses01M_script03_1_F031,Ses01F,1,private
train,1009,Ses01M_script03_1_F034,Ses01F,1,private
train,1010,Ses01M_script03_1_F036,Ses01F,1,private
train,1011,Ses01M_script03_1_F037,Ses01F,1,private
train,1012,Ses01M_script03_1_F038,Ses01F,1,private
train,1013,Ses01M_script03_1_F039,Ses01F,1,private
train,1014,Ses01M_script03_1_F040,Ses01F,1,private
train,1015,Ses01M_script03_1_F041,Ses01F,1,private
train,1016,Ses01M_script03_1_M004,Ses01M,1,private
train,1017,Ses01M_script03_1_M010,Ses01M,1,private
train,1018,Ses01M_script03_1_M011,Ses01M,1,private
train,1019,Ses01M_script03_1_M012,Ses01M,1,private
train,1020,Ses01M_script03_1_M013,Ses01M,1,private
train,1021,Ses01M_script03_1_M014,Ses01M,3,private
train,1022,Ses01M_script03_1_M016,Ses01M,1,private
train,1023,Ses01M_script03_1_M017,Ses01M,1,private
train,1024,Ses01M_script03_1_M019,Ses01M,1,private
train,1025,Ses01M_script03_1_M021,Ses01M,1,private
train,1026,Ses01M_script03_1_M022,Ses01M,1,private
train,1027,Ses01M_script03_1_M028,Ses01M,1,private
train,1028,Ses01M_script03_1_M029,Ses01M,1,private
train,1029,Ses01M_script03_1_M030,Ses01M,1,private
train,1030,Ses01M_script03_1_M031,Ses01M,1,private
train,1031,Ses01M_script03_1_M033,Ses01M,1,private
train,1032,Ses01M_script03_1_M037,Ses01M,1,private
train,1033,Ses01M_script03_1_M039,Ses01M,1,private
train,1034,Ses01M_script03_1_M040,Ses01M,1,private
train,1035,Ses01M_script03_1_M041,Ses01M,1,private
train,1036,Ses01M_script03_2_F006,Ses01F,2,private
train,1037,Ses01M_script03_2_F010,Ses01F,2,private
train,1038,Ses01M_script03_2_F011,Ses01F,0,private
train,1039,Ses01M_script03_2_F015,Ses01F,0,private
train,1040,Ses01M_script03_2_F017,Ses01F,0,private
train,1041,Ses01M_script03_2_F022,Ses01F,0,private
train,1042,Ses01M_script03_2_F023,Ses01F,0,private
train,1043,Ses01M_script03_2_F024,Ses01F,0,private
train,1044,Ses01M_script03_2_F025,Ses01F,0,private
train,1045,Ses01M_script03_2_F026,Ses01F,0,private
train,1046,Ses01M_script03_2_F027,Ses01F,0,private
train,1047,Ses01M_script03_2_F028,Ses01F,0,private
train,1048,Ses01M_script03_2_F029,Ses01F,0,private
train,1049,Ses01M_script03_2_F030,Ses01F,0,private
train,1050,Ses01M_script03_2_F031,Ses01F,0,private
train,1051,Ses01M_script03_2_F033,Ses01F,0,private
train,1052,Ses01M_script03_2_F034,Ses01F,0,private
train,1053,Ses01M_script03_2_F035,Ses01F,0,private
train,1054,Ses01M_script03_2_F036,Ses01F,0,private
train,1055,Ses01M_script03_2_F037,Ses01F,0,private
train,1056,Ses01M_script03_2_F038,Ses01F,0,private
train,1057,Ses01M_script03_2_F039,Ses01F,0,private
train,1058,Ses01M_script03_2_F040,Ses01F,0,private
train,1059,Ses01M_script03_2_F041,Ses01F,0,private
train,1060,Ses01M_script03_2_M012,Ses01M,2,private
train,1061,Ses01M_script03_2_M013,Ses01M,2,private
train,1062,Ses01M_script03_2_M018,Ses01M,2,private
train,1063,Ses01M_script03_2_M022,Ses01M,0,private
train,1064,Ses01M_script03_2_M023,Ses01M,0,private
train,1065,Ses01M_script03_2_M024,Ses01M,0,private
train,1066,Ses01M_script03_2_M025,Ses01M,0,private
train,1067,Ses01M_script03_2_M026,Ses01M,0,private
train,1068,Ses01M_script03_2_M027,Ses01M,0,private
train,1069,Ses01M_script03_2_M028,Ses01M,0,private
train,1070,Ses01M_script03_2_M029,Ses01M,0,private
train,1071,Ses01M_script03_2_M030,Ses01M,0,private
train,1072,Ses01M_script03_2_M031,Ses01M,0,private
train,1073,Ses01M_script03_2_M032,Ses01M,0,private
train,1074,Ses01M_script03_2_M033,Ses01M,0,private
train,1075,Ses01M_script03_2_M034,Ses01M,0,private
train,1076,Ses01M_script03_2_M035,Ses01M,0,private
train,1077,Ses01M_script03_2_M036,Ses01M,0,private
train,1078,Ses01M_script03_2_M037,Ses01M,0,private
train,1079,Ses01M_script03_2_M038,Ses01M,0,private
train,1080,Ses01M_script03_2_M039,Ses01M,0,private
train,1081,Ses01M_script03_2_M040,Ses01M,0,private
train,1082,Ses01M_script03_2_M041,Ses01M,0,private
train,1083,Ses01M_script03_2_M042,Ses01M,0,private
train,1084,Ses01M_script03_2_M043,Ses01M,0,private
train,1085,Ses02F_impro01_F000,Ses02F,2,private
train,1086,Ses02F_impro01_F018,Ses02F,0,private
train,1087,Ses02F_impro01_F019,Ses02F,0,private
train,1088,Ses02F_impro01_F020,Ses02F,0,private
train,1089,Ses02F_impro01_F021,Ses02F,0,private
train,1090,Ses02F_impro01_M000,Ses02M,2,private
train,1091,Ses02F_impro01_M001,Ses02M,2,private
train,1092,Ses02F_impro01_M002,Ses02M,2,private
train,1093,Ses02F_impro01_M004,Ses02M,2,private
train,1094,Ses02F_impro01_M017,Ses02M,0,private
train,1095,Ses02F_impro01_M019,Ses02M,0,private
train,1096,Ses02F_impro02_F000,Ses02F,3,private
train,1097,Ses02F_impro02_F001,Ses02F,3,private
train,1098,Ses02F_impro02_F002,Ses02F,3,private
train,1099,Ses02F_impro02_F003,Ses02F,3,private
train,1100,Ses02F_impro02_F004,Ses02F,3,private
train,1101,Ses02F_impro02_F005,Ses02F,3,private
train,1102,Ses02F_impro02_F006,Ses02F,3,private
train,1103,Ses02F_impro02_F007,Ses02F,3,private
train,1104,Ses02F_impro02_F008,Ses02F,3,private
train,1105,Ses02F_impro02_F009,Ses02F,3,private
train,1106,Ses02F_impro02_F010,Ses02F,3,private
train,1107,Ses02F_impro02_F011,Ses02F,3,private
train,1108,Ses02F_impro02_F012,Ses02F,3,private
train,1109,Ses02F_impro02_F013,Ses02F,3,private
train,1110,Ses02F_impro02_M007,Ses02M,3,private
train,1111,Ses02F_impro02_M012,Ses02M,3,private
train,1112,Ses02F_impro03_F000,Ses02F,1,private
train,1113,Ses02F_impro03_F001,Ses02F,1,private
train,1114,Ses02F_impro03_F004,Ses02F,1,private
train,1115,Ses02F_impro03_F009,Ses02F,1,private
train,1116,Ses02F_impro03_F011,Ses02F,1,private
train,1117,Ses02F_impro03_F012,Ses02F,1,private
train,1118,Ses02F_impro03_F013,Ses02F,1,private
train,1119,Ses02F_impro03_F014,Ses02F,1,private
train,1120,Ses02F_impro03_F015,Ses02F,1,private
train,1121,Ses02F_impro03_F016,Ses02F,1,private
train,1122,Ses02F_impro03_F017,Ses02F,1,private
train,1123,Ses02F_impro03_F018,Ses02F,1,private
train,1124,Ses02F_impro03_F019,Ses02F,1,private
train,1125,Ses02F_impro03_F021,Ses02F,1,private
train,1126,Ses02F_impro03_F023,Ses02F,1,private
train,1127,Ses02F_impro03_F024,Ses02F,1,private
train,1128,Ses02F_impro03_F026,Ses02F,1,private
train,1129,Ses02F_impro03_F027,Ses02F,1,private
train,1130,Ses02F_impro03_F028,Ses02F,1,private
train,1131,Ses02F_impro03_F029,Ses02F,1,private
train,1132,Ses02F_impro03_F030,Ses02F,1,private
train,1133,Ses02F_impro03_M001,Ses02M,2,private
train,1134,Ses02F_impro03_M004,Ses02M,1,private
train,1135,Ses02F_impro03_M005,Ses02M,1,private
train,1136,Ses02F_impro03_M009,Ses02M,1,private
train,1137,Ses02F_impro03_M010,Ses02M,1,private
train,1138,Ses02F_impro03_M011,Ses02M,1,private
train,1139,Ses02F_impro03_M012,Ses02M,1,private
train,1140,Ses02F_impro03_M013,Ses02M,2,private
train,1141,Ses02F_impro03_M014,Ses02M,2,private
train,1142,Ses02F_impro03_M015,Ses02M,2,private
train,1143,Ses02F_impro03_M016,Ses02M,2,private
train,1144,Ses02F_impro03_M017,Ses02M,2,private
train,1145,Ses02F_impro03_M018,Ses02M,2,private
train,1146,Ses02F_impro03_M019,Ses02M,1,private
train,1147,Ses02F_impro03_M020,Ses02M,1,private
train,1148,Ses02F_impro03_M022,Ses02M,1,private
train,1149,Ses02F_impro03_M023,Ses02M,1,private
train,1150,Ses02F_impro03_M024,Ses02M,1,private
train,1151,Ses02F_impro03_M025,Ses02M,1,private
train,1152,Ses02F_impro03_M026,Ses02M,1,private
train,1153,Ses02F_impro04_F009,Ses02F,3,private
train,1154,Ses02F_impro04_F016,Ses02F,3,private
train,1155,Ses02F_impro04_M000,Ses02M,2,private
train,1156,Ses02F_impro04_M001,Ses02M,2,private
train,1157,Ses02F_impro04_M003,Ses02M,2,private
train,1158,Ses02F_impro04_M004,Ses02M,2,private
train,1159,Ses02F_impro04_M005,Ses02M,2,private
train,1160,Ses02F_impro04_M006,Ses02M,2,private
train,1161,Ses02F_impro04_M007,Ses02M,2,private
train,1162,Ses02F_impro04_M008,Ses02M,2,private
train,1163,Ses02F_impro04_M009,Ses02M,2,private
train,1164,Ses02F_impro04_M010,Ses02M,2,private
train,1165,Ses02F_impro04_M011,Ses02M,2,private
train,1166,Ses02F_impro04_M012,Ses02M,2,private
train,1167,Ses02F_impro04_M013,Ses02M,2,private
train,1168,Ses02F_impro04_M015,Ses02M,2,private
train,1169,Ses02F_impro04_M016,Ses02M,2,private
train,1170,Ses02F_impro04_M017,Ses02M,2,private
train,1171,Ses02F_impro04_M018,Ses02M,2,private
train,1172,Ses02F_impro04_M019,Ses02M,2,private
train,1173,Ses02F_impro05_F000,Ses02F,2,private
train,1174,Ses02F_impro05_F001,Ses02F,2,private
train,1175,Ses02F_impro05_F004,Ses02F,2,private
train,1176,Ses02F_impro05_F006,Ses02F,0,private
train,1177,Ses02F_impro05_F010,Ses02F,0,private
train,1178,Ses02F_impro05_F019,Ses02F,0,private
train,1179,Ses02F_impro05_M000,Ses02M,2,private
train,1180,Ses02F_impro05_M001,Ses02M,2,private
train,1181,Ses02F_impro05_M002,Ses02M,2,private
train,1182,Ses02F_impro05_M003,Ses02M,2,private
train,1183,Ses02F_impro05_M004,Ses02M,2,private
train,1184,Ses02F_impro05_M005,Ses02M,2,private
train,1185,Ses02F_impro05_M006,Ses02M,2,private
train,1186,Ses02F_impro05_M007,Ses02M,2,private
train,1187,Ses02F_impro05_M008,Ses02M,2,private
train,1188,Ses02F_impro05_M009,Ses02M,2,private
train,1189,Ses02F_impro05_M010,Ses02M,2,private
train,1190,Ses02F_impro05_M011,Ses02M,2,private
train,1191,Ses02F_impro05_M012,Ses02M,2,private
train,1192,Ses02F_impro05_M013,Ses02M,2,private
train,1193,Ses02F_impro05_M014,Ses02M,2,private
train,1194,Ses02F_impro05_M015,Ses02M,2,private
train,1195,Ses02F_impro05_M016,Ses02M,2,private
train,1196,Ses02F_impro05_M017,Ses02M,2,private
train,1197,Ses02F_impro05_M018,Ses02M,2,private
train,1198,Ses02F_impro05_M019,Ses02M,2,private
train,1199,Ses02F_impro05_M020,Ses02M,2,private
train,1200,Ses02F_impro05_M021,Ses02M,2,private
train,1201,Ses02F_impro06_F000,Ses02F,3,private
train,1202,Ses02F_impro06_F001,Ses02F,3,private
train,1203,Ses02F_impro06_F002,Ses02F,3,private
train,1204,Ses02F_impro06_F003,Ses02F,3,private
train,1205,Ses02F_impro06_F004,Ses02F,3,private
train,1206,Ses02F_impro06_F005,Ses02F,3,private
train,1207,Ses02F_impro06_F006,Ses02F,3,private
train,1208,Ses02F_impro06_F007,Ses02F,3,private
train,1209,Ses02F_impro06_F008,Ses02F,3,private
train,1210,Ses02F_impro06_F009,Ses02F,3,private
train,1211,Ses02F_impro06_F010,Ses02F,3,private
train,1212,Ses02F_impro06_F011,Ses02F,3,private
train,1213,Ses02F_impro06_F012,Ses02F,3,private
train,1214,Ses02F_impro06_F013,Ses02F,3,private
train,1215,Ses02F_impro06_F014,Ses02F,3,private
train,1216,Ses02F_impro06_M000,Ses02M,2,private
train,1217,Ses02F_impro06_M001,Ses02M,2,private
train,1218,Ses02F_impro06_M002,Ses02M,2,private
train,1219,Ses02F_impro06_M003,Ses02M,2,private
train,1220,Ses02F_impro06_M004,Ses02M,2,private
train,1221,Ses02F_impro06_M005,Ses02M,2,private
train,1222,Ses02F_impro06_M006,Ses02M,2,private
train,1223,Ses02F_impro06_M007,Ses02M,2,private
train,1224,Ses02F_impro06_M008,Ses02M,2,private
train,1225,Ses02F_impro06_M009,Ses02M,2,private
train,1226,Ses02F_impro06_M010,Ses02M,2,private
train,1227,Ses02F_impro06_M011,Ses02M,2,private
train,1228,Ses02F_impro06_M012,Ses02M,2,private
train,1229,Ses02F_impro06_M013,Ses02M,2,private
train,1230,Ses02F_impro06_M014,Ses02M,2,private
train,1231,Ses02F_impro06_M015,Ses02M,2,private
train,1232,Ses02F_impro06_M016,Ses02M,2,private
train,1233,Ses02F_impro06_M017,Ses02M,2,private
train,1234,Ses02F_impro06_M018,Ses02M,2,private
train,1235,Ses02F_impro06_M019,Ses02M,2,private
train,1236,Ses02F_impro07_F001,Ses02F,1,private
train,1237,Ses02F_impro07_F002,Ses02F,1,private
train,1238,Ses02F_impro07_F003,Ses02F,1,private
train,1239,Ses02F_impro07_F004,Ses02F,1,private
train,1240,Ses02F_impro07_F005,Ses02F,1,private
train,1241,Ses02F_impro07_F006,Ses02F,1,private
train,1242,Ses02F_impro07_F007,Ses02F,1,private
train,1243,Ses02F_impro07_F008,Ses02F,1,private
train,1244,Ses02F_impro07_F009,Ses02F,1,private
train,1245,Ses02F_impro07_F010,Ses02F,1,private
train,1246,Ses02F_impro07_F011,Ses02F,1,private
train,1247,Ses02F_impro07_F012,Ses02F,1,private
train,1248,Ses02F_impro07_F013,Ses02F,1,private
train,1249,Ses02F_impro07_F014,Ses02F,1,private
train,1250,Ses02F_impro07_F015,Ses02F,1,private
train,1251,Ses02F_impro07_F016,Ses02F,1,private
train,1252,Ses02F_impro07_F017,Ses02F,1,private
train,1253,Ses02F_impro07_F018,Ses02F,1,private
train,1254,Ses02F_impro07_F019,Ses02F,1,private
train,1255,Ses02F_impro07_F020,Ses02F,1,private
train,1256,Ses02F_impro07_F021,Ses02F,1,private
train,1257,Ses02F_impro07_F022,Ses02F,1,private
train,1258,Ses02F_impro07_F023,Ses02F,1,private
train,1259,Ses02F_impro07_F024,Ses02F,1,private
train,1260,Ses02F_impro07_F025,Ses02F,1,private
train,1261,Ses02F_impro07_F026,Ses02F,1,private
train,1262,Ses02F_impro07_F027,Ses02F,1,private
train,1263,Ses02F_impro07_F028,Ses02F,1,private
train,1264,Ses02F_impro07_F029,Ses02F,1,private
train,1265,Ses02F_impro07_F030,Ses02F,1,private
train,1266,Ses02F_impro07_F031,Ses02F,1,private
train,1267,Ses02F_impro07_F032,Ses02F,1,private
train,1268,Ses02F_impro07_F033,Ses02F,1,private
train,1269,Ses02F_impro07_F034,Ses02F,1,private
train,1270,Ses02F_impro07_F035,Ses02F,1,private
train,1271,Ses02F_impro07_F036,Ses02F,1,private
train,1272,Ses02F_impro07_F037,Ses02F,1,private
train,1273,Ses02F_impro07_M000,Ses02M,2,private
train,1274,Ses02F_impro07_M001,Ses02M,1,private
train,1275,Ses02F_impro07_M002,Ses02M,1,private
train,1276,Ses02F_impro07_M003,Ses02M,1,private
train,1277,Ses02F_impro07_M004,Ses02M,1,private
train,1278,Ses02F_impro07_M005,Ses02M,1,private
train,1279,Ses02F_impro07_M006,Ses02M,1,private
train,1280,Ses02F_impro07_M007,Ses02M,1,private
train,1281,Ses02F_impro07_M008,Ses02M,1,private
train,1282,Ses02F_impro07_M009,Ses02M,1,private
train,1283,Ses02F_impro07_M010,Ses02M,1,private
train,1284,Ses02F_impro07_M011,Ses02M,1,private
train,1285,Ses02F_impro07_M016,Ses02M,2,private
train,1286,Ses02F_impro07_M017,Ses02M,1,private
train,1287,Ses02F_impro07_M018,Ses02M,1,private
train,1288,Ses02F_impro07_M019,Ses02M,1,private
train,1289,Ses02F_impro07_M023,Ses02M,1,private
train,1290,Ses02F_impro07_M027,Ses02M,1,private
train,1291,Ses02F_impro07_M028,Ses02M,1,private
train,1292,Ses02F_impro07_M029,Ses02M,1,private
train,1293,Ses02F_impro07_M034,Ses02M,1,private
train,1294,Ses02F_impro08_F000,Ses02F,2,private
train,1295,Ses02F_impro08_F001,Ses02F,2,private
train,1296,Ses02F_impro08_F002,Ses02F,2,private
train,1297,Ses02F_impro08_F003,Ses02F,2,private
train,1298,Ses02F_impro08_F004,Ses02F,2,private
train,1299,Ses02F_impro08_F005,Ses02F,2,private
train,1300,Ses02F_impro08_F006,Ses02F,2,private
train,1301,Ses02F_impro08_F007,Ses02F,2,private
train,1302,Ses02F_impro08_F008,Ses02F,2,private
train,1303,Ses02F_impro08_F009,Ses02F,2,private
train,1304,Ses02F_impro08_F010,Ses02F,2,private
train,1305,Ses02F_impro08_F011,Ses02F,2,private
train,1306,Ses02F_impro08_F012,Ses02F,2,private
train,1307,Ses02F_impro08_F013,Ses02F,2,private
train,1308,Ses02F_impro08_F014,Ses02F,2,private
train,1309,Ses02F_impro08_F015,Ses02F,2,private
train,1310,Ses02F_impro08_F016,Ses02F,2,private
train,1311,Ses02F_impro08_F017,Ses02F,2,private
train,1312,Ses02F_impro08_F018,Ses02F,2,private
train,1313,Ses02F_impro08_F019,Ses02F,2,private
train,1314,Ses02F_impro08_F020,Ses02F,2,private
train,1315,Ses02F_impro08_F021,Ses02F,2,private
train,1316,Ses02F_impro08_F022,Ses02F,2,private
train,1317,Ses02F_impro08_F023,Ses02F,2,private
train,1318,Ses02F_impro08_F024,Ses02F,2,private
train,1319,Ses02F_impro08_F025,Ses02F,2,private
train,1320,Ses02F_impro08_F026,Ses02F,2,private
train,1321,Ses02F_impro08_F027,Ses02F,2,private
train,1322,Ses02F_impro08_M003,Ses02M,2,private
train,1323,Ses02F_impro08_M005,Ses02M,2,private
train,1324,Ses02F_impro08_M006,Ses02M,2,private
train,1325,Ses02F_impro08_M007,Ses02M,2,private
train,1326,Ses02F_impro08_M008,Ses02M,2,private
train,1327,Ses02F_impro08_M009,Ses02M,2,private
train,1328,Ses02F_impro08_M010,Ses02M,2,private
train,1329,Ses02F_impro08_M011,Ses02M,2,private
train,1330,Ses02F_impro08_M012,Ses02M,2,private
train,1331,Ses02F_impro08_M013,Ses02M,2,private
train,1332,Ses02F_impro08_M015,Ses02M,2,private
train,1333,Ses02F_impro08_M016,Ses02M,2,private
train,1334,Ses02F_impro08_M018,Ses02M,2,private
train,1335,Ses02F_impro08_M019,Ses02M,2,private
train,1336,Ses02F_script01_1_F004,Ses02F,3,private
train,1337,Ses02F_script01_1_F005,Ses02F,3,private
train,1338,Ses02F_script01_1_F006,Ses02F,3,private
train,1339,Ses02F_script01_1_F017,Ses02F,3,private
train,1340,Ses02F_script01_1_F018,Ses02F,2,private
train,1341,Ses02F_script01_1_F019,Ses02F,0,private
train,1342,Ses02F_script01_1_F021,Ses02F,2,private
train,1343,Ses02F_script01_1_F025,Ses02F,2,private
train,1344,Ses02F_script01_1_F026,Ses02F,2,private
train,1345,Ses02F_script01_1_F027,Ses02F,2,private
train,1346,Ses02F_script01_1_F028,Ses02F,3,private
train,1347,Ses02F_script01_1_F036,Ses02F,0,private
train,1348,Ses02F_script01_1_F037,Ses02F,0,private
train,1349,Ses02F_script01_1_F038,Ses02F,0,private
train,1350,Ses02F_script01_1_F040,Ses02F,0,private
train,1351,Ses02F_script01_1_F044,Ses02F,3,private
train,1352,Ses02F_script01_1_M011,Ses02M,0,private
train,1353,Ses02F_script01_1_M013,Ses02M,0,private
train,1354,Ses02F_script01_1_M017,Ses02M,2,private
train,1355,Ses02F_script01_1_M021,Ses02M,0,private
train,1356,Ses02F_script01_1_M023,Ses02M,0,private
train,1357,Ses02F_script01_1_M025,Ses02M,0,private
train,1358,Ses02F_script01_1_M027,Ses02M,3,private
train,1359,Ses02F_script01_1_M029,Ses02M,2,private
train,1360,Ses02F_script01_1_M036,Ses02M,0,private
train,1361,Ses02F_script01_1_M037,Ses02M,0,private
train,1362,Ses02F_script01_1_M038,Ses02M,0,private
train,1363,Ses02F_script01_1_M040,Ses02M,2,private
train,1364,Ses02F_script01_1_M043,Ses02M,2,private
train,1365,Ses02F_script01_1_M044,Ses02M,2,private
train,1366,Ses02F_script01_2_F005,Ses02F,0,private
train,1367,Ses02F_script01_2_F012,Ses02F,0,private
train,1368,Ses02F_script01_2_F013,Ses02F,0,private
train,1369,Ses02F_script01_2_M001,Ses02M,2,private
train,1370,Ses02F_script01_2_M002,Ses02M,2,private
train,1371,Ses02F_script01_2_M004,Ses02M,2,private
train,1372,Ses02F_script01_2_M005,Ses02M,2,private
train,1373,Ses02F_script01_2_M006,Ses02M,2,private
train,1374,Ses02F_script01_2_M007,Ses02M,2,private
train,1375,Ses02F_script01_2_M008,Ses02M,2,private
train,1376,Ses02F_script01_2_M016,Ses02M,0,private
train,1377,Ses02F_script01_2_M017,Ses02M,0,private
train,1378,Ses02F_script01_2_M018,Ses02M,0,private
train,1379,Ses02F_script01_3_F009,Ses02F,3,private
train,1380,Ses02F_script01_3_F012,Ses02F,1,private
train,1381,Ses02F_script01_3_F013,Ses02F,1,private
train,1382,Ses02F_script01_3_F014,Ses02F,1,private
train,1383,Ses02F_script01_3_F016,Ses02F,1,private
train,1384,Ses02F_script01_3_F020,Ses02F,3,private
train,1385,Ses02F_script01_3_F021,Ses02F,3,private
train,1386,Ses02F_script01_3_F022,Ses02F,3,private
train,1387,Ses02F_script01_3_F023,Ses02F,3,private
train,1388,Ses02F_script01_3_F024,Ses02F,3,private
train,1389,Ses02F_script01_3_F025,Ses02F,3,private
train,1390,Ses02F_script01_3_F026,Ses02F,3,private
train,1391,Ses02F_script01_3_F029,Ses02F,1,private
train,1392,Ses02F_script01_3_M001,Ses02M,2,private
train,1393,Ses02F_script01_3_M010,Ses02M,1,private
train,1394,Ses02F_script01_3_M020,Ses02M,3,private
train,1395,Ses02F_script01_3_M021,Ses02M,3,private
train,1396,Ses02F_script01_3_M022,Ses02M,3,private
train,1397,Ses02F_script01_3_M023,Ses02M,3,private
train,1398,Ses02F_script01_3_M024,Ses02M,3,private
train,1399,Ses02F_script01_3_M025,Ses02M,3,private
train,1400,Ses02F_script01_3_M026,Ses02M,3,private
train,1401,Ses02F_script01_3_M027,Ses02M,3,private
train,1402,Ses02F_script01_3_M028,Ses02M,3,private
train,1403,Ses02F_script01_3_M029,Ses02M,3,private
train,1404,Ses02F_script01_3_M030,Ses02M,3,private
train,1405,Ses02F_script01_3_M031,Ses02M,3,private
train,1406,Ses02F_script01_3_M032,Ses02M,3,private
train,1407,Ses02F_script01_3_M033,Ses02M,3,private
train,1408,Ses02F_script01_3_M034,Ses02M,3,private
train,1409,Ses02F_script02_1_F001,Ses02F,2,private
train,1410,Ses02F_script02_1_F005,Ses02F,2,private
train,1411,Ses02F_script02_1_F019,Ses02F,2,private
train,1412,Ses02F_script02_1_F021,Ses02F,2,private
train,1413,Ses02F_script02_1_M000,Ses02M,1,private
train,1414,Ses02F_script02_1_M001,Ses02M,1,private
train,1415,Ses02F_script02_1_M002,Ses02M,1,private
train,1416,Ses02F_script02_1_M003,Ses02M,1,private
train,1417,Ses02F_script02_1_M004,Ses02M,1,private
train,1418,Ses02F_script02_1_M005,Ses02M,1,private
train,1419,Ses02F_script02_1_M006,Ses02M,1,private
train,1420,Ses02F_script02_1_M009,Ses02M,2,private
train,1421,Ses02F_script02_1_M010,Ses02M,2,private
train,1422,Ses02F_script02_1_M012,Ses02M,2,private
train,1423,Ses02F_script02_1_M013,Ses02M,2,private
train,1424,Ses02F_script02_1_M014,Ses02M,1,private
train,1425,Ses02F_script02_1_M015,Ses02M,1,private
train,1426,Ses02F_script02_1_M016,Ses02M,1,private
train,1427,Ses02F_script02_1_M017,Ses02M,2,private
train,1428,Ses02F_script02_1_M019,Ses02M,2,private
train,1429,Ses02F_script02_1_M020,Ses02M,2,private
train,1430,Ses02F_script02_1_M021,Ses02M,2,private
train,1431,Ses02F_script02_1_M024,Ses02M,1,private
train,1432,Ses02F_script02_1_M025,Ses02M,1,private
train,1433,Ses02F_script02_1_M026,Ses02M,1,private
train,1434,Ses02F_script02_1_M028,Ses02M,1,private
train,1435,Ses02F_script02_1_M031,Ses02M,2,private
train,1436,Ses02F_script02_1_M033,Ses02M,2,private
train,1437,Ses02F_script02_1_M035,Ses02M,1,private
train,1438,Ses02F_script02_1_M036,Ses02M,1,private
train,1439,Ses02F_script02_1_M039,Ses02M,1,private
train,1440,Ses02F_script02_1_M040,Ses02M,1,private
train,1441,Ses02F_script02_1_M041,Ses02M,1,private
train,1442,Ses02F_script02_1_M042,Ses02M,1,private
train,1443,Ses02F_script02_1_M043,Ses02M,2,private
train,1444,Ses02F_script02_1_M044,Ses02M,2,private
train,1445,Ses02F_script02_2_F000,Ses02F,2,private
train,1446,Ses02F_script02_2_F005,Ses02F,0,private
train,1447,Ses02F_script02_2_F006,Ses02F,0,private
train,1448,Ses02F_script02_2_F011,Ses02F,0,private
train,1449,Ses02F_script02_2_F015,Ses02F,3,private
train,1450,Ses02F_script02_2_F016,Ses02F,3,private
train,1451,Ses02F_script02_2_F017,Ses02F,3,private
train,1452,Ses02F_script02_2_F018,Ses02F,3,private
train,1453,Ses02F_script02_2_F019,Ses02F,3,private
train,1454,Ses02F_script02_2_F020,Ses02F,3,private
train,1455,Ses02F_script02_2_F021,Ses02F,3,private
train,1456,Ses02F_script02_2_F022,Ses02F,3,private
train,1457,Ses02F_script02_2_F024,Ses02F,3,private
train,1458,Ses02F_script02_2_F031,Ses02F,3,private
train,1459,Ses02F_script02_2_F033,Ses02F,3,private
train,1460,Ses02F_script02_2_F034,Ses02F,3,private
train,1461,Ses02F_script02_2_F035,Ses02F,3,private
train,1462,Ses02F_script02_2_F038,Ses02F,3,private
train,1463,Ses02F_script02_2_F041,Ses02F,1,private
train,1464,Ses02F_script02_2_F042,Ses02F,1,private
train,1465,Ses02F_script02_2_F043,Ses02F,1,private
train,1466,Ses02F_script02_2_F044,Ses02F,3,private
train,1467,Ses02F_script02_2_F045,Ses02F,1,private
train,1468,Ses02F_script02_2_M000,Ses02M,1,private
train,1469,Ses02F_script02_2_M001,Ses02M,2,private
train,1470,Ses02F_script02_2_M002,Ses02M,2,private
train,1471,Ses02F_script02_2_M003,Ses02M,2,private
train,1472,Ses02F_script02_2_M005,Ses02M,2,private
train,1473,Ses02F_script02_2_M007,Ses02M,2,private
train,1474,Ses02F_script02_2_M009,Ses02M,2,private
train,1475,Ses02F_script02_2_M010,Ses02M,2,private
train,1476,Ses02F_script02_2_M013,Ses02M,2,private
train,1477,Ses02F_script02_2_M016,Ses02M,2,private
train,1478,Ses02F_script02_2_M017,Ses02M,2,private
train,1479,Ses02F_script02_2_M018,Ses02M,2,private
train,1480,Ses02F_script02_2_M019,Ses02M,2,private
train,1481,Ses02F_script02_2_M020,Ses02M,2,private
train,1482,Ses02F_script02_2_M021,Ses02M,2,private
train,1483,Ses02F_script02_2_M022,Ses02M,2,private
train,1484,Ses02F_script02_2_M023,Ses02M,2,private
train,1485,Ses02F_script02_2_M029,Ses02M,0,private
train,1486,Ses02F_script02_2_M031,Ses02M,3,private
train,1487,Ses02F_script02_2_M033,Ses02M,2,private
train,1488,Ses02F_script02_2_M034,Ses02M,2,private
train,1489,Ses02F_script02_2_M035,Ses02M,3,private
train,1490,Ses02F_script02_2_M036,Ses02M,3,private
train,1491,Ses02F_script02_2_M037,Ses02M,3,private
train,1492,Ses02F_script02_2_M038,Ses02M,3,private
train,1493,Ses02F_script02_2_M041,Ses02M,1,private
train,1494,Ses02F_script02_2_M042,Ses02M,1,private
train,1495,Ses02F_script02_2_M043,Ses02M,1,private
train,1496,Ses02F_script02_2_M045,Ses02M,1,private
train,1497,Ses02F_script02_2_M046,Ses02M,1,private
train,1498,Ses02F_script03_1_F005,Ses02F,1,private
train,1499,Ses02F_script03_1_F006,Ses02F,1,private
train,1500,Ses02F_script03_1_F007,Ses02F,1,private
train,1501,Ses02F_script03_1_F008,Ses02F,1,private
train,1502,Ses02F_script03_1_F009,Ses02F,1,private
train,1503,Ses02F_script03_1_F010,Ses02F,1,private
train,1504,Ses02F_script03_1_F012,Ses02F,2,private
train,1505,Ses02F_script03_1_F013,Ses02F,2,private
train,1506,Ses02F_script03_1_F014,Ses02F,2,private
train,1507,Ses02F_script03_1_F015,Ses02F,2,private
train,1508,Ses02F_script03_1_F016,Ses02F,2,private
train,1509,Ses02F_script03_1_F017,Ses02F,2,private
train,1510,Ses02F_script03_1_F019,Ses02F,1,private
train,1511,Ses02F_script03_1_F020,Ses02F,1,private
train,1512,Ses02F_script03_1_F021,Ses02F,1,private
train,1513,Ses02F_script03_1_F022,Ses02F,1,private
train,1514,Ses02F_script03_1_F023,Ses02F,1,private
train,1515,Ses02F_script03_1_F024,Ses02F,1,private
train,1516,Ses02F_script03_1_F025,Ses02F,1,private
train,1517,Ses02F_script03_1_F026,Ses02F,1,private
train,1518,Ses02F_script03_1_F027,Ses02F,2,private
train,1519,Ses02F_script03_1_F028,Ses02F,1,private
train,1520,Ses02F_script03_1_F029,Ses02F,1,private
train,1521,Ses02F_script03_1_M001,Ses02M,2,private
train,1522,Ses02F_script03_1_M004,Ses02M,2,private
train,1523,Ses02F_script03_1_M005,Ses02M,2,private
train,1524,Ses02F_script03_1_M007,Ses02M,2,private
train,1525,Ses02F_script03_1_M008,Ses02M,2,private
train,1526,Ses02F_script03_1_M009,Ses02M,2,private
train,1527,Ses02F_script03_1_M010,Ses02M,2,private
train,1528,Ses02F_script03_1_M012,Ses02M,2,private
train,1529,Ses02F_script03_1_M013,Ses02M,2,private
train,1530,Ses02F_script03_1_M014,Ses02M,2,private
train,1531,Ses02F_script03_1_M015,Ses02M,2,private
train,1532,Ses02F_script03_1_M016,Ses02M,2,private
train,1533,Ses02F_script03_1_M017,Ses02M,2,private
train,1534,Ses02F_script03_1_M018,Ses02M,2,private
train,1535,Ses02F_script03_1_M019,Ses02M,1,private
train,1536,Ses02F_script03_1_M020,Ses02M,1,private
train,1537,Ses02F_script03_1_M021,Ses02M,2,private
train,1538,Ses02F_script03_1_M022,Ses02M,1,private
train,1539,Ses02F_script03_1_M023,Ses02M,1,private
train,1540,Ses02F_script03_1_M024,Ses02M,2,private
train,1541,Ses02F_script03_1_M025,Ses02M,2,private
train,1542,Ses02F_script03_1_M026,Ses02M,2,private
train,1543,Ses02F_script03_1_M028,Ses02M,2,private
train,1544,Ses02F_script03_1_M029,Ses02M,2,private
train,1545,Ses02F_script03_1_M031,Ses02M,2,private
train,1546,Ses02F_script03_1_M032,Ses02M,1,private
train,1547,Ses02F_script03_1_M033,Ses02M,2,private
train,1548,Ses02F_script03_1_M034,Ses02M,2,private
train,1549,Ses02F_script03_2_F007,Ses02F,2,private
train,1550,Ses02F_script03_2_F011,Ses02F,2,private
train,1551,Ses02F_script03_2_F012,Ses02F,2,private
train,1552,Ses02F_script03_2_F013,Ses02F,0,private
train,1553,Ses02F_script03_2_F014,Ses02F,0,private
train,1554,Ses02F_script03_2_F016,Ses02F,1,private
train,1555,Ses02F_script03_2_F018,Ses02F,0,private
train,1556,Ses02F_script03_2_F020,Ses02F,0,private
train,1557,Ses02F_script03_2_F025,Ses02F,0,private
train,1558,Ses02F_script03_2_F029,Ses02F,0,private
train,1559,Ses02F_script03_2_F031,Ses02F,0,private
train,1560,Ses02F_script03_2_F034,Ses02F,0,private
train,1561,Ses02F_script03_2_F035,Ses02F,0,private
train,1562,Ses02F_script03_2_F036,Ses02F,0,private
train,1563,Ses02F_script03_2_F037,Ses02F,0,private
train,1564,Ses02F_script03_2_F038,Ses02F,0,private
train,1565,Ses02F_script03_2_F039,Ses02F,0,private
train,1566,Ses02F_script03_2_F040,Ses02F,0,private
train,1567,Ses02F_script03_2_F041,Ses02F,0,private
train,1568,Ses02F_script03_2_F042,Ses02F,0,private
train,1569,Ses02F_script03_2_F043,Ses02F,0,private
train,1570,Ses02F_script03_2_M000,Ses02M,2,private
train,1571,Ses02F_script03_2_M001,Ses02M,2,private
train,1572,Ses02F_script03_2_M006,Ses02M,0,private
train,1573,Ses02F_script03_2_M007,Ses02M,0,private
train,1574,Ses02F_script03_2_M009,Ses02M,2,private
train,1575,Ses02F_script03_2_M011,Ses02M,2,private
train,1576,Ses02F_script03_2_M013,Ses02M,0,private
train,1577,Ses02F_script03_2_M027,Ses02M,0,private
train,1578,Ses02F_script03_2_M030,Ses02M,0,private
train,1579,Ses02F_script03_2_M036,Ses02M,0,private
train,1580,Ses02F_script03_2_M037,Ses02M,0,private
train,1581,Ses02F_script03_2_M038,Ses02M,0,private
train,1582,Ses02F_script03_2_M039,Ses02M,0,private
train,1583,Ses02F_script03_2_M041,Ses02M,0,private
train,1584,Ses02F_script03_2_M042,Ses02M,0,private
train,1585,Ses02F_script03_2_M043,Ses02M,0,private
train,1586,Ses02F_script03_2_M044,Ses02M,0,private
train,1587,Ses02F_script03_2_M045,Ses02M,0,private
train,1588,Ses02F_script03_2_M046,Ses02M,0,private
train,1589,Ses02F_script03_2_M047,Ses02M,0,private
train,1590,Ses02M_impro01_F000,Ses02F,2,private
train,1591,Ses02M_impro01_F001,Ses02F,2,private
train,1592,Ses02M_impro01_F002,Ses02F,2,private
train,1593,Ses02M_impro01_F003,Ses02F,2,private
train,1594,Ses02M_impro01_F004,Ses02F,2,private
train,1595,Ses02M_impro01_F005,Ses02F,2,private
train,1596,Ses02M_impro01_F006,Ses02F,2,private
train,1597,Ses02M_impro01_F015,Ses02F,2,private
train,1598,Ses02M_impro01_F016,Ses02F,2,private
train,1599,Ses02M_impro01_M001,Ses02M,2,private
train,1600,Ses02M_impro01_M002,Ses02M,2,private
train,1601,Ses02M_impro01_M003,Ses02M,2,private
train,1602,Ses02M_impro01_M004,Ses02M,2,private
train,1603,Ses02M_impro01_M005,Ses02M,2,private
train,1604,Ses02M_impro01_M007,Ses02M,0,private
train,1605,Ses02M_impro01_M008,Ses02M,0,private
train,1606,Ses02M_impro01_M009,Ses02M,0,private
train,1607,Ses02M_impro01_M010,Ses02M,0,private
train,1608,Ses02M_impro01_M011,Ses02M,0,private
train,1609,Ses02M_impro01_M018,Ses02M,0,private
train,1610,Ses02M_impro01_M019,Ses02M,0,private
train,1611,Ses02M_impro02_F000,Ses02F,3,private
train,1612,Ses02M_impro02_F001,Ses02F,3,private
train,1613,Ses02M_impro02_F002,Ses02F,3,private
train,1614,Ses02M_impro02_F003,Ses02F,3,private
train,1615,Ses02M_impro02_F004,Ses02F,3,private
train,1616,Ses02M_impro02_F005,Ses02F,3,private
train,1617,Ses02M_impro02_F006,Ses02F,3,private
train,1618,Ses02M_impro02_F007,Ses02F,3,private
train,1619,Ses02M_impro02_F008,Ses02F,3,private
train,1620,Ses02M_impro02_F009,Ses02F,3,private
train,1621,Ses02M_impro02_F010,Ses02F,3,private
train,1622,Ses02M_impro02_F012,Ses02F,3,private
train,1623,Ses02M_impro02_F013,Ses02F,3,private
train,1624,Ses02M_impro02_F014,Ses02F,3,private
train,1625,Ses02M_impro02_M000,Ses02M,3,private
train,1626,Ses02M_impro02_M001,Ses02M,3,private
train,1627,Ses02M_impro02_M002,Ses02M,3,private
train,1628,Ses02M_impro02_M007,Ses02M,3,private
train,1629,Ses02M_impro02_M008,Ses02M,3,private
train,1630,Ses02M_impro02_M009,Ses02M,3,private
train,1631,Ses02M_impro02_M013,Ses02M,3,private
train,1632,Ses02M_impro02_M014,Ses02M,2,private
train,1633,Ses02M_impro02_M017,Ses02M,3,private
train,1634,Ses02M_impro02_M018,Ses02M,3,private
train,1635,Ses02M_impro03_F000,Ses02F,1,private
train,1636,Ses02M_impro03_F001,Ses02F,1,private
train,1637,Ses02M_impro03_F003,Ses02F,1,private
train,1638,Ses02M_impro03_F004,Ses02F,1,private
train,1639,Ses02M_impro03_F005,Ses02F,1,private
train,1640,Ses02M_impro03_F007,Ses02F,1,private
train,1641,Ses02M_impro03_F008,Ses02F,1,private
train,1642,Ses02M_impro03_F011,Ses02F,1,private
train,1643,Ses02M_impro03_F012,Ses02F,1,private
train,1644,Ses02M_impro03_F013,Ses02F,1,private
train,1645,Ses02M_impro03_F014,Ses02F,1,private
train,1646,Ses02M_impro03_F015,Ses02F,1,private
train,1647,Ses02M_impro03_F016,Ses02F,1,private
train,1648,Ses02M_impro03_F017,Ses02F,1,private
train,1649,Ses02M_impro03_F018,Ses02F,1,private
train,1650,Ses02M_impro03_F020,Ses02F,1,private
train,1651,Ses02M_impro03_F023,Ses02F,1,private
train,1652,Ses02M_impro03_F024,Ses02F,1,private
train,1653,Ses02M_impro03_F028,Ses02F,1,private
train,1654,Ses02M_impro03_M000,Ses02M,1,private
train,1655,Ses02M_impro03_M001,Ses02M,1,private
train,1656,Ses02M_impro03_M005,Ses02M,1,private
train,1657,Ses02M_impro03_M008,Ses02M,1,private
train,1658,Ses02M_impro03_M009,Ses02M,1,private
train,1659,Ses02M_impro03_M010,Ses02M,1,private
train,1660,Ses02M_impro03_M011,Ses02M,1,private
train,1661,Ses02M_impro03_M012,Ses02M,1,private
train,1662,Ses02M_impro03_M014,Ses02M,1,private
train,1663,Ses02M_impro03_M015,Ses02M,1,private
train,1664,Ses02M_impro03_M016,Ses02M,1,private
train,1665,Ses02M_impro03_M017,Ses02M,1,private
train,1666,Ses02M_impro03_M018,Ses02M,1,private
train,1667,Ses02M_impro03_M019,Ses02M,1,private
train,1668,Ses02M_impro03_M020,Ses02M,1,private
train,1669,Ses02M_impro03_M021,Ses02M,1,private
train,1670,Ses02M_impro03_M024,Ses02M,1,private
train,1671,Ses02M_impro03_M026,Ses02M,1,private
train,1672,Ses02M_impro03_M027,Ses02M,1,private
train,1673,Ses02M_impro03_M028,Ses02M,1,private
train,1674,Ses02M_impro03_M030,Ses02M,1,private
train,1675,Ses02M_impro03_M031,Ses02M,1,private
train,1676,Ses02M_impro04_F000,Ses02F,2,private
train,1677,Ses02M_impro04_F001,Ses02F,2,private
train,1678,Ses02M_impro04_F002,Ses02F,2,private
train,1679,Ses02M_impro04_F003,Ses02F,2,private
train,1680,Ses02M_impro04_F004,Ses02F,2,private
train,1681,Ses02M_impro04_F005,Ses02F,2,private
train,1682,Ses02M_impro04_F006,Ses02F,2,private
train,1683,Ses02M_impro04_F007,Ses02F,2,private
train,1684,Ses02M_impro04_F008,Ses02F,2,private
train,1685,Ses02M_impro04_F009,Ses02F,3,private
train,1686,Ses02M_impro04_F010,Ses02F,2,private
train,1687,Ses02M_impro04_F011,Ses02F,2,private
train,1688,Ses02M_impro04_F012,Ses02F,2,private
train,1689,Ses02M_impro04_F014,Ses02F,2,private
train,1690,Ses02M_impro04_F015,Ses02F,2,private
train,1691,Ses02M_impro04_F016,Ses02F,2,private
train,1692,Ses02M_impro04_M014,Ses02M,3,private
train,1693,Ses02M_impro04_M019,Ses02M,0,private
train,1694,Ses02M_impro04_M022,Ses02M,3,private
train,1695,Ses02M_impro05_F000,Ses02F,2,private
train,1696,Ses02M_impro05_F001,Ses02F,2,private
train,1697,Ses02M_impro05_F002,Ses02F,2,private
train,1698,Ses02M_impro05_F003,Ses02F,2,private
train,1699,Ses02M_impro05_F004,Ses02F,2,private
train,1700,Ses02M_impro05_F005,Ses02F,2,private
train,1701,Ses02M_impro05_F006,Ses02F,2,private
train,1702,Ses02M_impro05_F007,Ses02F,2,private
train,1703,Ses02M_impro05_F008,Ses02F,2,private
train,1704,Ses02M_impro05_F009,Ses02F,2,private
train,1705,Ses02M_impro05_F010,Ses02F,2,private
train,1706,Ses02M_impro05_F011,Ses02F,2,private
train,1707,Ses02M_impro05_F012,Ses02F,2,private
train,1708,Ses02M_impro05_F013,Ses02F,2,private
train,1709,Ses02M_impro05_F014,Ses02F,2,private
train,1710,Ses02M_impro05_F015,Ses02F,2,private
train,1711,Ses02M_impro05_F016,Ses02F,2,private
train,1712,Ses02M_impro05_F017,Ses02F,2,private
train,1713,Ses02M_impro05_F018,Ses02F,2,private
train,1714,Ses02M_impro05_F019,Ses02F,2,private
train,1715,Ses02M_impro05_F020,Ses02F,2,private
train,1716,Ses02M_impro05_F021,Ses02F,2,private
train,1717,Ses02M_impro05_F023,Ses02F,2,private
train,1718,Ses02M_impro05_F024,Ses02F,2,private
train,1719,Ses02M_impro05_F025,Ses02F,2,private
train,1720,Ses02M_impro05_F026,Ses02F,2,private
train,1721,Ses02M_impro05_M000,Ses02M,2,private
train,1722,Ses02M_impro05_M001,Ses02M,2,private
train,1723,Ses02M_impro05_M002,Ses02M,2,private
train,1724,Ses02M_impro05_M003,Ses02M,2,private
train,1725,Ses02M_impro05_M013,Ses02M,0,private
train,1726,Ses02M_impro05_M016,Ses02M,0,private
train,1727,Ses02M_impro05_M018,Ses02M,0,private
train,1728,Ses02M_impro05_M025,Ses02M,0,private
train,1729,Ses02M_impro05_M026,Ses02M,0,private
train,1730,Ses02M_impro06_F002,Ses02F,3,private
train,1731,Ses02M_impro06_F003,Ses02F,3,private
train,1732,Ses02M_impro06_F004,Ses02F,3,private
train,1733,Ses02M_impro06_F005,Ses02F,3,private
train,1734,Ses02M_impro06_F006,Ses02F,3,private
train,1735,Ses02M_impro06_F007,Ses02F,3,private
train,1736,Ses02M_impro06_F008,Ses02F,3,private
train,1737,Ses02M_impro06_F009,Ses02F,3,private
train,1738,Ses02M_impro06_F010,Ses02F,3,private
train,1739,Ses02M_impro06_F011,Ses02F,3,private
train,1740,Ses02M_impro06_F012,Ses02F,3,private
train,1741,Ses02M_impro06_F013,Ses02F,3,private
train,1742,Ses02M_impro06_F014,Ses02F,3,private
train,1743,Ses02M_impro06_F015,Ses02F,3,private
train,1744,Ses02M_impro06_F016,Ses02F,3,private
train,1745,Ses02M_impro06_F017,Ses02F,3,private
train,1746,Ses02M_impro06_F018,Ses02F,3,private
train,1747,Ses02M_impro06_M000,Ses02M,3,private
train,1748,Ses02M_impro06_M001,Ses02M,3,private
train,1749,Ses02M_impro06_M002,Ses02M,3,private
train,1750,Ses02M_impro06_M003,Ses02M,3,private
train,1751,Ses02M_impro06_M004,Ses02M,3,private
train,1752,Ses02M_impro06_M005,Ses02M,3,private
train,1753,Ses02M_impro06_M006,Ses02M,3,private
train,1754,Ses02M_impro06_M007,Ses02M,3,private
train,1755,Ses02M_impro06_M008,Ses02M,3,private
train,1756,Ses02M_impro06_M009,Ses02M,3,private
train,1757,Ses02M_impro06_M010,Ses02M,3,private
train,1758,Ses02M_impro06_M011,Ses02M,3,private
train,1759,Ses02M_impro06_M012,Ses02M,3,private
train,1760,Ses02M_impro06_M013,Ses02M,3,private
train,1761,Ses02M_impro06_M014,Ses02M,3,private
train,1762,Ses02M_impro06_M015,Ses02M,3,private
train,1763,Ses02M_impro06_M016,Ses02M,3,private
train,1764,Ses02M_impro06_M017,Ses02M,3,private
train,1765,Ses02M_impro06_M018,Ses02M,3,private
train,1766,Ses02M_impro06_M019,Ses02M,3,private
train,1767,Ses02M_impro06_M020,Ses02M,3,private
train,1768,Ses02M_impro06_M021,Ses02M,3,private
train,1769,Ses02M_impro06_M022,Ses02M,3,private
train,1770,Ses02M_impro06_M023,Ses02M,3,private
train,1771,Ses02M_impro07_F000,Ses02F,1,private
train,1772,Ses02M_impro07_F001,Ses02F,1,private
train,1773,Ses02M_impro07_F003,Ses02F,1,private
train,1774,Ses02M_impro07_F004,Ses02F,1,private
train,1775,Ses02M_impro07_F005,Ses02F,1,private
train,1776,Ses02M_impro07_F006,Ses02F,1,private
train,1777,Ses02M_impro07_F007,Ses02F,1,private
train,1778,Ses02M_impro07_F008,Ses02F,1,private
train,1779,Ses02M_impro07_F009,Ses02F,1,private
train,1780,Ses02M_impro07_F010,Ses02F,1,private
train,1781,Ses02M_impro07_F011,Ses02F,1,private
train,1782,Ses02M_impro07_F012,Ses02F,1,private
train,1783,Ses02M_impro07_F013,Ses02F,1,private
train,1784,Ses02M_impro07_F014,Ses02F,1,private
train,1785,Ses02M_impro07_F015,Ses02F,1,private
train,1786,Ses02M_impro07_F016,Ses02F,1,private
train,1787,Ses02M_impro07_F017,Ses02F,1,private
train,1788,Ses02M_impro07_F018,Ses02F,1,private
train,1789,Ses02M_impro07_F019,Ses02F,1,private
train,1790,Ses02M_impro07_F020,Ses02F,1,private
train,1791,Ses02M_impro07_F021,Ses02F,1,private
train,1792,Ses02M_impro07_F022,Ses02F,1,private
train,1793,Ses02M_impro07_F023,Ses02F,1,private
train,1794,Ses02M_impro07_F024,Ses02F,1,private
train,1795,Ses02M_impro07_F025,Ses02F,1,private
train,1796,Ses02M_impro07_F026,Ses02F,1,private
train,1797,Ses02M_impro07_F027,Ses02F,1,private
train,1798,Ses02M_impro07_F028,Ses02F,1,private
train,1799,Ses02M_impro07_F029,Ses02F,1,private
train,1800,Ses02M_impro07_M002,Ses02M,1,private
train,1801,Ses02M_impro07_M006,Ses02M,1,private
train,1802,Ses02M_impro07_M007,Ses02M,1,private
train,1803,Ses02M_impro07_M008,Ses02M,1,private
train,1804,Ses02M_impro07_M009,Ses02M,1,private
train,1805,Ses02M_impro07_M010,Ses02M,1,private
train,1806,Ses02M_impro07_M011,Ses02M,1,private
train,1807,Ses02M_impro07_M013,Ses02M,1,private
train,1808,Ses02M_impro07_M014,Ses02M,1,private
train,1809,Ses02M_impro07_M015,Ses02M,1,private
train,1810,Ses02M_impro07_M017,Ses02M,1,private
train,1811,Ses02M_impro07_M018,Ses02M,1,private
train,1812,Ses02M_impro07_M019,Ses02M,1,private
train,1813,Ses02M_impro07_M020,Ses02M,1,private
train,1814,Ses02M_impro07_M021,Ses02M,1,private
train,1815,Ses02M_impro07_M022,Ses02M,1,private
train,1816,Ses02M_impro07_M023,Ses02M,1,private
train,1817,Ses02M_impro07_M024,Ses02M,1,private
train,1818,Ses02M_impro07_M025,Ses02M,1,private
train,1819,Ses02M_impro07_M026,Ses02M,1,private
train,1820,Ses02M_impro07_M029,Ses02M,1,private
train,1821,Ses02M_impro07_M030,Ses02M,1,private
train,1822,Ses02M_impro07_M031,Ses02M,1,private
train,1823,Ses02M_impro07_M032,Ses02M,1,private
train,1824,Ses02M_impro08_F000,Ses02F,1,private
train,1825,Ses02M_impro08_F001,Ses02F,1,private
train,1826,Ses02M_impro08_F002,Ses02F,1,private
train,1827,Ses02M_impro08_F006,Ses02F,2,private
train,1828,Ses02M_impro08_F007,Ses02F,2,private
train,1829,Ses02M_impro08_F008,Ses02F,2,private
train,1830,Ses02M_impro08_F010,Ses02F,2,private
train,1831,Ses02M_impro08_F019,Ses02F,2,private
train,1832,Ses02M_impro08_F023,Ses02F,1,private
train,1833,Ses02M_impro08_F024,Ses02F,1,private
train,1834,Ses02M_impro08_F025,Ses02F,2,private
train,1835,Ses02M_impro08_F026,Ses02F,2,private
train,1836,Ses02M_impro08_F027,Ses02F,2,private
train,1837,Ses02M_impro08_F028,Ses02F,1,private
train,1838,Ses02M_impro08_F030,Ses02F,1,private
train,1839,Ses02M_impro08_M000,Ses02M,2,private
train,1840,Ses02M_impro08_M002,Ses02M,2,private
train,1841,Ses02M_impro08_M003,Ses02M,2,private
train,1842,Ses02M_impro08_M004,Ses02M,2,private
train,1843,Ses02M_impro08_M005,Ses02M,2,private
train,1844,Ses02M_impro08_M007,Ses02M,2,private
train,1845,Ses02M_impro08_M008,Ses02M,2,private
train,1846,Ses02M_impro08_M009,Ses02M,2,private
train,1847,Ses02M_impro08_M010,Ses02M,2,private
train,1848,Ses02M_impro08_M011,Ses02M,2,private
train,1849,Ses02M_impro08_M012,Ses02M,2,private
train,1850,Ses02M_impro08_M013,Ses02M,2,private
train,1851,Ses02M_impro08_M014,Ses02M,2,private
train,1852,Ses02M_impro08_M015,Ses02M,2,private
train,1853,Ses02M_impro08_M016,Ses02M,2,private
train,1854,Ses02M_impro08_M017,Ses02M,2,private
train,1855,Ses02M_impro08_M018,Ses02M,2,private
train,1856,Ses02M_impro08_M019,Ses02M,2,private
train,1857,Ses02M_impro08_M020,Ses02M,2,private
train,1858,Ses02M_impro08_M021,Ses02M,2,private
train,1859,Ses02M_impro08_M022,Ses02M,2,private
train,1860,Ses02M_impro08_M023,Ses02M,2,private
train,1861,Ses02M_impro08_M024,Ses02M,2,private
train,1862,Ses02M_impro08_M025,Ses02M,2,private
train,1863,Ses02M_impro08_M026,Ses02M,2,private
train,1864,Ses02M_impro08_M027,Ses02M,2,private
train,1865,Ses02M_impro08_M028,Ses02M,2,private
train,1866,Ses02M_impro08_M029,Ses02M,2,private
train,1867,Ses02M_impro08_M030,Ses02M,2,private
train,1868,Ses02M_impro08_M031,Ses02M,2,private
train,1869,Ses02M_script01_1_F015,Ses02F,2,private
train,1870,Ses02M_script01_1_F018,Ses02F,2,private
train,1871,Ses02M_script01_1_F021,Ses02F,2,private
train,1872,Ses02M_script01_1_F023,Ses02F,2,private
train,1873,Ses02M_script01_1_F025,Ses02F,2,private
train,1874,Ses02M_script01_1_F026,Ses02F,0,private
train,1875,Ses02M_script01_1_F027,Ses02F,0,private
train,1876,Ses02M_script01_1_F032,Ses02F,0,private
train,1877,Ses02M_script01_1_F033,Ses02F,0,private
train,1878,Ses02M_script01_1_F034,Ses02F,0,private
train,1879,Ses02M_script01_1_F035,Ses02F,0,private
train,1880,Ses02M_script01_1_F036,Ses02F,0,private
train,1881,Ses02M_script01_1_F037,Ses02F,0,private
train,1882,Ses02M_script01_1_F041,Ses02F,3,private
train,1883,Ses02M_script01_1_M003,Ses02M,3,private
train,1884,Ses02M_script01_1_M004,Ses02M,3,private
train,1885,Ses02M_script01_1_M005,Ses02M,3,private
train,1886,Ses02M_script01_1_M012,Ses02M,0,private
train,1887,Ses02M_script01_1_M013,Ses02M,0,private
train,1888,Ses02M_script01_1_M016,Ses02M,2,private
train,1889,Ses02M_script01_1_M017,Ses02M,2,private
train,1890,Ses02M_script01_1_M018,Ses02M,2,private
train,1891,Ses02M_script01_1_M021,Ses02M,0,private
train,1892,Ses02M_script01_1_M024,Ses02M,0,private
train,1893,Ses02M_script01_1_M025,Ses02M,0,private
train,1894,Ses02M_script01_1_M026,Ses02M,2,private
train,1895,Ses02M_script01_1_M027,Ses02M,2,private
train,1896,Ses02M_script01_1_M028,Ses02M,3,private
train,1897,Ses02M_script01_1_M035,Ses02M,3,private
train,1898,Ses02M_script01_1_M036,Ses02M,3,private
train,1899,Ses02M_script01_1_M037,Ses02M,0,private
train,1900,Ses02M_script01_1_M038,Ses02M,0,private
train,1901,Ses02M_script01_1_M039,Ses02M,0,private
train,1902,Ses02M_script01_1_M041,Ses02M,3,private
train,1903,Ses02M_script01_2_F000,Ses02F,0,private
train,1904,Ses02M_script01_2_F001,Ses02F,0,private
train,1905,Ses02M_script01_2_F002,Ses02F,0,private
train,1906,Ses02M_script01_2_F003,Ses02F,0,private
train,1907,Ses02M_script01_2_F005,Ses02F,0,private
train,1908,Ses02M_script01_2_F006,Ses02F,0,private
train,1909,Ses02M_script01_2_F010,Ses02F,0,private
train,1910,Ses02M_script01_2_F013,Ses02F,3,private
train,1911,Ses02M_script01_2_M001,Ses02M,2,private
train,1912,Ses02M_script01_2_M004,Ses02M,2,private
train,1913,Ses02M_script01_2_M005,Ses02M,2,private
train,1914,Ses02M_script01_2_M007,Ses02M,2,private
train,1915,Ses02M_script01_2_M016,Ses02M,0,private
train,1916,Ses02M_script01_2_M017,Ses02M,0,private
train,1917,Ses02M_script01_3_F001,Ses02F,1,private
train,1918,Ses02M_script01_3_F002,Ses02F,1,private
train,1919,Ses02M_script01_3_F003,Ses02F,1,private
train,1920,Ses02M_script01_3_F007,Ses02F,1,private
train,1921,Ses02M_script01_3_F008,Ses02F,2,private
train,1922,Ses02M_script01_3_F009,Ses02F,1,private
train,1923,Ses02M_script01_3_F012,Ses02F,1,private
train,1924,Ses02M_script01_3_F013,Ses02F,1,private
train,1925,Ses02M_script01_3_F019,Ses02F,3,private
train,1926,Ses02M_script01_3_F021,Ses02F,3,private
train,1927,Ses02M_script01_3_F025,Ses02F,3,private
train,1928,Ses02M_script01_3_F026,Ses02F,3,private
train,1929,Ses02M_script01_3_F027,Ses02F,3,private
train,1930,Ses02M_script01_3_F028,Ses02F,1,private
train,1931,Ses02M_script01_3_M000,Ses02M,1,private
train,1932,Ses02M_script01_3_M010,Ses02M,1,private
train,1933,Ses02M_script01_3_M014,Ses02M,1,private
train,1934,Ses02M_script01_3_M015,Ses02M,1,private
train,1935,Ses02M_script01_3_M020,Ses02M,3,private
train,1936,Ses02M_script01_3_M021,Ses02M,3,private
train,1937,Ses02M_script01_3_M022,Ses02M,3,private
train,1938,Ses02M_script01_3_M025,Ses02M,3,private
train,1939,Ses02M_script01_3_M026,Ses02M,3,private
train,1940,Ses02M_script01_3_M027,Ses02M,3,private
train,1941,Ses02M_script01_3_M028,Ses02M,3,private
train,1942,Ses02M_script01_3_M029,Ses02M,3,private
train,1943,Ses02M_script01_3_M030,Ses02M,3,private
train,1944,Ses02M_script01_3_M031,Ses02M,3,private
train,1945,Ses02M_script01_3_M032,Ses02M,3,private
train,1946,Ses02M_script01_3_M033,Ses02M,3,private
train,1947,Ses02M_script01_3_M034,Ses02M,3,private
train,1948,Ses02M_script01_3_M035,Ses02M,3,private
train,1949,Ses02M_script01_3_M036,Ses02M,2,private
train,1950,Ses02M_script02_1_F000,Ses02F,2,private
train,1951,Ses02M_script02_1_F001,Ses02F,2,private
train,1952,Ses02M_script02_1_F005,Ses02F,2,private
train,1953,Ses02M_script02_1_F006,Ses02F,2,private
train,1954,Ses02M_script02_1_F011,Ses02F,2,private
train,1955,Ses02M_script02_1_F016,Ses02F,3,private
train,1956,Ses02M_script02_1_F017,Ses02F,2,private
train,1957,Ses02M_script02_1_F018,Ses02F,0,private
train,1958,Ses02M_script02_1_F020,Ses02F,2,private
train,1959,Ses02M_script02_1_F021,Ses02F,2,private
train,1960,Ses02M_script02_1_M000,Ses02M,1,private
train,1961,Ses02M_script02_1_M001,Ses02M,1,private
train,1962,Ses02M_script02_1_M003,Ses02M,1,private
train,1963,Ses02M_script02_1_M004,Ses02M,1,private
train,1964,Ses02M_script02_1_M005,Ses02M,1,private
train,1965,Ses02M_script02_1_M006,Ses02M,1,private
train,1966,Ses02M_script02_1_M013,Ses02M,1,private
train,1967,Ses02M_script02_1_M014,Ses02M,1,private
train,1968,Ses02M_script02_1_M015,Ses02M,1,private
train,1969,Ses02M_script02_1_M016,Ses02M,1,private
train,1970,Ses02M_script02_1_M023,Ses02M,1,private
train,1971,Ses02M_script02_1_M024,Ses02M,1,private
train,1972,Ses02M_script02_1_M025,Ses02M,1,private
train,1973,Ses02M_script02_1_M026,Ses02M,1,private
train,1974,Ses02M_script02_1_M028,Ses02M,1,private
train,1975,Ses02M_script02_1_M029,Ses02M,1,private
train,1976,Ses02M_script02_1_M035,Ses02M,1,private
train,1977,Ses02M_script02_1_M036,Ses02M,1,private
train,1978,Ses02M_script02_1_M037,Ses02M,1,private
train,1979,Ses02M_script02_1_M038,Ses02M,1,private
train,1980,Ses02M_script02_1_M039,Ses02M,1,private
train,1981,Ses02M_script02_1_M040,Ses02M,1,private
train,1982,Ses02M_script02_1_M041,Ses02M,1,private
train,1983,Ses02M_script02_1_M042,Ses02M,1,private
train,1984,Ses02M_script02_2_F005,Ses02F,0,private
train,1985,Ses02M_script02_2_F006,Ses02F,0,private
train,1986,Ses02M_script02_2_F011,Ses02F,0,private
train,1987,Ses02M_script02_2_F013,Ses02F,0,private
train,1988,Ses02M_script02_2_F015,Ses02F,3,private
train,1989,Ses02M_script02_2_F016,Ses02F,3,private
train,1990,Ses02M_script02_2_F017,Ses02F,3,private
train,1991,Ses02M_script02_2_F018,Ses02F,3,private
train,1992,Ses02M_script02_2_F019,Ses02F,3,private
train,1993,Ses02M_script02_2_F020,Ses02F,3,private
train,1994,Ses02M_script02_2_F021,Ses02F,3,private
train,1995,Ses02M_script02_2_F022,Ses02F,3,private
train,1996,Ses02M_script02_2_F031,Ses02F,3,private
train,1997,Ses02M_script02_2_F034,Ses02F,3,private
train,1998,Ses02M_script02_2_F037,Ses02F,1,private
train,1999,Ses02M_script02_2_F038,Ses02F,3,private
train,2000,Ses02M_script02_2_F042,Ses02F,1,private
train,2001,Ses02M_script02_2_F044,Ses02F,3,private
train,2002,Ses02M_script02_2_F045,Ses02F,1,private
train,2003,Ses02M_script02_2_F046,Ses02F,2,private
train,2004,Ses02M_script02_2_M000,Ses02M,2,private
train,2005,Ses02M_script02_2_M001,Ses02M,2,private
train,2006,Ses02M_script02_2_M002,Ses02M,2,private
train,2007,Ses02M_script02_2_M010,Ses02M,2,private
train,2008,Ses02M_script02_2_M015,Ses02M,2,private
train,2009,Ses02M_script02_2_M016,Ses02M,2,private
train,2010,Ses02M_script02_2_M017,Ses02M,2,private
train,2011,Ses02M_script02_2_M019,Ses02M,1,private
train,2012,Ses02M_script02_2_M020,Ses02M,1,private
train,2013,Ses02M_script02_2_M021,Ses02M,2,private
train,2014,Ses02M_script02_2_M022,Ses02M,2,private
train,2015,Ses02M_script02_2_M023,Ses02M,2,private
train,2016,Ses02M_script02_2_M025,Ses02M,2,private
train,2017,Ses02M_script02_2_M029,Ses02M,0,private
train,2018,Ses02M_script02_2_M035,Ses02M,3,private
train,2019,Ses02M_script02_2_M037,Ses02M,3,private
train,2020,Ses02M_script02_2_M038,Ses02M,3,private
train,2021,Ses02M_script02_2_M040,Ses02M,1,private
train,2022,Ses02M_script02_2_M041,Ses02M,1,private
train,2023,Ses02M_script02_2_M042,Ses02M,1,private
train,2024,Ses02M_script02_2_M045,Ses02M,1,private
train,2025,Ses02M_script02_2_M046,Ses02M,1,private
train,2026,Ses02M_script03_1_F002,Ses02F,1,private
train,2027,Ses02M_script03_1_F003,Ses02F,1,private
train,2028,Ses02M_script03_1_F005,Ses02F,1,private
train,2029,Ses02M_script03_1_F006,Ses02F,1,private
train,2030,Ses02M_script03_1_F007,Ses02F,1,private
train,2031,Ses02M_script03_1_F012,Ses02F,1,private
train,2032,Ses02M_script03_1_F015,Ses02F,3,private
train,2033,Ses02M_script03_1_F021,Ses02F,1,private
train,2034,Ses02M_script03_1_F022,Ses02F,1,private
train,2035,Ses02M_script03_1_F023,Ses02F,1,private
train,2036,Ses02M_script03_1_F024,Ses02F,1,private
train,2037,Ses02M_script03_1_F025,Ses02F,1,private
train,2038,Ses02M_script03_1_F027,Ses02F,1,private
train,2039,Ses02M_script03_1_F028,Ses02F,1,private
train,2040,Ses02M_script03_1_F029,Ses02F,1,private
train,2041,Ses02M_script03_1_M005,Ses02M,1,private
train,2042,Ses02M_script03_1_M007,Ses02M,1,private
train,2043,Ses02M_script03_1_M008,Ses02M,1,private
train,2044,Ses02M_script03_1_M009,Ses02M,3,private
train,2045,Ses02M_script03_1_M010,Ses02M,1,private
train,2046,Ses02M_script03_1_M011,Ses02M,1,private
train,2047,Ses02M_script03_1_M012,Ses02M,1,private
train,2048,Ses02M_script03_1_M014,Ses02M,1,private
train,2049,Ses02M_script03_1_M015,Ses02M,1,private
train,2050,Ses02M_script03_1_M016,Ses02M,3,private
train,2051,Ses02M_script03_1_M018,Ses02M,1,private
train,2052,Ses02M_script03_1_M019,Ses02M,1,private
train,2053,Ses02M_script03_1_M020,Ses02M,1,private
train,2054,Ses02M_script03_1_M021,Ses02M,1,private
train,2055,Ses02M_script03_1_M022,Ses02M,1,private
train,2056,Ses02M_script03_1_M024,Ses02M,1,private
train,2057,Ses02M_script03_1_M029,Ses02M,1,private
train,2058,Ses02M_script03_1_M031,Ses02M,1,private
train,2059,Ses02M_script03_2_F000,Ses02F,1,private
train,2060,Ses02M_script03_2_F001,Ses02F,1,private
train,2061,Ses02M_script03_2_F002,Ses02F,2,private
train,2062,Ses02M_script03_2_F003,Ses02F,2,private
train,2063,Ses02M_script03_2_F005,Ses02F,2,private
train,2064,Ses02M_script03_2_F006,Ses02F,2,private
train,2065,Ses02M_script03_2_F007,Ses02F,2,private
train,2066,Ses02M_script03_2_F009,Ses02F,2,private
train,2067,Ses02M_script03_2_F011,Ses02F,2,private
train,2068,Ses02M_script03_2_F012,Ses02F,2,private
train,2069,Ses02M_script03_2_F014,Ses02F,0,private
train,2070,Ses02M_script03_2_F015,Ses02F,2,private
train,2071,Ses02M_script03_2_F019,Ses02F,0,private
train,2072,Ses02M_script03_2_F023,Ses02F,0,private
train,2073,Ses02M_script03_2_F024,Ses02F,2,private
train,2074,Ses02M_script03_2_F028,Ses02F,0,private
train,2075,Ses02M_script03_2_F035,Ses02F,0,private
train,2076,Ses02M_script03_2_F036,Ses02F,0,private
train,2077,Ses02M_script03_2_F037,Ses02F,0,private
train,2078,Ses02M_script03_2_F038,Ses02F,0,private
train,2079,Ses02M_script03_2_F039,Ses02F,0,private
train,2080,Ses02M_script03_2_F040,Ses02F,0,private
train,2081,Ses02M_script03_2_F041,Ses02F,0,private
train,2082,Ses02M_script03_2_F042,Ses02F,0,private
train,2083,Ses02M_script03_2_M000,Ses02M,2,private
train,2084,Ses02M_script03_2_M001,Ses02M,0,private
train,2085,Ses02M_script03_2_M003,Ses02M,0,private
train,2086,Ses02M_script03_2_M005,Ses02M,0,private
train,2087,Ses02M_script03_2_M007,Ses02M,0,private
train,2088,Ses02M_script03_2_M010,Ses02M,2,private
train,2089,Ses02M_script03_2_M011,Ses02M,2,private
train,2090,Ses02M_script03_2_M012,Ses02M,2,private
train,2091,Ses02M_script03_2_M016,Ses02M,2,private
train,2092,Ses02M_script03_2_M018,Ses02M,2,private
train,2093,Ses02M_script03_2_M024,Ses02M,2,private
train,2094,Ses02M_script03_2_M026,Ses02M,0,private
train,2095,Ses02M_script03_2_M027,Ses02M,0,private
train,2096,Ses02M_script03_2_M031,Ses02M,0,private
train,2097,Ses02M_script03_2_M032,Ses02M,2,private
train,2098,Ses02M_script03_2_M033,Ses02M,2,private
train,2099,Ses02M_script03_2_M039,Ses02M,0,private
train,2100,Ses02M_script03_2_M040,Ses02M,0,private
train,2101,Ses02M_script03_2_M041,Ses02M,0,private
train,2102,Ses02M_script03_2_M042,Ses02M,0,private
train,2103,Ses02M_script03_2_M043,Ses02M,0,private
train,2104,Ses02M_script03_2_M044,Ses02M,0,private
train,2105,Ses02M_script03_2_M045,Ses02M,0,private
train,2106,Ses02M_script03_2_M046,Ses02M,0,private
train,2107,Ses02M_script03_2_M047,Ses02M,0,private
train,2108,Ses03F_impro01_F002,Ses03F,2,private
train,2109,Ses03F_impro01_M001,Ses03M,2,private
train,2110,Ses03F_impro01_M002,Ses03M,2,private
train,2111,Ses03F_impro01_M003,Ses03M,2,private
train,2112,Ses03F_impro01_M004,Ses03M,2,private
train,2113,Ses03F_impro01_M005,Ses03M,2,private
train,2114,Ses03F_impro02_F000,Ses03F,2,private
train,2115,Ses03F_impro02_F001,Ses03F,2,private
train,2116,Ses03F_impro02_F005,Ses03F,1,private
train,2117,Ses03F_impro02_F007,Ses03F,1,private
train,2118,Ses03F_impro02_F008,Ses03F,3,private
train,2119,Ses03F_impro02_F010,Ses03F,3,private
train,2120,Ses03F_impro02_F011,Ses03F,3,private
train,2121,Ses03F_impro02_F012,Ses03F,3,private
train,2122,Ses03F_impro02_F015,Ses03F,3,private
train,2123,Ses03F_impro02_F018,Ses03F,3,private
train,2124,Ses03F_impro02_F019,Ses03F,3,private
train,2125,Ses03F_impro02_F020,Ses03F,3,private
train,2126,Ses03F_impro02_F021,Ses03F,3,private
train,2127,Ses03F_impro02_F023,Ses03F,3,private
train,2128,Ses03F_impro02_F024,Ses03F,3,private
train,2129,Ses03F_impro02_F025,Ses03F,3,private
train,2130,Ses03F_impro02_F026,Ses03F,3,private
train,2131,Ses03F_impro02_F027,Ses03F,3,private
train,2132,Ses03F_impro02_F028,Ses03F,3,private
train,2133,Ses03F_impro02_F029,Ses03F,3,private
train,2134,Ses03F_impro02_F031,Ses03F,3,private
train,2135,Ses03F_impro02_F032,Ses03F,3,private
train,2136,Ses03F_impro02_F034,Ses03F,3,private
train,2137,Ses03F_impro02_F035,Ses03F,3,private
train,2138,Ses03F_impro02_F036,Ses03F,3,private
train,2139,Ses03F_impro02_F037,Ses03F,3,private
train,2140,Ses03F_impro02_F038,Ses03F,3,private
train,2141,Ses03F_impro02_F039,Ses03F,3,private
train,2142,Ses03F_impro02_F040,Ses03F,3,private
train,2143,Ses03F_impro02_F041,Ses03F,3,private
train,2144,Ses03F_impro02_F042,Ses03F,3,private
train,2145,Ses03F_impro02_F043,Ses03F,3,private
train,2146,Ses03F_impro02_M000,Ses03M,2,private
train,2147,Ses03F_impro02_M001,Ses03M,1,private
train,2148,Ses03F_impro02_M007,Ses03M,0,private
train,2149,Ses03F_impro02_M014,Ses03M,3,private
train,2150,Ses03F_impro02_M016,Ses03M,3,private
train,2151,Ses03F_impro02_M017,Ses03M,3,private
train,2152,Ses03F_impro02_M018,Ses03M,3,private
train,2153,Ses03F_impro02_M019,Ses03M,3,private
train,2154,Ses03F_impro02_M020,Ses03M,3,private
train,2155,Ses03F_impro02_M021,Ses03M,3,private
train,2156,Ses03F_impro02_M024,Ses03M,3,private
train,2157,Ses03F_impro02_M025,Ses03M,3,private
train,2158,Ses03F_impro02_M027,Ses03M,0,private
train,2159,Ses03F_impro02_M028,Ses03M,3,private
train,2160,Ses03F_impro02_M029,Ses03M,3,private
train,2161,Ses03F_impro02_M031,Ses03M,3,private
train,2162,Ses03F_impro03_F004,Ses03F,1,private
train,2163,Ses03F_impro03_F005,Ses03F,1,private
train,2164,Ses03F_impro03_F006,Ses03F,1,private
train,2165,Ses03F_impro03_F007,Ses03F,1,private
train,2166,Ses03F_impro03_F008,Ses03F,1,private
train,2167,Ses03F_impro03_F009,Ses03F,1,private
train,2168,Ses03F_impro03_F011,Ses03F,1,private
train,2169,Ses03F_impro03_F012,Ses03F,1,private
train,2170,Ses03F_impro03_F013,Ses03F,1,private
train,2171,Ses03F_impro03_F014,Ses03F,1,private
train,2172,Ses03F_impro03_F015,Ses03F,1,private
train,2173,Ses03F_impro03_F016,Ses03F,1,private
train,2174,Ses03F_impro03_F017,Ses03F,1,private
train,2175,Ses03F_impro03_F018,Ses03F,1,private
train,2176,Ses03F_impro03_F019,Ses03F,1,private
train,2177,Ses03F_impro03_F020,Ses03F,1,private
train,2178,Ses03F_impro03_F021,Ses03F,1,private
train,2179,Ses03F_impro03_F024,Ses03F,1,private
train,2180,Ses03F_impro03_M000,Ses03M,1,private
train,2181,Ses03F_impro03_M001,Ses03M,1,private
train,2182,Ses03F_impro03_M002,Ses03M,1,private
train,2183,Ses03F_impro03_M005,Ses03M,1,private
train,2184,Ses03F_impro03_M006,Ses03M,1,private
train,2185,Ses03F_impro03_M007,Ses03M,1,private
train,2186,Ses03F_impro03_M010,Ses03M,1,private
train,2187,Ses03F_impro03_M015,Ses03M,1,private
train,2188,Ses03F_impro03_M021,Ses03M,1,private
train,2189,Ses03F_impro04_F002,Ses03F,3,private
train,2190,Ses03F_impro04_F022,Ses03F,3,private
train,2191,Ses03F_impro04_F023,Ses03F,3,private
train,2192,Ses03F_impro04_F024,Ses03F,3,private
train,2193,Ses03F_impro04_M000,Ses03M,2,private
train,2194,Ses03F_impro04_M001,Ses03M,2,private
train,2195,Ses03F_impro04_M002,Ses03M,2,private
train,2196,Ses03F_impro04_M003,Ses03M,2,private
train,2197,Ses03F_impro04_M004,Ses03M,2,private
train,2198,Ses03F_impro04_M005,Ses03M,2,private
train,2199,Ses03F_impro04_M006,Ses03M,2,private
train,2200,Ses03F_impro04_M007,Ses03M,2,private
train,2201,Ses03F_impro04_M008,Ses03M,2,private
train,2202,Ses03F_impro04_M009,Ses03M,2,private
train,2203,Ses03F_impro04_M010,Ses03M,2,private
train,2204,Ses03F_impro04_M011,Ses03M,2,private
train,2205,Ses03F_impro04_M012,Ses03M,2,private
train,2206,Ses03F_impro04_M013,Ses03M,2,private
train,2207,Ses03F_impro04_M014,Ses03M,2,private
train,2208,Ses03F_impro04_M015,Ses03M,2,private
train,2209,Ses03F_impro04_M016,Ses03M,2,private
train,2210,Ses03F_impro04_M017,Ses03M,2,private
train,2211,Ses03F_impro04_M018,Ses03M,2,private
train,2212,Ses03F_impro04_M019,Ses03M,2,private
train,2213,Ses03F_impro05_F002,Ses03F,0,private
train,2214,Ses03F_impro05_F005,Ses03F,0,private
train,2215,Ses03F_impro05_F007,Ses03F,0,private
train,2216,Ses03F_impro05_F008,Ses03F,0,private
train,2217,Ses03F_impro05_F009,Ses03F,0,private
train,2218,Ses03F_impro05_F010,Ses03F,0,private
train,2219,Ses03F_impro05_F011,Ses03F,0,private
train,2220,Ses03F_impro05_F015,Ses03F,0,private
train,2221,Ses03F_impro05_F016,Ses03F,0,private
train,2222,Ses03F_impro05_F017,Ses03F,0,private
train,2223,Ses03F_impro05_M003,Ses03M,2,private
train,2224,Ses03F_impro05_M008,Ses03M,2,private
train,2225,Ses03F_impro05_M009,Ses03M,2,private
train,2226,Ses03F_impro05_M011,Ses03M,2,private
train,2227,Ses03F_impro05_M013,Ses03M,2,private
train,2228,Ses03F_impro05_M014,Ses03M,2,private
train,2229,Ses03F_impro06_F000,Ses03F,3,private
train,2230,Ses03F_impro06_F001,Ses03F,3,private
train,2231,Ses03F_impro06_F002,Ses03F,3,private
train,2232,Ses03F_impro06_F003,Ses03F,3,private
train,2233,Ses03F_impro06_F004,Ses03F,3,private
train,2234,Ses03F_impro06_F005,Ses03F,3,private
train,2235,Ses03F_impro06_F006,Ses03F,3,private
train,2236,Ses03F_impro06_F007,Ses03F,3,private
train,2237,Ses03F_impro06_F008,Ses03F,3,private
train,2238,Ses03F_impro06_F009,Ses03F,3,private
train,2239,Ses03F_impro06_F010,Ses03F,3,private
train,2240,Ses03F_impro06_F011,Ses03F,3,private
train,2241,Ses03F_impro06_F012,Ses03F,3,private
train,2242,Ses03F_impro06_F013,Ses03F,3,private
train,2243,Ses03F_impro06_F014,Ses03F,3,private
train,2244,Ses03F_impro06_F015,Ses03F,3,private
train,2245,Ses03F_impro06_F016,Ses03F,3,private
train,2246,Ses03F_impro06_F017,Ses03F,3,private
train,2247,Ses03F_impro06_F018,Ses03F,3,private
train,2248,Ses03F_impro06_F019,Ses03F,3,private
train,2249,Ses03F_impro06_F020,Ses03F,3,private
train,2250,Ses03F_impro06_F021,Ses03F,3,private
train,2251,Ses03F_impro06_F022,Ses03F,3,private
train,2252,Ses03F_impro06_F023,Ses03F,3,private
train,2253,Ses03F_impro06_F024,Ses03F,3,private
train,2254,Ses03F_impro06_F025,Ses03F,3,private
train,2255,Ses03F_impro06_F026,Ses03F,3,private
train,2256,Ses03F_impro06_F027,Ses03F,3,private
train,2257,Ses03F_impro06_F028,Ses03F,3,private
train,2258,Ses03F_impro06_F029,Ses03F,3,private
train,2259,Ses03F_impro06_F030,Ses03F,3,private
train,2260,Ses03F_impro06_F031,Ses03F,3,private
train,2261,Ses03F_impro06_F032,Ses03F,3,private
train,2262,Ses03F_impro06_F033,Ses03F,3,private
train,2263,Ses03F_impro06_F034,Ses03F,3,private
train,2264,Ses03F_impro06_F035,Ses03F,3,private
train,2265,Ses03F_impro06_M000,Ses03M,2,private
train,2266,Ses03F_impro06_M001,Ses03M,2,private
train,2267,Ses03F_impro06_M002,Ses03M,3,private
train,2268,Ses03F_impro06_M003,Ses03M,2,private
train,2269,Ses03F_impro06_M004,Ses03M,3,private
train,2270,Ses03F_impro06_M005,Ses03M,3,private
train,2271,Ses03F_impro06_M006,Ses03M,3,private
train,2272,Ses03F_impro06_M007,Ses03M,3,private
train,2273,Ses03F_impro06_M008,Ses03M,3,private
train,2274,Ses03F_impro06_M009,Ses03M,3,private
train,2275,Ses03F_impro06_M010,Ses03M,3,private
train,2276,Ses03F_impro06_M011,Ses03M,3,private
train,2277,Ses03F_impro06_M012,Ses03M,3,private
train,2278,Ses03F_impro06_M013,Ses03M,3,private
train,2279,Ses03F_impro06_M014,Ses03M,3,private
train,2280,Ses03F_impro06_M015,Ses03M,3,private
train,2281,Ses03F_impro06_M016,Ses03M,3,private
train,2282,Ses03F_impro07_F001,Ses03F,1,private
train,2283,Ses03F_impro07_F004,Ses03F,1,private
train,2284,Ses03F_impro07_F005,Ses03F,1,private
train,2285,Ses03F_impro07_F007,Ses03F,1,private
train,2286,Ses03F_impro07_F008,Ses03F,1,private
train,2287,Ses03F_impro07_F009,Ses03F,1,private
train,2288,Ses03F_impro07_F011,Ses03F,1,private
train,2289,Ses03F_impro07_F012,Ses03F,1,private
train,2290,Ses03F_impro07_F013,Ses03F,1,private
train,2291,Ses03F_impro07_F014,Ses03F,1,private
train,2292,Ses03F_impro07_F015,Ses03F,2,private
train,2293,Ses03F_impro07_F016,Ses03F,1,private
train,2294,Ses03F_impro07_F017,Ses03F,1,private
train,2295,Ses03F_impro07_F019,Ses03F,1,private
train,2296,Ses03F_impro07_F020,Ses03F,1,private
train,2297,Ses03F_impro07_F021,Ses03F,1,private
train,2298,Ses03F_impro07_F022,Ses03F,1,private
train,2299,Ses03F_impro07_F023,Ses03F,1,private
train,2300,Ses03F_impro07_F025,Ses03F,1,private
train,2301,Ses03F_impro07_F026,Ses03F,1,private
train,2302,Ses03F_impro07_F027,Ses03F,1,private
train,2303,Ses03F_impro07_F028,Ses03F,1,private
train,2304,Ses03F_impro07_F029,Ses03F,1,private
train,2305,Ses03F_impro07_F031,Ses03F,2,private
train,2306,Ses03F_impro07_F032,Ses03F,1,private
train,2307,Ses03F_impro07_F034,Ses03F,1,private
train,2308,Ses03F_impro07_F035,Ses03F,1,private
train,2309,Ses03F_impro07_M000,Ses03M,2,private
train,2310,Ses03F_impro07_M001,Ses03M,2,private
train,2311,Ses03F_impro07_M003,Ses03M,2,private
train,2312,Ses03F_impro07_M004,Ses03M,2,private
train,2313,Ses03F_impro07_M008,Ses03M,1,private
train,2314,Ses03F_impro07_M011,Ses03M,1,private
train,2315,Ses03F_impro07_M012,Ses03M,2,private
train,2316,Ses03F_impro07_M013,Ses03M,1,private
train,2317,Ses03F_impro07_M014,Ses03M,1,private
train,2318,Ses03F_impro07_M015,Ses03M,1,private
train,2319,Ses03F_impro07_M019,Ses03M,1,private
train,2320,Ses03F_impro07_M021,Ses03M,2,private
train,2321,Ses03F_impro07_M022,Ses03M,1,private
train,2322,Ses03F_impro07_M023,Ses03M,2,private
train,2323,Ses03F_impro07_M025,Ses03M,2,private
train,2324,Ses03F_impro07_M026,Ses03M,1,private
train,2325,Ses03F_impro07_M027,Ses03M,1,private
train,2326,Ses03F_impro07_M028,Ses03M,1,private
train,2327,Ses03F_impro07_M029,Ses03M,1,private
train,2328,Ses03F_impro07_M032,Ses03M,1,private
train,2329,Ses03F_impro07_M033,Ses03M,2,private
train,2330,Ses03F_impro07_M034,Ses03M,1,private
train,2331,Ses03F_impro07_M035,Ses03M,1,private
train,2332,Ses03F_impro08_F000,Ses03F,2,private
train,2333,Ses03F_impro08_F001,Ses03F,2,private
train,2334,Ses03F_impro08_F002,Ses03F,2,private
train,2335,Ses03F_impro08_F003,Ses03F,2,private
train,2336,Ses03F_impro08_F004,Ses03F,2,private
train,2337,Ses03F_impro08_F005,Ses03F,2,private
train,2338,Ses03F_impro08_F006,Ses03F,2,private
train,2339,Ses03F_impro08_F007,Ses03F,2,private
train,2340,Ses03F_impro08_F008,Ses03F,2,private
train,2341,Ses03F_impro08_F009,Ses03F,2,private
train,2342,Ses03F_impro08_F010,Ses03F,2,private
train,2343,Ses03F_impro08_F011,Ses03F,2,private
train,2344,Ses03F_impro08_F012,Ses03F,2,private
train,2345,Ses03F_impro08_F013,Ses03F,2,private
train,2346,Ses03F_impro08_F014,Ses03F,2,private
train,2347,Ses03F_impro08_F015,Ses03F,2,private
train,2348,Ses03F_impro08_F016,Ses03F,2,private
train,2349,Ses03F_impro08_F020,Ses03F,2,private
train,2350,Ses03F_impro08_F021,Ses03F,2,private
train,2351,Ses03F_impro08_F022,Ses03F,2,private
train,2352,Ses03F_impro08_F023,Ses03F,2,private
train,2353,Ses03F_impro08_F024,Ses03F,2,private
train,2354,Ses03F_impro08_F025,Ses03F,2,private
train,2355,Ses03F_impro08_F026,Ses03F,2,private
train,2356,Ses03F_impro08_F027,Ses03F,2,private
train,2357,Ses03F_impro08_F028,Ses03F,2,private
train,2358,Ses03F_impro08_F029,Ses03F,2,private
train,2359,Ses03F_impro08_M000,Ses03M,0,private
train,2360,Ses03F_impro08_M006,Ses03M,0,private
train,2361,Ses03F_impro08_M007,Ses03M,0,private
train,2362,Ses03F_impro08_M008,Ses03M,0,private
train,2363,Ses03F_impro08_M009,Ses03M,0,private
train,2364,Ses03F_impro08_M010,Ses03M,0,private
train,2365,Ses03F_impro08_M011,Ses03M,0,private
train,2366,Ses03F_impro08_M012,Ses03M,0,private
train,2367,Ses03F_impro08_M014,Ses03M,0,private
train,2368,Ses03F_impro08_M015,Ses03M,0,private
train,2369,Ses03F_impro08_M021,Ses03M,2,private
train,2370,Ses03F_script01_1_F004,Ses03F,2,private
train,2371,Ses03F_script01_1_F005,Ses03F,2,private
train,2372,Ses03F_script01_1_F007,Ses03F,2,private
train,2373,Ses03F_script01_1_F010,Ses03F,2,private
train,2374,Ses03F_script01_1_F014,Ses03F,2,private
train,2375,Ses03F_script01_1_F017,Ses03F,0,private
train,2376,Ses03F_script01_1_F019,Ses03F,2,private
train,2377,Ses03F_script01_1_F021,Ses03F,2,private
train,2378,Ses03F_script01_1_F030,Ses03F,2,private
train,2379,Ses03F_script01_1_F031,Ses03F,2,private
train,2380,Ses03F_script01_1_F045,Ses03F,2,private
train,2381,Ses03F_script01_1_F046,Ses03F,2,private
train,2382,Ses03F_script01_1_F050,Ses03F,2,private
train,2383,Ses03F_script01_1_F052,Ses03F,2,private
train,2384,Ses03F_script01_1_F053,Ses03F,2,private
train,2385,Ses03F_script01_1_M000,Ses03M,2,private
train,2386,Ses03F_script01_1_M001,Ses03M,2,private
train,2387,Ses03F_script01_1_M002,Ses03M,2,private
train,2388,Ses03F_script01_1_M003,Ses03M,2,private
train,2389,Ses03F_script01_1_M004,Ses03M,2,private
train,2390,Ses03F_script01_1_M005,Ses03M,2,private
train,2391,Ses03F_script01_1_M006,Ses03M,2,private
train,2392,Ses03F_script01_1_M007,Ses03M,2,private
train,2393,Ses03F_script01_1_M008,Ses03M,2,private
train,2394,Ses03F_script01_1_M009,Ses03M,2,private
train,2395,Ses03F_script01_1_M016,Ses03M,2,private
train,2396,Ses03F_script01_1_M017,Ses03M,2,private
train,2397,Ses03F_script01_1_M018,Ses03M,2,private
train,2398,Ses03F_script01_1_M020,Ses03M,2,private
train,2399,Ses03F_script01_1_M021,Ses03M,0,private
train,2400,Ses03F_script01_1_M022,Ses03M,0,private
train,2401,Ses03F_script01_1_M026,Ses03M,3,private
train,2402,Ses03F_script01_1_M027,Ses03M,0,private
train,2403,Ses03F_script01_1_M028,Ses03M,2,private
train,2404,Ses03F_script01_1_M029,Ses03M,2,private
train,2405,Ses03F_script01_1_M030,Ses03M,2,private
train,2406,Ses03F_script01_1_M031,Ses03M,2,private
train,2407,Ses03F_script01_1_M034,Ses03M,2,private
train,2408,Ses03F_script01_1_M036,Ses03M,2,private
train,2409,Ses03F_script01_1_M041,Ses03M,2,private
train,2410,Ses03F_script01_1_M042,Ses03M,2,private
train,2411,Ses03F_script01_1_M045,Ses03M,0,private
train,2412,Ses03F_script01_1_M046,Ses03M,0,private
train,2413,Ses03F_script01_1_M047,Ses03M,2,private
train,2414,Ses03F_script01_1_M048,Ses03M,2,private
train,2415,Ses03F_script01_1_M049,Ses03M,2,private
train,2416,Ses03F_script01_1_M050,Ses03M,2,private
train,2417,Ses03F_script01_1_M052,Ses03M,2,private
train,2418,Ses03F_script01_1_M053,Ses03M,2,private
train,2419,Ses03F_script01_2_F000,Ses03F,0,private
train,2420,Ses03F_script01_2_F001,Ses03F,0,private
train,2421,Ses03F_script01_2_F002,Ses03F,0,private
train,2422,Ses03F_script01_2_F004,Ses03F,0,private
train,2423,Ses03F_script01_2_F006,Ses03F,0,private
train,2424,Ses03F_script01_2_F011,Ses03F,3,private
train,2425,Ses03F_script01_2_F013,Ses03F,0,private
train,2426,Ses03F_script01_2_F015,Ses03F,0,private
train,2427,Ses03F_script01_2_F016,Ses03F,0,private
train,2428,Ses03F_script01_2_F018,Ses03F,3,private
train,2429,Ses03F_script01_2_F020,Ses03F,3,private
train,2430,Ses03F_script01_2_F021,Ses03F,3,private
train,2431,Ses03F_script01_2_M001,Ses03M,2,private
train,2432,Ses03F_script01_2_M003,Ses03M,2,private
train,2433,Ses03F_script01_2_M004,Ses03M,2,private
train,2434,Ses03F_script01_2_M006,Ses03M,2,private
train,2435,Ses03F_script01_2_M007,Ses03M,2,private
train,2436,Ses03F_script01_2_M008,Ses03M,2,private
train,2437,Ses03F_script01_2_M009,Ses03M,2,private
train,2438,Ses03F_script01_2_M011,Ses03M,0,private
train,2439,Ses03F_script01_2_M013,Ses03M,0,private
train,2440,Ses03F_script01_2_M014,Ses03M,0,private
train,2441,Ses03F_script01_2_M015,Ses03M,0,private
train,2442,Ses03F_script01_2_M016,Ses03M,0,private
train,2443,Ses03F_script01_2_M017,Ses03M,0,private
train,2444,Ses03F_script01_2_M018,Ses03M,0,private
train,2445,Ses03F_script01_3_F000,Ses03F,1,private
train,2446,Ses03F_script01_3_F001,Ses03F,1,private
train,2447,Ses03F_script01_3_F002,Ses03F,1,private
train,2448,Ses03F_script01_3_F003,Ses03F,3,private
train,2449,Ses03F_script01_3_F008,Ses03F,3,private
train,2450,Ses03F_script01_3_F011,Ses03F,1,private
train,2451,Ses03F_script01_3_F012,Ses03F,1,private
train,2452,Ses03F_script01_3_F013,Ses03F,1,private
train,2453,Ses03F_script01_3_F014,Ses03F,1,private
train,2454,Ses03F_script01_3_F018,Ses03F,1,private
train,2455,Ses03F_script01_3_F021,Ses03F,1,private
train,2456,Ses03F_script01_3_F023,Ses03F,1,private
train,2457,Ses03F_script01_3_F025,Ses03F,3,private
train,2458,Ses03F_script01_3_F026,Ses03F,3,private
train,2459,Ses03F_script01_3_F027,Ses03F,3,private
train,2460,Ses03F_script01_3_F028,Ses03F,3,private
train,2461,Ses03F_script01_3_F029,Ses03F,3,private
train,2462,Ses03F_script01_3_F030,Ses03F,3,private
train,2463,Ses03F_script01_3_F031,Ses03F,3,private
train,2464,Ses03F_script01_3_F032,Ses03F,3,private
train,2465,Ses03F_script01_3_F033,Ses03F,3,private
train,2466,Ses03F_script01_3_F035,Ses03F,1,private
train,2467,Ses03F_script01_3_M000,Ses03M,1,private
train,2468,Ses03F_script01_3_M001,Ses03M,2,private
train,2469,Ses03F_script01_3_M003,Ses03M,2,private
train,2470,Ses03F_script01_3_M004,Ses03M,2,private
train,2471,Ses03F_script01_3_M006,Ses03M,1,private
train,2472,Ses03F_script01_3_M009,Ses03M,1,private
train,2473,Ses03F_script01_3_M010,Ses03M,1,private
train,2474,Ses03F_script01_3_M011,Ses03M,1,private
train,2475,Ses03F_script01_3_M012,Ses03M,1,private
train,2476,Ses03F_script01_3_M013,Ses03M,1,private
train,2477,Ses03F_script01_3_M014,Ses03M,1,private
train,2478,Ses03F_script01_3_M015,Ses03M,1,private
train,2479,Ses03F_script01_3_M018,Ses03M,1,private
train,2480,Ses03F_script01_3_M019,Ses03M,1,private
train,2481,Ses03F_script01_3_M020,Ses03M,1,private
train,2482,Ses03F_script01_3_M021,Ses03M,1,private
train,2483,Ses03F_script01_3_M023,Ses03M,1,private
train,2484,Ses03F_script01_3_M024,Ses03M,1,private
train,2485,Ses03F_script01_3_M025,Ses03M,3,private
train,2486,Ses03F_script01_3_M026,Ses03M,2,private
train,2487,Ses03F_script01_3_M027,Ses03M,3,private
train,2488,Ses03F_script01_3_M028,Ses03M,3,private
train,2489,Ses03F_script01_3_M029,Ses03M,3,private
train,2490,Ses03F_script01_3_M030,Ses03M,3,private
train,2491,Ses03F_script01_3_M031,Ses03M,3,private
train,2492,Ses03F_script01_3_M032,Ses03M,3,private
train,2493,Ses03F_script01_3_M033,Ses03M,3,private
train,2494,Ses03F_script01_3_M034,Ses03M,3,private
train,2495,Ses03F_script01_3_M035,Ses03M,3,private
train,2496,Ses03F_script01_3_M036,Ses03M,3,private
train,2497,Ses03F_script01_3_M037,Ses03M,3,private
train,2498,Ses03F_script01_3_M038,Ses03M,3,private
train,2499,Ses03F_script01_3_M039,Ses03M,3,private
train,2500,Ses03F_script01_3_M040,Ses03M,3,private
train,2501,Ses03F_script01_3_M041,Ses03M,3,private
train,2502,Ses03F_script01_3_M042,Ses03M,3,private
train,2503,Ses03F_script01_3_M043,Ses03M,3,private
train,2504,Ses03F_script01_3_M045,Ses03M,1,private
train,2505,Ses03F_script01_3_M046,Ses03M,1,private
train,2506,Ses03F_script02_1_F000,Ses03F,3,private
train,2507,Ses03F_script02_1_F003,Ses03F,0,private
train,2508,Ses03F_script02_1_F010,Ses03F,3,private
train,2509,Ses03F_script02_1_F011,Ses03F,3,private
train,2510,Ses03F_script02_1_F012,Ses03F,0,private
train,2511,Ses03F_script02_1_M000,Ses03M,1,private
train,2512,Ses03F_script02_1_M001,Ses03M,1,private
train,2513,Ses03F_script02_1_M002,Ses03M,1,private
train,2514,Ses03F_script02_1_M003,Ses03M,1,private
train,2515,Ses03F_script02_1_M004,Ses03M,1,private
train,2516,Ses03F_script02_1_M005,Ses03M,1,private
train,2517,Ses03F_script02_1_M006,Ses03M,1,private
train,2518,Ses03F_script02_1_M009,Ses03M,1,private
train,2519,Ses03F_script02_1_M010,Ses03M,1,private
train,2520,Ses03F_script02_1_M011,Ses03M,1,private
train,2521,Ses03F_script02_1_M013,Ses03M,1,private
train,2522,Ses03F_script02_1_M014,Ses03M,1,private
train,2523,Ses03F_script02_1_M015,Ses03M,1,private
train,2524,Ses03F_script02_1_M016,Ses03M,1,private
train,2525,Ses03F_script02_1_M017,Ses03M,2,private
train,2526,Ses03F_script02_1_M019,Ses03M,2,private
train,2527,Ses03F_script02_1_M020,Ses03M,2,private
train,2528,Ses03F_script02_1_M021,Ses03M,1,private
train,2529,Ses03F_script02_1_M022,Ses03M,2,private
train,2530,Ses03F_script02_1_M023,Ses03M,2,private
train,2531,Ses03F_script02_1_M036,Ses03M,1,private
train,2532,Ses03F_script02_1_M038,Ses03M,1,private
train,2533,Ses03F_script02_1_M039,Ses03M,1,private
train,2534,Ses03F_script02_1_M040,Ses03M,1,private
train,2535,Ses03F_script02_1_M041,Ses03M,1,private
train,2536,Ses03F_script02_1_M042,Ses03M,1,private
train,2537,Ses03F_script02_1_M044,Ses03M,2,private
train,2538,Ses03F_script02_2_F000,Ses03F,2,private
train,2539,Ses03F_script02_2_F005,Ses03F,0,private
train,2540,Ses03F_script02_2_F012,Ses03F,0,private
train,2541,Ses03F_script02_2_F016,Ses03F,3,private
train,2542,Ses03F_script02_2_F017,Ses03F,3,private
train,2543,Ses03F_script02_2_F018,Ses03F,3,private
train,2544,Ses03F_script02_2_F019,Ses03F,1,private
train,2545,Ses03F_script02_2_F020,Ses03F,1,private
train,2546,Ses03F_script02_2_F021,Ses03F,1,private
train,2547,Ses03F_script02_2_F022,Ses03F,3,private
train,2548,Ses03F_script02_2_F023,Ses03F,1,private
train,2549,Ses03F_script02_2_F024,Ses03F,3,private
train,2550,Ses03F_script02_2_F025,Ses03F,3,private
train,2551,Ses03F_script02_2_F026,Ses03F,3,private
train,2552,Ses03F_script02_2_F027,Ses03F,3,private
train,2553,Ses03F_script02_2_F028,Ses03F,3,private
train,2554,Ses03F_script02_2_F031,Ses03F,0,private
train,2555,Ses03F_script02_2_F035,Ses03F,0,private
train,2556,Ses03F_script02_2_F036,Ses03F,3,private
train,2557,Ses03F_script02_2_F038,Ses03F,3,private
train,2558,Ses03F_script02_2_F039,Ses03F,3,private
train,2559,Ses03F_script02_2_F040,Ses03F,3,private
train,2560,Ses03F_script02_2_F043,Ses03F,1,private
train,2561,Ses03F_script02_2_F044,Ses03F,1,private
train,2562,Ses03F_script02_2_F045,Ses03F,1,private
train,2563,Ses03F_script02_2_F048,Ses03F,1,private
train,2564,Ses03F_script02_2_F050,Ses03F,1,private
train,2565,Ses03F_script02_2_F051,Ses03F,3,private
train,2566,Ses03F_script02_2_M001,Ses03M,2,private
train,2567,Ses03F_script02_2_M005,Ses03M,2,private
train,2568,Ses03F_script02_2_M008,Ses03M,2,private
train,2569,Ses03F_script02_2_M016,Ses03M,2,private
train,2570,Ses03F_script02_2_M026,Ses03M,0,private
train,2571,Ses03F_script02_2_M038,Ses03M,1,private
train,2572,Ses03F_script02_2_M039,Ses03M,1,private
train,2573,Ses03F_script02_2_M040,Ses03M,1,private
train,2574,Ses03F_script02_2_M041,Ses03M,1,private
train,2575,Ses03F_script02_2_M042,Ses03M,2,private
train,2576,Ses03F_script02_2_M043,Ses03M,2,private
train,2577,Ses03F_script02_2_M044,Ses03M,1,private
train,2578,Ses03F_script02_2_M045,Ses03M,1,private
train,2579,Ses03F_script03_1_F000,Ses03F,2,private
train,2580,Ses03F_script03_1_F001,Ses03F,2,private
train,2581,Ses03F_script03_1_F009,Ses03F,1,private
train,2582,Ses03F_script03_1_F014,Ses03F,3,private
train,2583,Ses03F_script03_1_F015,Ses03F,3,private
train,2584,Ses03F_script03_1_F019,Ses03F,1,private
train,2585,Ses03F_script03_1_F021,Ses03F,1,private
train,2586,Ses03F_script03_1_F025,Ses03F,1,private
train,2587,Ses03F_script03_1_F026,Ses03F,1,private
train,2588,Ses03F_script03_1_F027,Ses03F,1,private
train,2589,Ses03F_script03_1_M004,Ses03M,2,private
train,2590,Ses03F_script03_1_M005,Ses03M,2,private
train,2591,Ses03F_script03_1_M007,Ses03M,1,private
train,2592,Ses03F_script03_1_M011,Ses03M,1,private
train,2593,Ses03F_script03_1_M013,Ses03M,1,private
train,2594,Ses03F_script03_1_M020,Ses03M,1,private
train,2595,Ses03F_script03_1_M022,Ses03M,1,private
train,2596,Ses03F_script03_1_M027,Ses03M,1,private
train,2597,Ses03F_script03_2_F004,Ses03F,2,private
train,2598,Ses03F_script03_2_F008,Ses03F,2,private
train,2599,Ses03F_script03_2_F013,Ses03F,2,private
train,2600,Ses03F_script03_2_F014,Ses03F,0,private
train,2601,Ses03F_script03_2_F015,Ses03F,0,private
train,2602,Ses03F_script03_2_F017,Ses03F,2,private
train,2603,Ses03F_script03_2_F018,Ses03F,0,private
train,2604,Ses03F_script03_2_F023,Ses03F,0,private
train,2605,Ses03F_script03_2_F026,Ses03F,0,private
train,2606,Ses03F_script03_2_F035,Ses03F,0,private
train,2607,Ses03F_script03_2_F037,Ses03F,0,private
train,2608,Ses03F_script03_2_F038,Ses03F,0,private
train,2609,Ses03F_script03_2_F039,Ses03F,0,private
train,2610,Ses03F_script03_2_F040,Ses03F,0,private
train,2611,Ses03F_script03_2_F041,Ses03F,0,private
train,2612,Ses03F_script03_2_F042,Ses03F,0,private
train,2613,Ses03F_script03_2_F043,Ses03F,0,private
train,2614,Ses03F_script03_2_M000,Ses03M,0,private
train,2615,Ses03F_script03_2_M001,Ses03M,0,private
train,2616,Ses03F_script03_2_M002,Ses03M,0,private
train,2617,Ses03F_script03_2_M005,Ses03M,0,private
train,2618,Ses03F_script03_2_M007,Ses03M,0,private
train,2619,Ses03F_script03_2_M008,Ses03M,0,private
train,2620,Ses03F_script03_2_M009,Ses03M,2,private
train,2621,Ses03F_script03_2_M010,Ses03M,2,private
train,2622,Ses03F_script03_2_M011,Ses03M,2,private
train,2623,Ses03F_script03_2_M012,Ses03M,2,private
train,2624,Ses03F_script03_2_M014,Ses03M,0,private
train,2625,Ses03F_script03_2_M015,Ses03M,0,private
train,2626,Ses03F_script03_2_M016,Ses03M,0,private
train,2627,Ses03F_script03_2_M017,Ses03M,0,private
train,2628,Ses03F_script03_2_M020,Ses03M,0,private
train,2629,Ses03F_script03_2_M024,Ses03M,0,private
train,2630,Ses03F_script03_2_M026,Ses03M,0,private
train,2631,Ses03F_script03_2_M027,Ses03M,0,private
train,2632,Ses03F_script03_2_M028,Ses03M,0,private
train,2633,Ses03F_script03_2_M029,Ses03M,0,private
train,2634,Ses03F_script03_2_M030,Ses03M,0,private
train,2635,Ses03F_script03_2_M034,Ses03M,0,private
train,2636,Ses03F_script03_2_M035,Ses03M,2,private
train,2637,Ses03F_script03_2_M038,Ses03M,0,private
train,2638,Ses03F_script03_2_M039,Ses03M,0,private
train,2639,Ses03F_script03_2_M040,Ses03M,0,private
train,2640,Ses03F_script03_2_M041,Ses03M,0,private
train,2641,Ses03F_script03_2_M042,Ses03M,0,private
train,2642,Ses03F_script03_2_M043,Ses03M,0,private
train,2643,Ses03F_script03_2_M044,Ses03M,0,private
train,2644,Ses03M_impro01_F000,Ses03F,2,private
train,2645,Ses03M_impro01_F003,Ses03F,2,private
train,2646,Ses03M_impro01_F022,Ses03F,0,private
train,2647,Ses03M_impro01_F025,Ses03F,0,private
train,2648,Ses03M_impro01_M004,Ses03M,0,private
train,2649,Ses03M_impro01_M011,Ses03M,0,private
train,2650,Ses03M_impro01_M012,Ses03M,0,private
train,2651,Ses03M_impro01_M014,Ses03M,0,private
train,2652,Ses03M_impro01_M015,Ses03M,0,private
train,2653,Ses03M_impro01_M017,Ses03M,0,private
train,2654,Ses03M_impro01_M019,Ses03M,0,private
train,2655,Ses03M_impro01_M023,Ses03M,0,private
train,2656,Ses03M_impro01_M028,Ses03M,0,private
train,2657,Ses03M_impro01_M029,Ses03M,0,private
train,2658,Ses03M_impro02_F000,Ses03F,1,private
train,2659,Ses03M_impro02_F003,Ses03F,1,private
train,2660,Ses03M_impro02_F013,Ses03F,3,private
train,2661,Ses03M_impro02_F014,Ses03F,3,private
train,2662,Ses03M_impro02_F015,Ses03F,3,private
train,2663,Ses03M_impro02_F016,Ses03F,3,private
train,2664,Ses03M_impro02_F017,Ses03F,3,private
train,2665,Ses03M_impro02_F022,Ses03F,3,private
train,2666,Ses03M_impro02_F023,Ses03F,3,private
train,2667,Ses03M_impro02_F024,Ses03F,3,private
train,2668,Ses03M_impro02_F025,Ses03F,3,private
train,2669,Ses03M_impro02_F026,Ses03F,3,private
train,2670,Ses03M_impro02_F027,Ses03F,3,private
train,2671,Ses03M_impro02_F028,Ses03F,3,private
train,2672,Ses03M_impro02_F029,Ses03F,3,private
train,2673,Ses03M_impro02_F030,Ses03F,3,private
train,2674,Ses03M_impro02_F031,Ses03F,3,private
train,2675,Ses03M_impro02_F032,Ses03F,3,private
train,2676,Ses03M_impro02_F033,Ses03F,3,private
train,2677,Ses03M_impro02_F034,Ses03F,3,private
train,2678,Ses03M_impro02_M000,Ses03M,3,private
train,2679,Ses03M_impro02_M001,Ses03M,3,private
train,2680,Ses03M_impro02_M002,Ses03M,3,private
train,2681,Ses03M_impro02_M003,Ses03M,3,private
train,2682,Ses03M_impro02_M004,Ses03M,3,private
train,2683,Ses03M_impro02_M005,Ses03M,3,private
train,2684,Ses03M_impro02_M006,Ses03M,3,private
train,2685,Ses03M_impro02_M011,Ses03M,3,private
train,2686,Ses03M_impro02_M012,Ses03M,3,private
train,2687,Ses03M_impro02_M013,Ses03M,2,private
train,2688,Ses03M_impro02_M015,Ses03M,2,private
train,2689,Ses03M_impro02_M016,Ses03M,3,private
train,2690,Ses03M_impro02_M019,Ses03M,3,private
train,2691,Ses03M_impro02_M024,Ses03M,3,private
train,2692,Ses03M_impro02_M025,Ses03M,3,private
train,2693,Ses03M_impro02_M026,Ses03M,3,private
train,2694,Ses03M_impro02_M027,Ses03M,3,private
train,2695,Ses03M_impro02_M028,Ses03M,3,private
train,2696,Ses03M_impro02_M029,Ses03M,3,private
train,2697,Ses03M_impro02_M030,Ses03M,3,private
train,2698,Ses03M_impro02_M031,Ses03M,3,private
train,2699,Ses03M_impro03_F001,Ses03F,1,private
train,2700,Ses03M_impro03_F003,Ses03F,1,private
train,2701,Ses03M_impro03_F004,Ses03F,1,private
train,2702,Ses03M_impro03_F005,Ses03F,1,private
train,2703,Ses03M_impro03_F006,Ses03F,1,private
train,2704,Ses03M_impro03_F010,Ses03F,1,private
train,2705,Ses03M_impro03_F012,Ses03F,1,private
train,2706,Ses03M_impro03_F015,Ses03F,2,private
train,2707,Ses03M_impro03_F016,Ses03F,1,private
train,2708,Ses03M_impro03_F017,Ses03F,1,private
train,2709,Ses03M_impro03_F018,Ses03F,2,private
train,2710,Ses03M_impro03_F021,Ses03F,1,private
train,2711,Ses03M_impro03_F022,Ses03F,1,private
train,2712,Ses03M_impro03_F023,Ses03F,1,private
train,2713,Ses03M_impro03_F024,Ses03F,1,private
train,2714,Ses03M_impro03_F025,Ses03F,1,private
train,2715,Ses03M_impro03_F026,Ses03F,1,private
train,2716,Ses03M_impro03_F027,Ses03F,1,private
train,2717,Ses03M_impro03_F033,Ses03F,1,private
train,2718,Ses03M_impro03_F036,Ses03F,2,private
train,2719,Ses03M_impro03_M000,Ses03M,1,private
train,2720,Ses03M_impro03_M001,Ses03M,1,private
train,2721,Ses03M_impro03_M002,Ses03M,1,private
train,2722,Ses03M_impro03_M003,Ses03M,1,private
train,2723,Ses03M_impro03_M004,Ses03M,1,private
train,2724,Ses03M_impro03_M011,Ses03M,1,private
train,2725,Ses03M_impro03_M012,Ses03M,1,private
train,2726,Ses03M_impro03_M013,Ses03M,1,private
train,2727,Ses03M_impro03_M014,Ses03M,1,private
train,2728,Ses03M_impro03_M015,Ses03M,1,private
train,2729,Ses03M_impro03_M016,Ses03M,1,private
train,2730,Ses03M_impro03_M017,Ses03M,1,private
train,2731,Ses03M_impro03_M018,Ses03M,1,private
train,2732,Ses03M_impro03_M019,Ses03M,1,private
train,2733,Ses03M_impro03_M020,Ses03M,1,private
train,2734,Ses03M_impro03_M021,Ses03M,1,private
train,2735,Ses03M_impro03_M028,Ses03M,2,private
train,2736,Ses03M_impro03_M029,Ses03M,1,private
train,2737,Ses03M_impro03_M030,Ses03M,1,private
train,2738,Ses03M_impro03_M031,Ses03M,1,private
train,2739,Ses03M_impro03_M032,Ses03M,1,private
train,2740,Ses03M_impro03_M033,Ses03M,2,private
train,2741,Ses03M_impro03_M035,Ses03M,1,private
train,2742,Ses03M_impro03_M038,Ses03M,2,private
train,2743,Ses03M_impro03_M039,Ses03M,1,private
train,2744,Ses03M_impro04_F001,Ses03F,2,private
train,2745,Ses03M_impro04_F003,Ses03F,2,private
train,2746,Ses03M_impro04_F004,Ses03F,2,private
train,2747,Ses03M_impro04_F007,Ses03F,3,private
train,2748,Ses03M_impro04_F008,Ses03F,3,private
train,2749,Ses03M_impro04_F010,Ses03F,1,private
train,2750,Ses03M_impro04_F014,Ses03F,2,private
train,2751,Ses03M_impro04_F015,Ses03F,2,private
train,2752,Ses03M_impro04_F023,Ses03F,2,private
train,2753,Ses03M_impro04_F025,Ses03F,2,private
train,2754,Ses03M_impro04_F029,Ses03F,2,private
train,2755,Ses03M_impro04_F030,Ses03F,2,private
train,2756,Ses03M_impro04_F031,Ses03F,2,private
train,2757,Ses03M_impro04_F032,Ses03F,2,private
train,2758,Ses03M_impro04_M000,Ses03M,3,private
train,2759,Ses03M_impro04_M004,Ses03M,0,private
train,2760,Ses03M_impro04_M008,Ses03M,0,private
train,2761,Ses03M_impro04_M014,Ses03M,2,private
train,2762,Ses03M_impro04_M024,Ses03M,2,private
train,2763,Ses03M_impro04_M026,Ses03M,3,private
train,2764,Ses03M_impro04_M030,Ses03M,3,private
train,2765,Ses03M_impro04_M031,Ses03M,3,private
train,2766,Ses03M_impro04_M038,Ses03M,2,private
train,2767,Ses03M_impro04_M041,Ses03M,1,private
train,2768,Ses03M_impro05a_F000,Ses03F,2,private
train,2769,Ses03M_impro05a_F001,Ses03F,2,private
train,2770,Ses03M_impro05a_F002,Ses03F,2,private
train,2771,Ses03M_impro05a_F005,Ses03F,2,private
train,2772,Ses03M_impro05a_F007,Ses03F,2,private
train,2773,Ses03M_impro05a_F008,Ses03F,2,private
train,2774,Ses03M_impro05a_F009,Ses03F,2,private
train,2775,Ses03M_impro05a_F011,Ses03F,2,private
train,2776,Ses03M_impro05a_F012,Ses03F,2,private
train,2777,Ses03M_impro05a_F014,Ses03F,2,private
train,2778,Ses03M_impro05a_F016,Ses03F,2,private
train,2779,Ses03M_impro05a_F018,Ses03F,0,private
train,2780,Ses03M_impro05a_F021,Ses03F,2,private
train,2781,Ses03M_impro05a_F023,Ses03F,2,private
train,2782,Ses03M_impro05a_F024,Ses03F,2,private
train,2783,Ses03M_impro05a_F025,Ses03F,2,private
train,2784,Ses03M_impro05a_F028,Ses03F,0,private
train,2785,Ses03M_impro05a_M000,Ses03M,0,private
train,2786,Ses03M_impro05a_M001,Ses03M,0,private
train,2787,Ses03M_impro05a_M002,Ses03M,0,private
train,2788,Ses03M_impro05a_M003,Ses03M,0,private
train,2789,Ses03M_impro05a_M004,Ses03M,0,private
train,2790,Ses03M_impro05a_M005,Ses03M,0,private
train,2791,Ses03M_impro05a_M006,Ses03M,0,private
train,2792,Ses03M_impro05a_M007,Ses03M,0,private
train,2793,Ses03M_impro05a_M010,Ses03M,0,private
train,2794,Ses03M_impro05a_M011,Ses03M,0,private
train,2795,Ses03M_impro05a_M012,Ses03M,0,private
train,2796,Ses03M_impro05a_M013,Ses03M,0,private
train,2797,Ses03M_impro05a_M014,Ses03M,0,private
train,2798,Ses03M_impro05a_M016,Ses03M,0,private
train,2799,Ses03M_impro05a_M017,Ses03M,0,private
train,2800,Ses03M_impro05a_M018,Ses03M,0,private
train,2801,Ses03M_impro05a_M020,Ses03M,0,private
train,2802,Ses03M_impro05a_M021,Ses03M,0,private
train,2803,Ses03M_impro05a_M022,Ses03M,0,private
train,2804,Ses03M_impro05a_M023,Ses03M,0,private
train,2805,Ses03M_impro05a_M024,Ses03M,0,private
train,2806,Ses03M_impro05a_M025,Ses03M,0,private
train,2807,Ses03M_impro05a_M026,Ses03M,0,private
train,2808,Ses03M_impro05a_M027,Ses03M,0,private
train,2809,Ses03M_impro05a_M028,Ses03M,0,private
train,2810,Ses03M_impro05a_M029,Ses03M,0,private
train,2811,Ses03M_impro05a_M030,Ses03M,1,private
train,2812,Ses03M_impro05b_F000,Ses03F,2,private
train,2813,Ses03M_impro05b_F001,Ses03F,2,private
train,2814,Ses03M_impro05b_F002,Ses03F,2,private
train,2815,Ses03M_impro05b_F003,Ses03F,2,private
train,2816,Ses03M_impro05b_F004,Ses03F,2,private
train,2817,Ses03M_impro05b_F005,Ses03F,2,private
train,2818,Ses03M_impro05b_F006,Ses03F,2,private
train,2819,Ses03M_impro05b_F007,Ses03F,2,private
train,2820,Ses03M_impro05b_F008,Ses03F,2,private
train,2821,Ses03M_impro05b_F009,Ses03F,2,private
train,2822,Ses03M_impro05b_F010,Ses03F,2,private
train,2823,Ses03M_impro05b_F011,Ses03F,2,private
train,2824,Ses03M_impro05b_F012,Ses03F,2,private
train,2825,Ses03M_impro05b_F013,Ses03F,2,private
train,2826,Ses03M_impro05b_F014,Ses03F,2,private
train,2827,Ses03M_impro05b_F015,Ses03F,2,private
train,2828,Ses03M_impro05b_F016,Ses03F,2,private
train,2829,Ses03M_impro05b_F018,Ses03F,2,private
train,2830,Ses03M_impro05b_F019,Ses03F,2,private
train,2831,Ses03M_impro05b_F020,Ses03F,2,private
train,2832,Ses03M_impro05b_F021,Ses03F,2,private
train,2833,Ses03M_impro05b_F022,Ses03F,2,private
train,2834,Ses03M_impro05b_F023,Ses03F,2,private
train,2835,Ses03M_impro05b_F027,Ses03F,2,private
train,2836,Ses03M_impro05b_F028,Ses03F,2,private
train,2837,Ses03M_impro05b_F029,Ses03F,2,private
train,2838,Ses03M_impro05b_F030,Ses03F,2,private
train,2839,Ses03M_impro05b_M008,Ses03M,0,private
train,2840,Ses03M_impro05b_M011,Ses03M,0,private
train,2841,Ses03M_impro05b_M013,Ses03M,0,private
train,2842,Ses03M_impro05b_M014,Ses03M,0,private
train,2843,Ses03M_impro05b_M015,Ses03M,0,private
train,2844,Ses03M_impro05b_M016,Ses03M,0,private
train,2845,Ses03M_impro05b_M019,Ses03M,2,private
train,2846,Ses03M_impro05b_M020,Ses03M,0,private
train,2847,Ses03M_impro05b_M021,Ses03M,0,private
train,2848,Ses03M_impro05b_M022,Ses03M,0,private
train,2849,Ses03M_impro05b_M023,Ses03M,0,private
train,2850,Ses03M_impro05b_M024,Ses03M,0,private
train,2851,Ses03M_impro05b_M025,Ses03M,0,private
train,2852,Ses03M_impro05b_M026,Ses03M,0,private
train,2853,Ses03M_impro05b_M027,Ses03M,0,private
train,2854,Ses03M_impro05b_M029,Ses03M,0,private
train,2855,Ses03M_impro05b_M031,Ses03M,0,private
train,2856,Ses03M_impro05b_M032,Ses03M,0,private
train,2857,Ses03M_impro05b_M033,Ses03M,0,private
train,2858,Ses03M_impro06_F000,Ses03F,3,private
train,2859,Ses03M_impro06_F001,Ses03F,3,private
train,2860,Ses03M_impro06_F002,Ses03F,3,private
train,2861,Ses03M_impro06_F003,Ses03F,3,private
train,2862,Ses03M_impro06_F004,Ses03F,3,private
train,2863,Ses03M_impro06_F005,Ses03F,3,private
train,2864,Ses03M_impro06_F007,Ses03F,3,private
train,2865,Ses03M_impro06_F008,Ses03F,3,private
train,2866,Ses03M_impro06_F009,Ses03F,3,private
train,2867,Ses03M_impro06_F010,Ses03F,3,private
train,2868,Ses03M_impro06_F011,Ses03F,3,private
train,2869,Ses03M_impro06_F012,Ses03F,3,private
train,2870,Ses03M_impro06_F013,Ses03F,3,private
train,2871,Ses03M_impro06_F014,Ses03F,3,private
train,2872,Ses03M_impro06_F015,Ses03F,3,private
train,2873,Ses03M_impro06_F016,Ses03F,3,private
train,2874,Ses03M_impro06_F017,Ses03F,3,private
train,2875,Ses03M_impro06_F018,Ses03F,3,private
train,2876,Ses03M_impro06_F019,Ses03F,3,private
train,2877,Ses03M_impro06_F020,Ses03F,3,private
train,2878,Ses03M_impro06_M000,Ses03M,3,private
train,2879,Ses03M_impro06_M001,Ses03M,3,private
train,2880,Ses03M_impro06_M002,Ses03M,3,private
train,2881,Ses03M_impro06_M003,Ses03M,3,private
train,2882,Ses03M_impro06_M004,Ses03M,3,private
train,2883,Ses03M_impro06_M005,Ses03M,3,private
train,2884,Ses03M_impro06_M006,Ses03M,3,private
train,2885,Ses03M_impro06_M007,Ses03M,3,private
train,2886,Ses03M_impro06_M008,Ses03M,3,private
train,2887,Ses03M_impro06_M009,Ses03M,3,private
train,2888,Ses03M_impro06_M010,Ses03M,3,private
train,2889,Ses03M_impro06_M011,Ses03M,3,private
train,2890,Ses03M_impro06_M012,Ses03M,3,private
train,2891,Ses03M_impro06_M013,Ses03M,3,private
train,2892,Ses03M_impro06_M014,Ses03M,3,private
train,2893,Ses03M_impro06_M015,Ses03M,3,private
train,2894,Ses03M_impro06_M016,Ses03M,3,private
train,2895,Ses03M_impro06_M017,Ses03M,3,private
train,2896,Ses03M_impro06_M018,Ses03M,3,private
train,2897,Ses03M_impro06_M019,Ses03M,3,private
train,2898,Ses03M_impro06_M020,Ses03M,3,private
train,2899,Ses03M_impro06_M021,Ses03M,3,private
train,2900,Ses03M_impro06_M022,Ses03M,3,private
train,2901,Ses03M_impro06_M023,Ses03M,3,private
train,2902,Ses03M_impro06_M024,Ses03M,3,private
train,2903,Ses03M_impro06_M025,Ses03M,3,private
train,2904,Ses03M_impro06_M026,Ses03M,3,private
train,2905,Ses03M_impro06_M027,Ses03M,3,private
train,2906,Ses03M_impro06_M028,Ses03M,3,private
train,2907,Ses03M_impro06_M029,Ses03M,3,private
train,2908,Ses03M_impro06_M030,Ses03M,3,private
train,2909,Ses03M_impro06_M031,Ses03M,3,private
train,2910,Ses03M_impro06_M032,Ses03M,3,private
train,2911,Ses03M_impro07_F000,Ses03F,1,private
train,2912,Ses03M_impro07_F001,Ses03F,1,private
train,2913,Ses03M_impro07_F006,Ses03F,1,private
train,2914,Ses03M_impro07_F007,Ses03F,1,private
train,2915,Ses03M_impro07_F008,Ses03F,1,private
train,2916,Ses03M_impro07_F009,Ses03F,1,private
train,2917,Ses03M_impro07_F010,Ses03F,1,private
train,2918,Ses03M_impro07_F011,Ses03F,1,private
train,2919,Ses03M_impro07_F012,Ses03F,1,private
train,2920,Ses03M_impro07_F013,Ses03F,1,private
train,2921,Ses03M_impro07_F014,Ses03F,1,private
train,2922,Ses03M_impro07_F016,Ses03F,1,private
train,2923,Ses03M_impro07_F017,Ses03F,1,private
train,2924,Ses03M_impro07_F018,Ses03F,1,private
train,2925,Ses03M_impro07_F019,Ses03F,1,private
train,2926,Ses03M_impro07_F023,Ses03F,2,private
train,2927,Ses03M_impro07_M002,Ses03M,1,private
train,2928,Ses03M_impro07_M003,Ses03M,1,private
train,2929,Ses03M_impro07_M004,Ses03M,1,private
train,2930,Ses03M_impro07_M005,Ses03M,1,private
train,2931,Ses03M_impro07_M006,Ses03M,1,private
train,2932,Ses03M_impro07_M007,Ses03M,1,private
train,2933,Ses03M_impro07_M008,Ses03M,1,private
train,2934,Ses03M_impro07_M009,Ses03M,2,private
train,2935,Ses03M_impro07_M010,Ses03M,1,private
train,2936,Ses03M_impro07_M011,Ses03M,1,private
train,2937,Ses03M_impro07_M013,Ses03M,1,private
train,2938,Ses03M_impro07_M014,Ses03M,1,private
train,2939,Ses03M_impro07_M015,Ses03M,1,private
train,2940,Ses03M_impro07_M016,Ses03M,1,private
train,2941,Ses03M_impro07_M017,Ses03M,1,private
train,2942,Ses03M_impro07_M018,Ses03M,1,private
train,2943,Ses03M_impro07_M019,Ses03M,1,private
train,2944,Ses03M_impro07_M020,Ses03M,1,private
train,2945,Ses03M_impro07_M022,Ses03M,1,private
train,2946,Ses03M_impro07_M023,Ses03M,1,private
train,2947,Ses03M_impro07_M024,Ses03M,1,private
train,2948,Ses03M_impro07_M025,Ses03M,1,private
train,2949,Ses03M_impro08a_F004,Ses03F,2,private
train,2950,Ses03M_impro08a_F013,Ses03F,0,private
train,2951,Ses03M_impro08a_F014,Ses03F,0,private
train,2952,Ses03M_impro08a_F015,Ses03F,0,private
train,2953,Ses03M_impro08a_F020,Ses03F,0,private
train,2954,Ses03M_impro08a_F021,Ses03F,0,private
train,2955,Ses03M_impro08a_F022,Ses03F,0,private
train,2956,Ses03M_impro08a_M000,Ses03M,2,private
train,2957,Ses03M_impro08a_M001,Ses03M,2,private
train,2958,Ses03M_impro08a_M002,Ses03M,2,private
train,2959,Ses03M_impro08a_M003,Ses03M,2,private
train,2960,Ses03M_impro08a_M004,Ses03M,2,private
train,2961,Ses03M_impro08a_M005,Ses03M,2,private
train,2962,Ses03M_impro08a_M006,Ses03M,2,private
train,2963,Ses03M_impro08a_M007,Ses03M,2,private
train,2964,Ses03M_impro08a_M008,Ses03M,2,private
train,2965,Ses03M_impro08a_M009,Ses03M,2,private
train,2966,Ses03M_impro08a_M010,Ses03M,2,private
train,2967,Ses03M_impro08a_M012,Ses03M,2,private
train,2968,Ses03M_impro08a_M013,Ses03M,2,private
train,2969,Ses03M_impro08a_M016,Ses03M,2,private
train,2970,Ses03M_impro08a_M017,Ses03M,2,private
train,2971,Ses03M_impro08a_M018,Ses03M,2,private
train,2972,Ses03M_impro08a_M019,Ses03M,2,private
train,2973,Ses03M_impro08a_M020,Ses03M,2,private
train,2974,Ses03M_impro08a_M021,Ses03M,2,private
train,2975,Ses03M_impro08a_M022,Ses03M,2,private
train,2976,Ses03M_impro08a_M023,Ses03M,2,private
train,2977,Ses03M_impro08a_M024,Ses03M,2,private
train,2978,Ses03M_impro08a_M025,Ses03M,2,private
train,2979,Ses03M_impro08a_M026,Ses03M,2,private
train,2980,Ses03M_impro08a_M027,Ses03M,2,private
train,2981,Ses03M_impro08b_F005,Ses03F,0,private
train,2982,Ses03M_impro08b_F006,Ses03F,0,private
train,2983,Ses03M_impro08b_F021,Ses03F,2,private
train,2984,Ses03M_impro08b_F023,Ses03F,2,private
train,2985,Ses03M_impro08b_F024,Ses03F,2,private
train,2986,Ses03M_impro08b_M000,Ses03M,2,private
train,2987,Ses03M_impro08b_M001,Ses03M,2,private
train,2988,Ses03M_impro08b_M002,Ses03M,2,private
train,2989,Ses03M_impro08b_M003,Ses03M,2,private
train,2990,Ses03M_impro08b_M004,Ses03M,2,private
train,2991,Ses03M_impro08b_M005,Ses03M,2,private
train,2992,Ses03M_impro08b_M006,Ses03M,2,private
train,2993,Ses03M_impro08b_M007,Ses03M,2,private
train,2994,Ses03M_impro08b_M008,Ses03M,2,private
train,2995,Ses03M_impro08b_M009,Ses03M,2,private
train,2996,Ses03M_impro08b_M010,Ses03M,2,private
train,2997,Ses03M_impro08b_M011,Ses03M,2,private
train,2998,Ses03M_impro08b_M012,Ses03M,2,private
train,2999,Ses03M_impro08b_M013,Ses03M,2,private
train,3000,Ses03M_impro08b_M014,Ses03M,2,private
train,3001,Ses03M_impro08b_M015,Ses03M,2,private
train,3002,Ses03M_impro08b_M016,Ses03M,2,private
train,3003,Ses03M_impro08b_M017,Ses03M,2,private
train,3004,Ses03M_impro08b_M018,Ses03M,2,private
train,3005,Ses03M_impro08b_M019,Ses03M,2,private
train,3006,Ses03M_impro08b_M020,Ses03M,2,private
train,3007,Ses03M_impro08b_M021,Ses03M,2,private
train,3008,Ses03M_impro08b_M022,Ses03M,2,private
train,3009,Ses03M_script01_1_F000,Ses03F,2,private
train,3010,Ses03M_script01_1_F004,Ses03F,3,private
train,3011,Ses03M_script01_1_F005,Ses03F,3,private
train,3012,Ses03M_script01_1_F008,Ses03F,3,private
train,3013,Ses03M_script01_1_F016,Ses03F,0,private
train,3014,Ses03M_script01_1_F017,Ses03F,0,private
train,3015,Ses03M_script01_1_F020,Ses03F,0,private
train,3016,Ses03M_script01_1_F021,Ses03F,2,private
train,3017,Ses03M_script01_1_F028,Ses03F,2,private
train,3018,Ses03M_script01_1_F030,Ses03F,2,private
train,3019,Ses03M_script01_1_F038,Ses03F,0,private
train,3020,Ses03M_script01_1_F040,Ses03F,3,private
train,3021,Ses03M_script01_1_F043,Ses03F,0,private
train,3022,Ses03M_script01_1_F045,Ses03F,3,private
train,3023,Ses03M_script01_1_F046,Ses03F,3,private
train,3024,Ses03M_script01_1_M000,Ses03M,3,private
train,3025,Ses03M_script01_1_M001,Ses03M,3,private
train,3026,Ses03M_script01_1_M002,Ses03M,3,private
train,3027,Ses03M_script01_1_M003,Ses03M,3,private
train,3028,Ses03M_script01_1_M004,Ses03M,3,private
train,3029,Ses03M_script01_1_M005,Ses03M,3,private
train,3030,Ses03M_script01_1_M006,Ses03M,3,private
train,3031,Ses03M_script01_1_M007,Ses03M,3,private
train,3032,Ses03M_script01_1_M009,Ses03M,0,private
train,3033,Ses03M_script01_1_M011,Ses03M,0,private
train,3034,Ses03M_script01_1_M012,Ses03M,0,private
train,3035,Ses03M_script01_1_M017,Ses03M,2,private
train,3036,Ses03M_script01_1_M019,Ses03M,2,private
train,3037,Ses03M_script01_1_M021,Ses03M,2,private
train,3038,Ses03M_script01_1_M022,Ses03M,0,private
train,3039,Ses03M_script01_1_M027,Ses03M,0,private
train,3040,Ses03M_script01_1_M028,Ses03M,2,private
train,3041,Ses03M_script01_1_M029,Ses03M,2,private
train,3042,Ses03M_script01_1_M030,Ses03M,3,private
train,3043,Ses03M_script01_1_M031,Ses03M,2,private
train,3044,Ses03M_script01_1_M036,Ses03M,3,private
train,3045,Ses03M_script01_1_M037,Ses03M,2,private
train,3046,Ses03M_script01_1_M038,Ses03M,2,private
train,3047,Ses03M_script01_1_M039,Ses03M,0,private
train,3048,Ses03M_script01_1_M040,Ses03M,0,private
train,3049,Ses03M_script01_1_M041,Ses03M,0,private
train,3050,Ses03M_script01_1_M043,Ses03M,2,private
train,3051,Ses03M_script01_1_M045,Ses03M,3,private
train,3052,Ses03M_script01_1_M046,Ses03M,3,private
train,3053,Ses03M_script01_1_M047,Ses03M,3,private
train,3054,Ses03M_script01_2_F000,Ses03F,0,private
train,3055,Ses03M_script01_2_F001,Ses03F,0,private
train,3056,Ses03M_script01_2_F006,Ses03F,0,private
train,3057,Ses03M_script01_2_F009,Ses03F,0,private
train,3058,Ses03M_script01_2_F010,Ses03F,3,private
train,3059,Ses03M_script01_2_F011,Ses03F,3,private
train,3060,Ses03M_script01_2_F012,Ses03F,0,private
train,3061,Ses03M_script01_2_F015,Ses03F,0,private
train,3062,Ses03M_script01_2_F017,Ses03F,3,private
train,3063,Ses03M_script01_2_F019,Ses03F,3,private
train,3064,Ses03M_script01_2_M001,Ses03M,2,private
train,3065,Ses03M_script01_2_M004,Ses03M,2,private
train,3066,Ses03M_script01_2_M005,Ses03M,2,private
train,3067,Ses03M_script01_2_M008,Ses03M,2,private
train,3068,Ses03M_script01_2_M014,Ses03M,0,private
train,3069,Ses03M_script01_2_M015,Ses03M,0,private
train,3070,Ses03M_script01_2_M016,Ses03M,0,private
train,3071,Ses03M_script01_2_M017,Ses03M,0,private
train,3072,Ses03M_script01_3_F004,Ses03F,3,private
train,3073,Ses03M_script01_3_F006,Ses03F,3,private
train,3074,Ses03M_script01_3_F007,Ses03F,3,private
train,3075,Ses03M_script01_3_F008,Ses03F,3,private
train,3076,Ses03M_script01_3_F011,Ses03F,1,private
train,3077,Ses03M_script01_3_F012,Ses03F,1,private
train,3078,Ses03M_script01_3_F013,Ses03F,1,private
train,3079,Ses03M_script01_3_F014,Ses03F,1,private
train,3080,Ses03M_script01_3_F015,Ses03F,1,private
train,3081,Ses03M_script01_3_F016,Ses03F,1,private
train,3082,Ses03M_script01_3_F017,Ses03F,1,private
train,3083,Ses03M_script01_3_F018,Ses03F,1,private
train,3084,Ses03M_script01_3_F019,Ses03F,1,private
train,3085,Ses03M_script01_3_F020,Ses03F,1,private
train,3086,Ses03M_script01_3_F021,Ses03F,1,private
train,3087,Ses03M_script01_3_F029,Ses03F,3,private
train,3088,Ses03M_script01_3_F030,Ses03F,3,private
train,3089,Ses03M_script01_3_F031,Ses03F,3,private
train,3090,Ses03M_script01_3_F033,Ses03F,3,private
train,3091,Ses03M_script01_3_F034,Ses03F,1,private
train,3092,Ses03M_script01_3_M001,Ses03M,2,private
train,3093,Ses03M_script01_3_M004,Ses03M,2,private
train,3094,Ses03M_script01_3_M008,Ses03M,1,private
train,3095,Ses03M_script01_3_M010,Ses03M,1,private
train,3096,Ses03M_script01_3_M016,Ses03M,1,private
train,3097,Ses03M_script01_3_M018,Ses03M,1,private
train,3098,Ses03M_script01_3_M019,Ses03M,1,private
train,3099,Ses03M_script01_3_M021,Ses03M,1,private
train,3100,Ses03M_script01_3_M023,Ses03M,3,private
train,3101,Ses03M_script01_3_M027,Ses03M,3,private
train,3102,Ses03M_script01_3_M028,Ses03M,3,private
train,3103,Ses03M_script01_3_M029,Ses03M,3,private
train,3104,Ses03M_script01_3_M030,Ses03M,3,private
train,3105,Ses03M_script01_3_M031,Ses03M,3,private
train,3106,Ses03M_script01_3_M032,Ses03M,3,private
train,3107,Ses03M_script01_3_M033,Ses03M,3,private
train,3108,Ses03M_script01_3_M034,Ses03M,3,private
train,3109,Ses03M_script01_3_M035,Ses03M,3,private
train,3110,Ses03M_script01_3_M036,Ses03M,3,private
train,3111,Ses03M_script01_3_M037,Ses03M,3,private
train,3112,Ses03M_script01_3_M038,Ses03M,3,private
train,3113,Ses03M_script01_3_M039,Ses03M,3,private
train,3114,Ses03M_script01_3_M040,Ses03M,3,private
train,3115,Ses03M_script01_3_M041,Ses03M,3,private
train,3116,Ses03M_script01_3_M042,Ses03M,3,private
train,3117,Ses03M_script01_3_M045,Ses03M,1,private
train,3118,Ses03M_script01_3_M046,Ses03M,1,private
train,3119,Ses03M_script02_1_F005,Ses03F,2,private
train,3120,Ses03M_script02_1_F016,Ses03F,2,private
train,3121,Ses03M_script02_1_M000,Ses03M,1,private
train,3122,Ses03M_script02_1_M001,Ses03M,1,private
train,3123,Ses03M_script02_1_M002,Ses03M,1,private
train,3124,Ses03M_script02_1_M003,Ses03M,1,private
train,3125,Ses03M_script02_1_M004,Ses03M,1,private
train,3126,Ses03M_script02_1_M005,Ses03M,1,private
train,3127,Ses03M_script02_1_M014,Ses03M,1,private
train,3128,Ses03M_script02_1_M015,Ses03M,1,private
train,3129,Ses03M_script02_1_M016,Ses03M,1,private
train,3130,Ses03M_script02_1_M017,Ses03M,2,private
train,3131,Ses03M_script02_1_M023,Ses03M,1,private
train,3132,Ses03M_script02_1_M024,Ses03M,1,private
train,3133,Ses03M_script02_1_M025,Ses03M,1,private
train,3134,Ses03M_script02_1_M026,Ses03M,1,private
train,3135,Ses03M_script02_1_M027,Ses03M,1,private
train,3136,Ses03M_script02_1_M034,Ses03M,1,private
train,3137,Ses03M_script02_1_M035,Ses03M,1,private
train,3138,Ses03M_script02_1_M036,Ses03M,1,private
train,3139,Ses03M_script02_1_M037,Ses03M,1,private
train,3140,Ses03M_script02_1_M038,Ses03M,1,private
train,3141,Ses03M_script02_1_M039,Ses03M,1,private
train,3142,Ses03M_script02_1_M040,Ses03M,1,private
train,3143,Ses03M_script02_1_M041,Ses03M,1,private
train,3144,Ses03M_script02_1_M042,Ses03M,1,private
train,3145,Ses03M_script02_1_M043,Ses03M,1,private
train,3146,Ses03M_script02_2_F000,Ses03F,0,private
train,3147,Ses03M_script02_2_F001,Ses03F,0,private
train,3148,Ses03M_script02_2_F002,Ses03F,0,private
train,3149,Ses03M_script02_2_F003,Ses03F,0,private
train,3150,Ses03M_script02_2_F004,Ses03F,0,private
train,3151,Ses03M_script02_2_F009,Ses03F,0,private
train,3152,Ses03M_script02_2_F011,Ses03F,0,private
train,3153,Ses03M_script02_2_F013,Ses03F,0,private
train,3154,Ses03M_script02_2_F016,Ses03F,0,private
train,3155,Ses03M_script02_2_F018,Ses03F,3,private
train,3156,Ses03M_script02_2_F023,Ses03F,3,private
train,3157,Ses03M_script02_2_F024,Ses03F,3,private
train,3158,Ses03M_script02_2_F025,Ses03F,3,private
train,3159,Ses03M_script02_2_F031,Ses03F,0,private
train,3160,Ses03M_script02_2_F033,Ses03F,0,private
train,3161,Ses03M_script02_2_F034,Ses03F,3,private
train,3162,Ses03M_script02_2_F035,Ses03F,3,private
train,3163,Ses03M_script02_2_F036,Ses03F,3,private
train,3164,Ses03M_script02_2_F037,Ses03F,3,private
train,3165,Ses03M_script02_2_F038,Ses03F,3,private
train,3166,Ses03M_script02_2_F040,Ses03F,3,private
train,3167,Ses03M_script02_2_F041,Ses03F,3,private
train,3168,Ses03M_script02_2_F042,Ses03F,1,private
train,3169,Ses03M_script02_2_F044,Ses03F,1,private
train,3170,Ses03M_script02_2_F046,Ses03F,1,private
train,3171,Ses03M_script02_2_F047,Ses03F,1,private
train,3172,Ses03M_script02_2_F048,Ses03F,1,private
train,3173,Ses03M_script02_2_F049,Ses03F,1,private
train,3174,Ses03M_script02_2_M000,Ses03M,1,private
train,3175,Ses03M_script02_2_M014,Ses03M,2,private
train,3176,Ses03M_script02_2_M017,Ses03M,2,private
train,3177,Ses03M_script02_2_M019,Ses03M,2,private
train,3178,Ses03M_script02_2_M020,Ses03M,2,private
train,3179,Ses03M_script02_2_M021,Ses03M,2,private
train,3180,Ses03M_script02_2_M022,Ses03M,2,private
train,3181,Ses03M_script02_2_M028,Ses03M,0,private
train,3182,Ses03M_script02_2_M029,Ses03M,0,private
train,3183,Ses03M_script02_2_M030,Ses03M,0,private
train,3184,Ses03M_script02_2_M031,Ses03M,0,private
train,3185,Ses03M_script02_2_M032,Ses03M,0,private
train,3186,Ses03M_script02_2_M033,Ses03M,0,private
train,3187,Ses03M_script02_2_M036,Ses03M,3,private
train,3188,Ses03M_script02_2_M037,Ses03M,3,private
train,3189,Ses03M_script02_2_M041,Ses03M,1,private
train,3190,Ses03M_script02_2_M042,Ses03M,1,private
train,3191,Ses03M_script02_2_M045,Ses03M,1,private
train,3192,Ses03M_script02_2_M046,Ses03M,1,private
train,3193,Ses03M_script03_1_F003,Ses03F,1,private
train,3194,Ses03M_script03_1_F004,Ses03F,1,private
train,3195,Ses03M_script03_1_F005,Ses03F,1,private
train,3196,Ses03M_script03_1_F006,Ses03F,1,private
train,3197,Ses03M_script03_1_F018,Ses03F,3,private
train,3198,Ses03M_script03_1_M004,Ses03M,1,private
train,3199,Ses03M_script03_1_M006,Ses03M,1,private
train,3200,Ses03M_script03_1_M035,Ses03M,2,private
train,3201,Ses03M_script03_2_F000,Ses03F,2,private
train,3202,Ses03M_script03_2_F001,Ses03F,0,private
train,3203,Ses03M_script03_2_F003,Ses03F,2,private
train,3204,Ses03M_script03_2_F004,Ses03F,2,private
train,3205,Ses03M_script03_2_F006,Ses03F,2,private
train,3206,Ses03M_script03_2_F010,Ses03F,0,private
train,3207,Ses03M_script03_2_F011,Ses03F,0,private
train,3208,Ses03M_script03_2_F012,Ses03F,2,private
train,3209,Ses03M_script03_2_F014,Ses03F,0,private
train,3210,Ses03M_script03_2_F016,Ses03F,2,private
train,3211,Ses03M_script03_2_F017,Ses03F,2,private
train,3212,Ses03M_script03_2_F024,Ses03F,0,private
train,3213,Ses03M_script03_2_F025,Ses03F,0,private
train,3214,Ses03M_script03_2_F028,Ses03F,0,private
train,3215,Ses03M_script03_2_F029,Ses03F,0,private
train,3216,Ses03M_script03_2_F030,Ses03F,0,private
train,3217,Ses03M_script03_2_F031,Ses03F,0,private
train,3218,Ses03M_script03_2_F032,Ses03F,0,private
train,3219,Ses03M_script03_2_F033,Ses03F,0,private
train,3220,Ses03M_script03_2_F036,Ses03F,2,private
train,3221,Ses03M_script03_2_F038,Ses03F,0,private
train,3222,Ses03M_script03_2_F039,Ses03F,0,private
train,3223,Ses03M_script03_2_F040,Ses03F,0,private
train,3224,Ses03M_script03_2_F041,Ses03F,0,private
train,3225,Ses03M_script03_2_F042,Ses03F,0,private
train,3226,Ses03M_script03_2_F043,Ses03F,0,private
train,3227,Ses03M_script03_2_F044,Ses03F,0,private
train,3228,Ses03M_script03_2_F045,Ses03F,0,private
train,3229,Ses03M_script03_2_M000,Ses03M,2,private
train,3230,Ses03M_script03_2_M003,Ses03M,0,private
train,3231,Ses03M_script03_2_M004,Ses03M,0,private
train,3232,Ses03M_script03_2_M005,Ses03M,0,private
train,3233,Ses03M_script03_2_M006,Ses03M,0,private
train,3234,Ses03M_script03_2_M007,Ses03M,0,private
train,3235,Ses03M_script03_2_M008,Ses03M,0,private
train,3236,Ses03M_script03_2_M009,Ses03M,2,private
train,3237,Ses03M_script03_2_M010,Ses03M,2,private
train,3238,Ses03M_script03_2_M011,Ses03M,0,private
train,3239,Ses03M_script03_2_M012,Ses03M,0,private
train,3240,Ses03M_script03_2_M014,Ses03M,0,private
train,3241,Ses03M_script03_2_M019,Ses03M,2,private
train,3242,Ses03M_script03_2_M020,Ses03M,2,private
train,3243,Ses03M_script03_2_M021,Ses03M,2,private
train,3244,Ses03M_script03_2_M029,Ses03M,0,private
train,3245,Ses03M_script03_2_M030,Ses03M,0,private
train,3246,Ses03M_script03_2_M031,Ses03M,0,private
train,3247,Ses03M_script03_2_M032,Ses03M,0,private
train,3248,Ses03M_script03_2_M033,Ses03M,0,private
train,3249,Ses03M_script03_2_M034,Ses03M,0,private
train,3250,Ses03M_script03_2_M038,Ses03M,0,private
train,3251,Ses03M_script03_2_M039,Ses03M,0,private
train,3252,Ses03M_script03_2_M040,Ses03M,0,private
train,3253,Ses03M_script03_2_M041,Ses03M,0,private
train,3254,Ses03M_script03_2_M042,Ses03M,0,private
train,3255,Ses03M_script03_2_M043,Ses03M,0,private
train,3256,Ses03M_script03_2_M044,Ses03M,0,private
train,3257,Ses03M_script03_2_M045,Ses03M,0,private
train,3258,Ses03M_script03_2_M046,Ses03M,0,private
train,3259,Ses04F_impro01_F004,Ses04F,0,auxiliary
train,3260,Ses04F_impro01_F008,Ses04F,0,auxiliary
train,3261,Ses04F_impro01_F009,Ses04F,0,auxiliary
train,3262,Ses04F_impro01_F010,Ses04F,0,auxiliary
train,3263,Ses04F_impro01_F012,Ses04F,0,auxiliary
train,3264,Ses04F_impro01_F014,Ses04F,0,auxiliary
train,3265,Ses04F_impro01_F016,Ses04F,0,auxiliary
train,3266,Ses04F_impro01_F019,Ses04F,0,auxiliary
train,3267,Ses04F_impro01_F021,Ses04F,0,auxiliary
train,3268,Ses04F_impro01_F022,Ses04F,0,auxiliary
train,3269,Ses04F_impro01_M005,Ses04M,0,auxiliary
train,3270,Ses04F_impro01_M008,Ses04M,0,auxiliary
train,3271,Ses04F_impro01_M011,Ses04M,0,auxiliary
train,3272,Ses04F_impro01_M014,Ses04M,0,auxiliary
train,3273,Ses04F_impro01_M021,Ses04M,0,auxiliary
train,3274,Ses04F_impro01_M023,Ses04M,0,auxiliary
train,3275,Ses04F_impro01_M024,Ses04M,0,auxiliary
train,3276,Ses04F_impro02_F000,Ses04F,3,auxiliary
train,3277,Ses04F_impro02_F001,Ses04F,3,auxiliary
train,3278,Ses04F_impro02_F002,Ses04F,3,auxiliary
train,3279,Ses04F_impro02_F003,Ses04F,3,auxiliary
train,3280,Ses04F_impro02_F005,Ses04F,3,auxiliary
train,3281,Ses04F_impro02_F006,Ses04F,3,auxiliary
train,3282,Ses04F_impro02_F007,Ses04F,3,auxiliary
train,3283,Ses04F_impro02_F009,Ses04F,3,auxiliary
train,3284,Ses04F_impro02_F011,Ses04F,3,auxiliary
train,3285,Ses04F_impro02_F012,Ses04F,0,auxiliary
train,3286,Ses04F_impro02_F017,Ses04F,0,auxiliary
train,3287,Ses04F_impro02_F018,Ses04F,0,auxiliary
train,3288,Ses04F_impro02_F022,Ses04F,0,auxiliary
train,3289,Ses04F_impro02_F023,Ses04F,3,auxiliary
train,3290,Ses04F_impro02_F024,Ses04F,3,auxiliary
train,3291,Ses04F_impro02_M000,Ses04M,3,auxiliary
train,3292,Ses04F_impro02_M001,Ses04M,3,auxiliary
train,3293,Ses04F_impro02_M004,Ses04M,3,auxiliary
train,3294,Ses04F_impro02_M012,Ses04M,3,auxiliary
train,3295,Ses04F_impro02_M018,Ses04M,0,auxiliary
train,3296,Ses04F_impro02_M020,Ses04M,0,auxiliary
train,3297,Ses04F_impro02_M021,Ses04M,0,auxiliary
train,3298,Ses04F_impro02_M024,Ses04M,3,auxiliary
train,3299,Ses04F_impro02_M025,Ses04M,3,auxiliary
train,3300,Ses04F_impro02_M026,Ses04M,3,auxiliary
train,3301,Ses04F_impro03_F000,Ses04F,1,auxiliary
train,3302,Ses04F_impro03_F001,Ses04F,1,auxiliary
train,3303,Ses04F_impro03_F002,Ses04F,1,auxiliary
train,3304,Ses04F_impro03_F003,Ses04F,1,auxiliary
train,3305,Ses04F_impro03_F004,Ses04F,1,auxiliary
train,3306,Ses04F_impro03_F005,Ses04F,1,auxiliary
train,3307,Ses04F_impro03_F006,Ses04F,1,auxiliary
train,3308,Ses04F_impro03_F007,Ses04F,1,auxiliary
train,3309,Ses04F_impro03_F009,Ses04F,1,auxiliary
train,3310,Ses04F_impro03_F010,Ses04F,1,auxiliary
train,3311,Ses04F_impro03_F011,Ses04F,1,auxiliary
train,3312,Ses04F_impro03_F012,Ses04F,1,auxiliary
train,3313,Ses04F_impro03_F013,Ses04F,1,auxiliary
train,3314,Ses04F_impro03_F014,Ses04F,1,auxiliary
train,3315,Ses04F_impro03_F015,Ses04F,1,auxiliary
train,3316,Ses04F_impro03_F016,Ses04F,1,auxiliary
train,3317,Ses04F_impro03_F017,Ses04F,1,auxiliary
train,3318,Ses04F_impro03_F018,Ses04F,1,auxiliary
train,3319,Ses04F_impro03_F034,Ses04F,1,auxiliary
train,3320,Ses04F_impro03_F036,Ses04F,1,auxiliary
train,3321,Ses04F_impro03_F038,Ses04F,1,auxiliary
train,3322,Ses04F_impro03_F040,Ses04F,1,auxiliary
train,3323,Ses04F_impro03_F041,Ses04F,1,auxiliary
train,3324,Ses04F_impro03_F042,Ses04F,1,auxiliary
train,3325,Ses04F_impro03_F043,Ses04F,1,auxiliary
train,3326,Ses04F_impro03_F044,Ses04F,1,auxiliary
train,3327,Ses04F_impro03_F045,Ses04F,1,auxiliary
train,3328,Ses04F_impro03_F047,Ses04F,1,auxiliary
train,3329,Ses04F_impro03_F048,Ses04F,1,auxiliary
train,3330,Ses04F_impro03_F050,Ses04F,1,auxiliary
train,3331,Ses04F_impro03_F051,Ses04F,1,auxiliary
train,3332,Ses04F_impro03_F052,Ses04F,1,auxiliary
train,3333,Ses04F_impro03_M000,Ses04M,2,auxiliary
train,3334,Ses04F_impro03_M001,Ses04M,2,auxiliary
train,3335,Ses04F_impro03_M003,Ses04M,1,auxiliary
train,3336,Ses04F_impro03_M004,Ses04M,1,auxiliary
train,3337,Ses04F_impro03_M005,Ses04M,1,auxiliary
train,3338,Ses04F_impro03_M014,Ses04M,1,auxiliary
train,3339,Ses04F_impro03_M018,Ses04M,2,auxiliary
train,3340,Ses04F_impro03_M019,Ses04M,2,auxiliary
train,3341,Ses04F_impro03_M020,Ses04M,2,auxiliary
train,3342,Ses04F_impro03_M021,Ses04M,2,auxiliary
train,3343,Ses04F_impro03_M027,Ses04M,2,auxiliary
train,3344,Ses04F_impro03_M028,Ses04M,2,auxiliary
train,3345,Ses04F_impro03_M029,Ses04M,2,auxiliary
train,3346,Ses04F_impro03_M030,Ses04M,2,auxiliary
train,3347,Ses04F_impro03_M031,Ses04M,2,auxiliary
train,3348,Ses04F_impro03_M032,Ses04M,2,auxiliary
train,3349,Ses04F_impro03_M033,Ses04M,2,auxiliary
train,3350,Ses04F_impro03_M034,Ses04M,2,auxiliary
train,3351,Ses04F_impro03_M035,Ses04M,2,auxiliary
train,3352,Ses04F_impro03_M036,Ses04M,1,auxiliary
train,3353,Ses04F_impro03_M037,Ses04M,1,auxiliary
train,3354,Ses04F_impro03_M038,Ses04M,1,auxiliary
train,3355,Ses04F_impro03_M039,Ses04M,1,auxiliary
train,3356,Ses04F_impro03_M040,Ses04M,1,auxiliary
train,3357,Ses04F_impro03_M041,Ses04M,1,auxiliary
train,3358,Ses04F_impro03_M042,Ses04M,1,auxiliary
train,3359,Ses04F_impro03_M043,Ses04M,1,auxiliary
train,3360,Ses04F_impro03_M047,Ses04M,2,auxiliary
train,3361,Ses04F_impro04_F000,Ses04F,2,auxiliary
train,3362,Ses04F_impro04_F005,Ses04F,0,auxiliary
train,3363,Ses04F_impro04_F006,Ses04F,0,auxiliary
train,3364,Ses04F_impro04_F008,Ses04F,0,auxiliary
train,3365,Ses04F_impro04_F011,Ses04F,0,auxiliary
train,3366,Ses04F_impro04_F013,Ses04F,0,auxiliary
train,3367,Ses04F_impro04_F014,Ses04F,0,auxiliary
train,3368,Ses04F_impro04_F015,Ses04F,0,auxiliary
train,3369,Ses04F_impro04_F016,Ses04F,0,auxiliary
train,3370,Ses04F_impro04_F017,Ses04F,0,auxiliary
train,3371,Ses04F_impro04_F018,Ses04F,0,auxiliary
train,3372,Ses04F_impro04_F025,Ses04F,0,auxiliary
train,3373,Ses04F_impro04_F030,Ses04F,0,auxiliary
train,3374,Ses04F_impro04_F031,Ses04F,0,auxiliary
train,3375,Ses04F_impro04_M001,Ses04M,2,auxiliary
train,3376,Ses04F_impro04_M002,Ses04M,2,auxiliary
train,3377,Ses04F_impro04_M003,Ses04M,2,auxiliary
train,3378,Ses04F_impro04_M004,Ses04M,2,auxiliary
train,3379,Ses04F_impro04_M005,Ses04M,2,auxiliary
train,3380,Ses04F_impro04_M006,Ses04M,2,auxiliary
train,3381,Ses04F_impro04_M007,Ses04M,2,auxiliary
train,3382,Ses04F_impro04_M008,Ses04M,2,auxiliary
train,3383,Ses04F_impro04_M009,Ses04M,2,auxiliary
train,3384,Ses04F_impro04_M013,Ses04M,2,auxiliary
train,3385,Ses04F_impro04_M014,Ses04M,2,auxiliary
train,3386,Ses04F_impro04_M015,Ses04M,2,auxiliary
train,3387,Ses04F_impro04_M016,Ses04M,2,auxiliary
train,3388,Ses04F_impro04_M017,Ses04M,2,auxiliary
train,3389,Ses04F_impro04_M018,Ses04M,2,auxiliary
train,3390,Ses04F_impro04_M019,Ses04M,2,auxiliary
train,3391,Ses04F_impro04_M020,Ses04M,2,auxiliary
train,3392,Ses04F_impro04_M021,Ses04M,2,auxiliary
train,3393,Ses04F_impro04_M022,Ses04M,2,auxiliary
train,3394,Ses04F_impro04_M023,Ses04M,2,auxiliary
train,3395,Ses04F_impro04_M026,Ses04M,2,auxiliary
train,3396,Ses04F_impro04_M028,Ses04M,2,auxiliary
train,3397,Ses04F_impro04_M030,Ses04M,2,auxiliary
train,3398,Ses04F_impro04_M031,Ses04M,2,auxiliary
train,3399,Ses04F_impro04_M033,Ses04M,2,auxiliary
train,3400,Ses04F_impro05_F004,Ses04F,0,auxiliary
train,3401,Ses04F_impro05_F005,Ses04F,0,auxiliary
train,3402,Ses04F_impro05_F006,Ses04F,0,auxiliary
train,3403,Ses04F_impro05_F008,Ses04F,0,auxiliary
train,3404,Ses04F_impro05_F009,Ses04F,0,auxiliary
train,3405,Ses04F_impro05_F010,Ses04F,0,auxiliary
train,3406,Ses04F_impro05_F011,Ses04F,0,auxiliary
train,3407,Ses04F_impro05_F012,Ses04F,0,auxiliary
train,3408,Ses04F_impro05_F013,Ses04F,0,auxiliary
train,3409,Ses04F_impro05_F014,Ses04F,0,auxiliary
train,3410,Ses04F_impro05_F015,Ses04F,0,auxiliary
train,3411,Ses04F_impro05_F016,Ses04F,0,auxiliary
train,3412,Ses04F_impro05_F017,Ses04F,0,auxiliary
train,3413,Ses04F_impro05_F018,Ses04F,0,auxiliary
train,3414,Ses04F_impro05_F019,Ses04F,0,auxiliary
train,3415,Ses04F_impro06_F000,Ses04F,3,auxiliary
train,3416,Ses04F_impro06_F001,Ses04F,3,auxiliary
train,3417,Ses04F_impro06_F002,Ses04F,3,auxiliary
train,3418,Ses04F_impro06_F003,Ses04F,3,auxiliary
train,3419,Ses04F_impro06_F004,Ses04F,3,auxiliary
train,3420,Ses04F_impro06_F005,Ses04F,3,auxiliary
train,3421,Ses04F_impro06_F006,Ses04F,3,auxiliary
train,3422,Ses04F_impro06_F007,Ses04F,3,auxiliary
train,3423,Ses04F_impro06_F008,Ses04F,1,auxiliary
train,3424,Ses04F_impro06_F009,Ses04F,1,auxiliary
train,3425,Ses04F_impro06_F010,Ses04F,3,auxiliary
train,3426,Ses04F_impro06_M000,Ses04M,3,auxiliary
train,3427,Ses04F_impro06_M001,Ses04M,3,auxiliary
train,3428,Ses04F_impro06_M002,Ses04M,3,auxiliary
train,3429,Ses04F_impro06_M003,Ses04M,3,auxiliary
train,3430,Ses04F_impro06_M004,Ses04M,2,auxiliary
train,3431,Ses04F_impro06_M005,Ses04M,3,auxiliary
train,3432,Ses04F_impro06_M006,Ses04M,2,auxiliary
train,3433,Ses04F_impro06_M007,Ses04M,2,auxiliary
train,3434,Ses04F_impro06_M008,Ses04M,3,auxiliary
train,3435,Ses04F_impro06_M009,Ses04M,3,auxiliary
train,3436,Ses04F_impro06_M010,Ses04M,3,auxiliary
train,3437,Ses04F_impro06_M011,Ses04M,3,auxiliary
train,3438,Ses04F_impro06_M012,Ses04M,2,auxiliary
train,3439,Ses04F_impro06_M013,Ses04M,3,auxiliary
train,3440,Ses04F_impro06_M014,Ses04M,3,auxiliary
train,3441,Ses04F_impro07_F000,Ses04F,1,auxiliary
train,3442,Ses04F_impro07_F001,Ses04F,1,auxiliary
train,3443,Ses04F_impro07_F002,Ses04F,1,auxiliary
train,3444,Ses04F_impro07_F003,Ses04F,1,auxiliary
train,3445,Ses04F_impro07_F004,Ses04F,1,auxiliary
train,3446,Ses04F_impro07_F005,Ses04F,1,auxiliary
train,3447,Ses04F_impro07_F006,Ses04F,1,auxiliary
train,3448,Ses04F_impro07_F007,Ses04F,1,auxiliary
train,3449,Ses04F_impro07_F008,Ses04F,1,auxiliary
train,3450,Ses04F_impro07_F009,Ses04F,1,auxiliary
train,3451,Ses04F_impro07_F010,Ses04F,1,auxiliary
train,3452,Ses04F_impro07_F011,Ses04F,1,auxiliary
train,3453,Ses04F_impro07_F012,Ses04F,1,auxiliary
train,3454,Ses04F_impro07_F013,Ses04F,1,auxiliary
train,3455,Ses04F_impro07_F014,Ses04F,1,auxiliary
train,3456,Ses04F_impro07_F015,Ses04F,1,auxiliary
train,3457,Ses04F_impro07_F016,Ses04F,1,auxiliary
train,3458,Ses04F_impro07_F017,Ses04F,1,auxiliary
train,3459,Ses04F_impro07_F018,Ses04F,1,auxiliary
train,3460,Ses04F_impro07_F021,Ses04F,1,auxiliary
train,3461,Ses04F_impro07_F022,Ses04F,1,auxiliary
train,3462,Ses04F_impro07_F024,Ses04F,1,auxiliary
train,3463,Ses04F_impro07_F027,Ses04F,1,auxiliary
train,3464,Ses04F_impro07_F028,Ses04F,1,auxiliary
train,3465,Ses04F_impro07_F029,Ses04F,1,auxiliary
train,3466,Ses04F_impro07_F030,Ses04F,1,auxiliary
train,3467,Ses04F_impro07_F031,Ses04F,1,auxiliary
train,3468,Ses04F_impro07_F032,Ses04F,1,auxiliary
train,3469,Ses04F_impro07_F033,Ses04F,1,auxiliary
train,3470,Ses04F_impro07_F035,Ses04F,1,auxiliary
train,3471,Ses04F_impro07_F036,Ses04F,1,auxiliary
train,3472,Ses04F_impro07_F038,Ses04F,1,auxiliary
train,3473,Ses04F_impro07_F039,Ses04F,1,auxiliary
train,3474,Ses04F_impro07_F040,Ses04F,1,auxiliary
train,3475,Ses04F_impro07_F041,Ses04F,1,auxiliary
train,3476,Ses04F_impro07_F042,Ses04F,1,auxiliary
train,3477,Ses04F_impro07_F044,Ses04F,1,auxiliary
train,3478,Ses04F_impro07_F047,Ses04F,1,auxiliary
train,3479,Ses04F_impro07_F048,Ses04F,1,auxiliary
train,3480,Ses04F_impro07_F049,Ses04F,1,auxiliary
train,3481,Ses04F_impro07_F050,Ses04F,1,auxiliary
train,3482,Ses04F_impro07_F051,Ses04F,1,auxiliary
train,3483,Ses04F_impro07_F052,Ses04F,1,auxiliary
train,3484,Ses04F_impro07_F058,Ses04F,1,auxiliary
train,3485,Ses04F_impro07_F059,Ses04F,1,auxiliary
train,3486,Ses04F_impro07_F060,Ses04F,1,auxiliary
train,3487,Ses04F_impro07_F061,Ses04F,1,auxiliary
train,3488,Ses04F_impro07_F062,Ses04F,1,auxiliary
train,3489,Ses04F_impro07_F063,Ses04F,1,auxiliary
train,3490,Ses04F_impro07_F064,Ses04F,1,auxiliary
train,3491,Ses04F_impro07_F065,Ses04F,1,auxiliary
train,3492,Ses04F_impro07_F066,Ses04F,1,auxiliary
train,3493,Ses04F_impro07_F070,Ses04F,1,auxiliary
train,3494,Ses04F_impro07_F074,Ses04F,1,auxiliary
train,3495,Ses04F_impro07_F078,Ses04F,1,auxiliary
train,3496,Ses04F_impro07_F079,Ses04F,1,auxiliary
train,3497,Ses04F_impro07_M000,Ses04M,2,auxiliary
train,3498,Ses04F_impro07_M001,Ses04M,1,auxiliary
train,3499,Ses04F_impro07_M005,Ses04M,1,auxiliary
train,3500,Ses04F_impro07_M006,Ses04M,1,auxiliary
train,3501,Ses04F_impro07_M009,Ses04M,2,auxiliary
train,3502,Ses04F_impro07_M013,Ses04M,2,auxiliary
train,3503,Ses04F_impro07_M016,Ses04M,2,auxiliary
train,3504,Ses04F_impro07_M017,Ses04M,2,auxiliary
train,3505,Ses04F_impro07_M018,Ses04M,2,auxiliary
train,3506,Ses04F_impro07_M019,Ses04M,2,auxiliary
train,3507,Ses04F_impro07_M020,Ses04M,2,auxiliary
train,3508,Ses04F_impro07_M021,Ses04M,2,auxiliary
train,3509,Ses04F_impro07_M022,Ses04M,2,auxiliary
train,3510,Ses04F_impro07_M023,Ses04M,2,auxiliary
train,3511,Ses04F_impro07_M026,Ses04M,2,auxiliary
train,3512,Ses04F_impro07_M028,Ses04M,1,auxiliary
train,3513,Ses04F_impro07_M031,Ses04M,2,auxiliary
train,3514,Ses04F_impro07_M032,Ses04M,2,auxiliary
train,3515,Ses04F_impro07_M033,Ses04M,2,auxiliary
train,3516,Ses04F_impro07_M034,Ses04M,1,auxiliary
train,3517,Ses04F_impro07_M035,Ses04M,2,auxiliary
train,3518,Ses04F_impro07_M036,Ses04M,1,auxiliary
train,3519,Ses04F_impro07_M037,Ses04M,1,auxiliary
train,3520,Ses04F_impro07_M038,Ses04M,1,auxiliary
train,3521,Ses04F_impro07_M039,Ses04M,1,auxiliary
train,3522,Ses04F_impro07_M040,Ses04M,1,auxiliary
train,3523,Ses04F_impro07_M041,Ses04M,1,auxiliary
train,3524,Ses04F_impro07_M042,Ses04M,1,auxiliary
train,3525,Ses04F_impro07_M043,Ses04M,1,auxiliary
train,3526,Ses04F_impro07_M044,Ses04M,2,auxiliary
train,3527,Ses04F_impro07_M045,Ses04M,1,auxiliary
train,3528,Ses04F_impro07_M046,Ses04M,1,auxiliary
train,3529,Ses04F_impro07_M049,Ses04M,1,auxiliary
train,3530,Ses04F_impro07_M050,Ses04M,1,auxiliary
train,3531,Ses04F_impro07_M051,Ses04M,2,auxiliary
train,3532,Ses04F_impro07_M057,Ses04M,2,auxiliary
train,3533,Ses04F_impro07_M058,Ses04M,2,auxiliary
train,3534,Ses04F_impro07_M059,Ses04M,2,auxiliary
train,3535,Ses04F_impro07_M060,Ses04M,2,auxiliary
train,3536,Ses04F_impro07_M061,Ses04M,2,auxiliary
train,3537,Ses04F_impro07_M062,Ses04M,2,auxiliary
train,3538,Ses04F_impro07_M063,Ses04M,2,auxiliary
train,3539,Ses04F_impro07_M064,Ses04M,2,auxiliary
train,3540,Ses04F_impro07_M066,Ses04M,2,auxiliary
train,3541,Ses04F_impro07_M067,Ses04M,2,auxiliary
train,3542,Ses04F_impro07_M070,Ses04M,1,auxiliary
train,3543,Ses04F_impro07_M071,Ses04M,2,auxiliary
train,3544,Ses04F_impro07_M072,Ses04M,2,auxiliary
train,3545,Ses04F_impro07_M073,Ses04M,2,auxiliary
train,3546,Ses04F_impro07_M076,Ses04M,2,auxiliary
train,3547,Ses04F_impro07_M077,Ses04M,2,auxiliary
train,3548,Ses04F_impro07_M079,Ses04M,2,auxiliary
train,3549,Ses04F_impro07_M080,Ses04M,2,auxiliary
train,3550,Ses04F_impro07_M082,Ses04M,2,auxiliary
train,3551,Ses04F_impro08_F000,Ses04F,1,auxiliary
train,3552,Ses04F_impro08_F001,Ses04F,2,auxiliary
train,3553,Ses04F_impro08_F002,Ses04F,2,auxiliary
train,3554,Ses04F_impro08_F004,Ses04F,2,auxiliary
train,3555,Ses04F_impro08_F005,Ses04F,2,auxiliary
train,3556,Ses04F_impro08_F006,Ses04F,2,auxiliary
train,3557,Ses04F_impro08_F008,Ses04F,2,auxiliary
train,3558,Ses04F_impro08_F009,Ses04F,2,auxiliary
train,3559,Ses04F_impro08_F023,Ses04F,0,auxiliary
train,3560,Ses04F_impro08_M001,Ses04M,2,auxiliary
train,3561,Ses04F_impro08_M012,Ses04M,2,auxiliary
train,3562,Ses04F_impro08_M013,Ses04M,0,auxiliary
train,3563,Ses04F_impro08_M014,Ses04M,0,auxiliary
train,3564,Ses04F_impro08_M015,Ses04M,0,auxiliary
train,3565,Ses04F_impro08_M016,Ses04M,0,auxiliary
train,3566,Ses04F_impro08_M017,Ses04M,0,auxiliary
train,3567,Ses04F_impro08_M018,Ses04M,0,auxiliary
train,3568,Ses04F_impro08_M019,Ses04M,0,auxiliary
train,3569,Ses04F_impro08_M022,Ses04M,0,auxiliary
train,3570,Ses04F_impro08_M023,Ses04M,0,auxiliary
train,3571,Ses04F_impro08_M024,Ses04M,0,auxiliary
train,3572,Ses04F_script01_1_F004,Ses04F,3,auxiliary
train,3573,Ses04F_script01_1_F011,Ses04F,0,auxiliary
train,3574,Ses04F_script01_1_F012,Ses04F,0,auxiliary
train,3575,Ses04F_script01_1_F013,Ses04F,0,auxiliary
train,3576,Ses04F_script01_1_F014,Ses04F,0,auxiliary
train,3577,Ses04F_script01_1_F015,Ses04F,0,auxiliary
train,3578,Ses04F_script01_1_F018,Ses04F,2,auxiliary
train,3579,Ses04F_script01_1_F019,Ses04F,0,auxiliary
train,3580,Ses04F_script01_1_F022,Ses04F,0,auxiliary
train,3581,Ses04F_script01_1_F023,Ses04F,0,auxiliary
train,3582,Ses04F_script01_1_F024,Ses04F,0,auxiliary
train,3583,Ses04F_script01_1_F025,Ses04F,2,auxiliary
train,3584,Ses04F_script01_1_F029,Ses04F,0,auxiliary
train,3585,Ses04F_script01_1_F030,Ses04F,0,auxiliary
train,3586,Ses04F_script01_1_F032,Ses04F,0,auxiliary
train,3587,Ses04F_script01_1_F035,Ses04F,0,auxiliary
train,3588,Ses04F_script01_1_F036,Ses04F,0,auxiliary
train,3589,Ses04F_script01_1_F037,Ses04F,0,auxiliary
train,3590,Ses04F_script01_1_F040,Ses04F,0,auxiliary
train,3591,Ses04F_script01_1_F041,Ses04F,0,auxiliary
train,3592,Ses04F_script01_1_F042,Ses04F,0,auxiliary
train,3593,Ses04F_script01_1_F044,Ses04F,0,auxiliary
train,3594,Ses04F_script01_1_M000,Ses04M,2,auxiliary
train,3595,Ses04F_script01_1_M004,Ses04M,3,auxiliary
train,3596,Ses04F_script01_1_M005,Ses04M,3,auxiliary
train,3597,Ses04F_script01_1_M009,Ses04M,0,auxiliary
train,3598,Ses04F_script01_1_M010,Ses04M,0,auxiliary
train,3599,Ses04F_script01_1_M012,Ses04M,0,auxiliary
train,3600,Ses04F_script01_1_M013,Ses04M,0,auxiliary
train,3601,Ses04F_script01_1_M016,Ses04M,2,auxiliary
train,3602,Ses04F_script01_1_M017,Ses04M,2,auxiliary
train,3603,Ses04F_script01_1_M020,Ses04M,0,auxiliary
train,3604,Ses04F_script01_1_M021,Ses04M,0,auxiliary
train,3605,Ses04F_script01_1_M022,Ses04M,0,auxiliary
train,3606,Ses04F_script01_1_M025,Ses04M,0,auxiliary
train,3607,Ses04F_script01_1_M026,Ses04M,3,auxiliary
train,3608,Ses04F_script01_1_M028,Ses04M,0,auxiliary
train,3609,Ses04F_script01_1_M029,Ses04M,0,auxiliary
train,3610,Ses04F_script01_1_M030,Ses04M,0,auxiliary
train,3611,Ses04F_script01_1_M032,Ses04M,3,auxiliary
train,3612,Ses04F_script01_1_M034,Ses04M,0,auxiliary
train,3613,Ses04F_script01_1_M038,Ses04M,0,auxiliary
train,3614,Ses04F_script01_2_F000,Ses04F,0,auxiliary
train,3615,Ses04F_script01_2_F001,Ses04F,0,auxiliary
train,3616,Ses04F_script01_2_F005,Ses04F,0,auxiliary
train,3617,Ses04F_script01_2_F006,Ses04F,0,auxiliary
train,3618,Ses04F_script01_2_F007,Ses04F,0,auxiliary
train,3619,Ses04F_script01_2_F008,Ses04F,0,auxiliary
train,3620,Ses04F_script01_2_F009,Ses04F,0,auxiliary
train,3621,Ses04F_script01_2_F010,Ses04F,0,auxiliary
train,3622,Ses04F_script01_2_F016,Ses04F,0,auxiliary
train,3623,Ses04F_script01_2_M000,Ses04M,2,auxiliary
train,3624,Ses04F_script01_2_M001,Ses04M,2,auxiliary
train,3625,Ses04F_script01_2_M004,Ses04M,2,auxiliary
train,3626,Ses04F_script01_2_M007,Ses04M,2,auxiliary
train,3627,Ses04F_script01_2_M008,Ses04M,2,auxiliary
train,3628,Ses04F_script01_2_M017,Ses04M,0,auxiliary
train,3629,Ses04F_script01_3_F009,Ses04F,1,auxiliary
train,3630,Ses04F_script01_3_F010,Ses04F,1,auxiliary
train,3631,Ses04F_script01_3_F012,Ses04F,1,auxiliary
train,3632,Ses04F_script01_3_F013,Ses04F,1,auxiliary
train,3633,Ses04F_script01_3_F014,Ses04F,1,auxiliary
train,3634,Ses04F_script01_3_F015,Ses04F,1,auxiliary
train,3635,Ses04F_script01_3_F023,Ses04F,2,auxiliary
train,3636,Ses04F_script01_3_F024,Ses04F,3,auxiliary
train,3637,Ses04F_script01_3_F030,Ses04F,1,auxiliary
train,3638,Ses04F_script01_3_M004,Ses04M,0,auxiliary
train,3639,Ses04F_script01_3_M008,Ses04M,2,auxiliary
train,3640,Ses04F_script01_3_M009,Ses04M,1,auxiliary
train,3641,Ses04F_script01_3_M010,Ses04M,1,auxiliary
train,3642,Ses04F_script01_3_M011,Ses04M,1,auxiliary
train,3643,Ses04F_script01_3_M014,Ses04M,2,auxiliary
train,3644,Ses04F_script01_3_M018,Ses04M,1,auxiliary
train,3645,Ses04F_script01_3_M019,Ses04M,1,auxiliary
train,3646,Ses04F_script01_3_M020,Ses04M,1,auxiliary
train,3647,Ses04F_script01_3_M023,Ses04M,3,auxiliary
train,3648,Ses04F_script01_3_M024,Ses04M,3,auxiliary
train,3649,Ses04F_script01_3_M026,Ses04M,3,auxiliary
train,3650,Ses04F_script01_3_M027,Ses04M,3,auxiliary
train,3651,Ses04F_script01_3_M028,Ses04M,3,auxiliary
train,3652,Ses04F_script01_3_M029,Ses04M,3,auxiliary
train,3653,Ses04F_script01_3_M030,Ses04M,3,auxiliary
train,3654,Ses04F_script01_3_M031,Ses04M,3,auxiliary
train,3655,Ses04F_script01_3_M032,Ses04M,3,auxiliary
train,3656,Ses04F_script01_3_M033,Ses04M,3,auxiliary
train,3657,Ses04F_script01_3_M034,Ses04M,3,auxiliary
train,3658,Ses04F_script01_3_M035,Ses04M,3,auxiliary
train,3659,Ses04F_script01_3_M036,Ses04M,3,auxiliary
train,3660,Ses04F_script01_3_M039,Ses04M,3,auxiliary
train,3661,Ses04F_script01_3_M040,Ses04M,3,auxiliary
train,3662,Ses04F_script01_3_M041,Ses04M,3,auxiliary
train,3663,Ses04F_script01_3_M043,Ses04M,3,auxiliary
train,3664,Ses04F_script01_3_M044,Ses04M,3,auxiliary
train,3665,Ses04F_script01_3_M045,Ses04M,3,auxiliary
train,3666,Ses04F_script01_3_M047,Ses04M,1,auxiliary
train,3667,Ses04F_script02_1_F000,Ses04F,2,auxiliary
train,3668,Ses04F_script02_1_F007,Ses04F,0,auxiliary
train,3669,Ses04F_script02_1_F008,Ses04F,0,auxiliary
train,3670,Ses04F_script02_1_F012,Ses04F,0,auxiliary
train,3671,Ses04F_script02_1_F013,Ses04F,0,auxiliary
train,3672,Ses04F_script02_1_F014,Ses04F,0,auxiliary
train,3673,Ses04F_script02_1_F016,Ses04F,0,auxiliary
train,3674,Ses04F_script02_1_F017,Ses04F,0,auxiliary
train,3675,Ses04F_script02_1_F019,Ses04F,0,auxiliary
train,3676,Ses04F_script02_1_F021,Ses04F,0,auxiliary
train,3677,Ses04F_script02_1_F022,Ses04F,0,auxiliary
train,3678,Ses04F_script02_1_M000,Ses04M,1,auxiliary
train,3679,Ses04F_script02_1_M002,Ses04M,1,auxiliary
train,3680,Ses04F_script02_1_M009,Ses04M,1,auxiliary
train,3681,Ses04F_script02_1_M010,Ses04M,2,auxiliary
train,3682,Ses04F_script02_1_M011,Ses04M,1,auxiliary
train,3683,Ses04F_script02_1_M017,Ses04M,2,auxiliary
train,3684,Ses04F_script02_1_M021,Ses04M,1,auxiliary
train,3685,Ses04F_script02_1_M023,Ses04M,1,auxiliary
train,3686,Ses04F_script02_1_M026,Ses04M,1,auxiliary
train,3687,Ses04F_script02_1_M031,Ses04M,0,auxiliary
train,3688,Ses04F_script02_1_M032,Ses04M,1,auxiliary
train,3689,Ses04F_script02_1_M033,Ses04M,1,auxiliary
train,3690,Ses04F_script02_1_M034,Ses04M,1,auxiliary
train,3691,Ses04F_script02_1_M035,Ses04M,1,auxiliary
train,3692,Ses04F_script02_1_M036,Ses04M,1,auxiliary
train,3693,Ses04F_script02_1_M037,Ses04M,1,auxiliary
train,3694,Ses04F_script02_1_M038,Ses04M,1,auxiliary
train,3695,Ses04F_script02_1_M039,Ses04M,1,auxiliary
train,3696,Ses04F_script02_1_M040,Ses04M,1,auxiliary
train,3697,Ses04F_script02_2_F002,Ses04F,0,auxiliary
train,3698,Ses04F_script02_2_F005,Ses04F,0,auxiliary
train,3699,Ses04F_script02_2_F006,Ses04F,0,auxiliary
train,3700,Ses04F_script02_2_F007,Ses04F,0,auxiliary
train,3701,Ses04F_script02_2_F008,Ses04F,2,auxiliary
train,3702,Ses04F_script02_2_F009,Ses04F,0,auxiliary
train,3703,Ses04F_script02_2_F010,Ses04F,0,auxiliary
train,3704,Ses04F_script02_2_F011,Ses04F,0,auxiliary
train,3705,Ses04F_script02_2_F014,Ses04F,0,auxiliary
train,3706,Ses04F_script02_2_F019,Ses04F,3,auxiliary
train,3707,Ses04F_script02_2_F020,Ses04F,3,auxiliary
train,3708,Ses04F_script02_2_F021,Ses04F,3,auxiliary
train,3709,Ses04F_script02_2_F022,Ses04F,3,auxiliary
train,3710,Ses04F_script02_2_F023,Ses04F,3,auxiliary
train,3711,Ses04F_script02_2_F024,Ses04F,3,auxiliary
train,3712,Ses04F_script02_2_F025,Ses04F,2,auxiliary
train,3713,Ses04F_script02_2_F026,Ses04F,3,auxiliary
train,3714,Ses04F_script02_2_F031,Ses04F,0,auxiliary
train,3715,Ses04F_script02_2_F033,Ses04F,0,auxiliary
train,3716,Ses04F_script02_2_F034,Ses04F,0,auxiliary
train,3717,Ses04F_script02_2_F037,Ses04F,3,auxiliary
train,3718,Ses04F_script02_2_F041,Ses04F,3,auxiliary
train,3719,Ses04F_script02_2_F043,Ses04F,1,auxiliary
train,3720,Ses04F_script02_2_F044,Ses04F,1,auxiliary
train,3721,Ses04F_script02_2_F045,Ses04F,1,auxiliary
train,3722,Ses04F_script02_2_F046,Ses04F,1,auxiliary
train,3723,Ses04F_script02_2_M000,Ses04M,2,auxiliary
train,3724,Ses04F_script02_2_M019,Ses04M,2,auxiliary
train,3725,Ses04F_script02_2_M020,Ses04M,2,auxiliary
train,3726,Ses04F_script02_2_M021,Ses04M,1,auxiliary
train,3727,Ses04F_script02_2_M023,Ses04M,2,auxiliary
train,3728,Ses04F_script02_2_M040,Ses04M,3,auxiliary
train,3729,Ses04F_script02_2_M041,Ses04M,3,auxiliary
train,3730,Ses04F_script02_2_M043,Ses04M,2,auxiliary
train,3731,Ses04F_script02_2_M044,Ses04M,2,auxiliary
train,3732,Ses04F_script02_2_M046,Ses04M,1,auxiliary
train,3733,Ses04F_script02_2_M047,Ses04M,2,auxiliary
train,3734,Ses04F_script03_1_F005,Ses04F,1,auxiliary
train,3735,Ses04F_script03_1_F006,Ses04F,1,auxiliary
train,3736,Ses04F_script03_1_F007,Ses04F,1,auxiliary
train,3737,Ses04F_script03_1_F009,Ses04F,1,auxiliary
train,3738,Ses04F_script03_1_F011,Ses04F,1,auxiliary
train,3739,Ses04F_script03_1_F012,Ses04F,2,auxiliary
train,3740,Ses04F_script03_1_F014,Ses04F,1,auxiliary
train,3741,Ses04F_script03_1_F017,Ses04F,2,auxiliary
train,3742,Ses04F_script03_1_F021,Ses04F,1,auxiliary
train,3743,Ses04F_script03_1_F022,Ses04F,1,auxiliary
train,3744,Ses04F_script03_1_F023,Ses04F,1,auxiliary
train,3745,Ses04F_script03_1_F024,Ses04F,1,auxiliary
train,3746,Ses04F_script03_1_F026,Ses04F,1,auxiliary
train,3747,Ses04F_script03_1_F028,Ses04F,1,auxiliary
train,3748,Ses04F_script03_1_F029,Ses04F,1,auxiliary
train,3749,Ses04F_script03_1_F030,Ses04F,1,auxiliary
train,3750,Ses04F_script03_1_M006,Ses04M,1,auxiliary
train,3751,Ses04F_script03_1_M007,Ses04M,1,auxiliary
train,3752,Ses04F_script03_1_M008,Ses04M,1,auxiliary
train,3753,Ses04F_script03_1_M009,Ses04M,2,auxiliary
train,3754,Ses04F_script03_1_M017,Ses04M,2,auxiliary
train,3755,Ses04F_script03_1_M027,Ses04M,2,auxiliary
train,3756,Ses04F_script03_1_M028,Ses04M,2,auxiliary
train,3757,Ses04F_script03_1_M029,Ses04M,2,auxiliary
train,3758,Ses04F_script03_1_M030,Ses04M,2,auxiliary
train,3759,Ses04F_script03_1_M031,Ses04M,2,auxiliary
train,3760,Ses04F_script03_2_F005,Ses04F,0,auxiliary
train,3761,Ses04F_script03_2_F012,Ses04F,0,auxiliary
train,3762,Ses04F_script03_2_F013,Ses04F,0,auxiliary
train,3763,Ses04F_script03_2_F014,Ses04F,0,auxiliary
train,3764,Ses04F_script03_2_F019,Ses04F,0,auxiliary
train,3765,Ses04F_script03_2_F020,Ses04F,0,auxiliary
train,3766,Ses04F_script03_2_F021,Ses04F,0,auxiliary
train,3767,Ses04F_script03_2_F022,Ses04F,0,auxiliary
train,3768,Ses04F_script03_2_F023,Ses04F,0,auxiliary
train,3769,Ses04F_script03_2_F024,Ses04F,0,auxiliary
train,3770,Ses04F_script03_2_F025,Ses04F,0,auxiliary
train,3771,Ses04F_script03_2_F026,Ses04F,0,auxiliary
train,3772,Ses04F_script03_2_F027,Ses04F,0,auxiliary
train,3773,Ses04F_script03_2_F028,Ses04F,0,auxiliary
train,3774,Ses04F_script03_2_F029,Ses04F,0,auxiliary
train,3775,Ses04F_script03_2_F030,Ses04F,0,auxiliary
train,3776,Ses04F_script03_2_F031,Ses04F,0,auxiliary
train,3777,Ses04F_script03_2_F034,Ses04F,0,auxiliary
train,3778,Ses04F_script03_2_F035,Ses04F,0,auxiliary
train,3779,Ses04F_script03_2_F036,Ses04F,0,auxiliary
train,3780,Ses04F_script03_2_F037,Ses04F,0,auxiliary
train,3781,Ses04F_script03_2_F038,Ses04F,0,auxiliary
train,3782,Ses04F_script03_2_F039,Ses04F,0,auxiliary
train,3783,Ses04F_script03_2_F040,Ses04F,0,auxiliary
train,3784,Ses04F_script03_2_F041,Ses04F,0,auxiliary
train,3785,Ses04F_script03_2_F042,Ses04F,0,auxiliary
train,3786,Ses04F_script03_2_F043,Ses04F,0,auxiliary
train,3787,Ses04F_script03_2_F044,Ses04F,0,auxiliary
train,3788,Ses04F_script03_2_M000,Ses04M,2,auxiliary
train,3789,Ses04F_script03_2_M001,Ses04M,0,auxiliary
train,3790,Ses04F_script03_2_M003,Ses04M,0,auxiliary
train,3791,Ses04F_script03_2_M005,Ses04M,0,auxiliary
train,3792,Ses04F_script03_2_M006,Ses04M,0,auxiliary
train,3793,Ses04F_script03_2_M007,Ses04M,0,auxiliary
train,3794,Ses04F_script03_2_M008,Ses04M,0,auxiliary
train,3795,Ses04F_script03_2_M010,Ses04M,2,auxiliary
train,3796,Ses04F_script03_2_M014,Ses04M,0,auxiliary
train,3797,Ses04F_script03_2_M015,Ses04M,0,auxiliary
train,3798,Ses04F_script03_2_M016,Ses04M,0,auxiliary
train,3799,Ses04F_script03_2_M024,Ses04M,2,auxiliary
train,3800,Ses04F_script03_2_M027,Ses04M,0,auxiliary
train,3801,Ses04F_script03_2_M031,Ses04M,0,auxiliary
train,3802,Ses04F_script03_2_M034,Ses04M,0,auxiliary
train,3803,Ses04F_script03_2_M035,Ses04M,0,auxiliary
train,3804,Ses04F_script03_2_M037,Ses04M,0,auxiliary
train,3805,Ses04F_script03_2_M039,Ses04M,0,auxiliary
train,3806,Ses04F_script03_2_M040,Ses04M,0,auxiliary
train,3807,Ses04F_script03_2_M041,Ses04M,0,auxiliary
train,3808,Ses04F_script03_2_M042,Ses04M,0,auxiliary
train,3809,Ses04F_script03_2_M043,Ses04M,0,auxiliary
train,3810,Ses04F_script03_2_M044,Ses04M,0,auxiliary
train,3811,Ses04F_script03_2_M045,Ses04M,0,auxiliary
train,3812,Ses04M_impro01_F000,Ses04F,2,auxiliary
train,3813,Ses04M_impro01_F001,Ses04F,2,auxiliary
train,3814,Ses04M_impro01_F002,Ses04F,2,auxiliary
train,3815,Ses04M_impro01_F012,Ses04F,2,auxiliary
train,3816,Ses04M_impro01_F018,Ses04F,0,auxiliary
train,3817,Ses04M_impro01_F019,Ses04F,0,auxiliary
train,3818,Ses04M_impro01_F021,Ses04F,0,auxiliary
train,3819,Ses04M_impro01_M000,Ses04M,2,auxiliary
train,3820,Ses04M_impro01_M003,Ses04M,2,auxiliary
train,3821,Ses04M_impro01_M018,Ses04M,0,auxiliary
train,3822,Ses04M_impro01_M024,Ses04M,0,auxiliary
train,3823,Ses04M_impro02_F009,Ses04F,3,auxiliary
train,3824,Ses04M_impro02_F020,Ses04F,3,auxiliary
train,3825,Ses04M_impro02_F021,Ses04F,0,auxiliary
train,3826,Ses04M_impro02_M000,Ses04M,3,auxiliary
train,3827,Ses04M_impro02_M008,Ses04M,2,auxiliary
train,3828,Ses04M_impro03_F002,Ses04F,1,auxiliary
train,3829,Ses04M_impro03_F003,Ses04F,1,auxiliary
train,3830,Ses04M_impro03_F004,Ses04F,1,auxiliary
train,3831,Ses04M_impro03_F005,Ses04F,1,auxiliary
train,3832,Ses04M_impro03_F006,Ses04F,1,auxiliary
train,3833,Ses04M_impro03_F007,Ses04F,1,auxiliary
train,3834,Ses04M_impro03_F008,Ses04F,1,auxiliary
train,3835,Ses04M_impro03_F009,Ses04F,1,auxiliary
train,3836,Ses04M_impro03_F010,Ses04F,1,auxiliary
train,3837,Ses04M_impro03_F011,Ses04F,1,auxiliary
train,3838,Ses04M_impro03_F012,Ses04F,1,auxiliary
train,3839,Ses04M_impro03_F015,Ses04F,1,auxiliary
train,3840,Ses04M_impro03_F016,Ses04F,1,auxiliary
train,3841,Ses04M_impro03_F017,Ses04F,1,auxiliary
train,3842,Ses04M_impro03_F019,Ses04F,1,auxiliary
train,3843,Ses04M_impro03_F024,Ses04F,1,auxiliary
train,3844,Ses04M_impro03_F025,Ses04F,1,auxiliary
train,3845,Ses04M_impro03_M002,Ses04M,1,auxiliary
train,3846,Ses04M_impro03_M005,Ses04M,1,auxiliary
train,3847,Ses04M_impro03_M006,Ses04M,1,auxiliary
train,3848,Ses04M_impro03_M007,Ses04M,1,auxiliary
train,3849,Ses04M_impro03_M008,Ses04M,1,auxiliary
train,3850,Ses04M_impro03_M009,Ses04M,1,auxiliary
train,3851,Ses04M_impro03_M011,Ses04M,1,auxiliary
train,3852,Ses04M_impro03_M015,Ses04M,1,auxiliary
train,3853,Ses04M_impro03_M017,Ses04M,1,auxiliary
train,3854,Ses04M_impro03_M019,Ses04M,1,auxiliary
train,3855,Ses04M_impro03_M020,Ses04M,1,auxiliary
train,3856,Ses04M_impro03_M021,Ses04M,1,auxiliary
train,3857,Ses04M_impro03_M022,Ses04M,1,auxiliary
train,3858,Ses04M_impro03_M023,Ses04M,1,auxiliary
train,3859,Ses04M_impro03_M024,Ses04M,1,auxiliary
train,3860,Ses04M_impro03_M025,Ses04M,1,auxiliary
train,3861,Ses04M_impro03_M026,Ses04M,1,auxiliary
train,3862,Ses04M_impro03_M028,Ses04M,1,auxiliary
train,3863,Ses04M_impro03_M029,Ses04M,1,auxiliary
train,3864,Ses04M_impro03_M030,Ses04M,1,auxiliary
train,3865,Ses04M_impro03_M031,Ses04M,2,auxiliary
train,3866,Ses04M_impro04_F000,Ses04F,2,auxiliary
train,3867,Ses04M_impro04_F001,Ses04F,2,auxiliary
train,3868,Ses04M_impro04_F002,Ses04F,2,auxiliary
train,3869,Ses04M_impro04_F003,Ses04F,2,auxiliary
train,3870,Ses04M_impro04_F004,Ses04F,2,auxiliary
train,3871,Ses04M_impro04_F005,Ses04F,2,auxiliary
train,3872,Ses04M_impro04_F006,Ses04F,2,auxiliary
train,3873,Ses04M_impro04_F007,Ses04F,2,auxiliary
train,3874,Ses04M_impro04_F008,Ses04F,2,auxiliary
train,3875,Ses04M_impro04_F009,Ses04F,2,auxiliary
train,3876,Ses04M_impro04_F011,Ses04F,2,auxiliary
train,3877,Ses04M_impro04_F012,Ses04F,2,auxiliary
train,3878,Ses04M_impro04_F013,Ses04F,2,auxiliary
train,3879,Ses04M_impro04_F015,Ses04F,2,auxiliary
train,3880,Ses04M_impro04_F016,Ses04F,2,auxiliary
train,3881,Ses04M_impro04_F017,Ses04F,2,auxiliary
train,3882,Ses04M_impro04_M004,Ses04M,2,auxiliary
train,3883,Ses04M_impro04_M020,Ses04M,2,auxiliary
train,3884,Ses04M_impro04_M021,Ses04M,2,auxiliary
train,3885,Ses04M_impro04_M022,Ses04M,2,auxiliary
train,3886,Ses04M_impro05_F000,Ses04F,2,auxiliary
train,3887,Ses04M_impro05_F001,Ses04F,2,auxiliary
train,3888,Ses04M_impro05_F002,Ses04F,2,auxiliary
train,3889,Ses04M_impro05_F003,Ses04F,2,auxiliary
train,3890,Ses04M_impro05_F006,Ses04F,2,auxiliary
train,3891,Ses04M_impro05_F007,Ses04F,2,auxiliary
train,3892,Ses04M_impro05_F008,Ses04F,2,auxiliary
train,3893,Ses04M_impro05_F009,Ses04F,2,auxiliary
train,3894,Ses04M_impro05_F010,Ses04F,2,auxiliary
train,3895,Ses04M_impro05_F013,Ses04F,2,auxiliary
train,3896,Ses04M_impro05_F017,Ses04F,2,auxiliary
train,3897,Ses04M_impro05_F019,Ses04F,2,auxiliary
train,3898,Ses04M_impro05_F020,Ses04F,2,auxiliary
train,3899,Ses04M_impro05_F036,Ses04F,2,auxiliary
train,3900,Ses04M_impro05_F037,Ses04F,2,auxiliary
train,3901,Ses04M_impro05_M008,Ses04M,0,auxiliary
train,3902,Ses04M_impro05_M009,Ses04M,0,auxiliary
train,3903,Ses04M_impro05_M010,Ses04M,0,auxiliary
train,3904,Ses04M_impro05_M011,Ses04M,0,auxiliary
train,3905,Ses04M_impro05_M014,Ses04M,0,auxiliary
train,3906,Ses04M_impro05_M015,Ses04M,0,auxiliary
train,3907,Ses04M_impro05_M016,Ses04M,0,auxiliary
train,3908,Ses04M_impro05_M017,Ses04M,0,auxiliary
train,3909,Ses04M_impro05_M018,Ses04M,0,auxiliary
train,3910,Ses04M_impro05_M022,Ses04M,0,auxiliary
train,3911,Ses04M_impro05_M026,Ses04M,0,auxiliary
train,3912,Ses04M_impro05_M038,Ses04M,0,auxiliary
train,3913,Ses04M_impro05_M039,Ses04M,0,auxiliary
train,3914,Ses04M_impro05_M044,Ses04M,0,auxiliary
train,3915,Ses04M_impro05_M045,Ses04M,0,auxiliary
train,3916,Ses04M_impro06_F000,Ses04F,3,auxiliary
train,3917,Ses04M_impro06_F001,Ses04F,3,auxiliary
train,3918,Ses04M_impro06_F002,Ses04F,3,auxiliary
train,3919,Ses04M_impro06_F003,Ses04F,3,auxiliary
train,3920,Ses04M_impro06_F004,Ses04F,3,auxiliary
train,3921,Ses04M_impro06_F005,Ses04F,3,auxiliary
train,3922,Ses04M_impro06_F006,Ses04F,3,auxiliary
train,3923,Ses04M_impro06_F007,Ses04F,3,auxiliary
train,3924,Ses04M_impro06_F008,Ses04F,3,auxiliary
train,3925,Ses04M_impro06_F009,Ses04F,3,auxiliary
train,3926,Ses04M_impro06_F010,Ses04F,3,auxiliary
train,3927,Ses04M_impro06_F011,Ses04F,3,auxiliary
train,3928,Ses04M_impro06_F012,Ses04F,3,auxiliary
train,3929,Ses04M_impro06_F014,Ses04F,3,auxiliary
train,3930,Ses04M_impro06_F015,Ses04F,3,auxiliary
train,3931,Ses04M_impro06_F016,Ses04F,3,auxiliary
train,3932,Ses04M_impro06_F017,Ses04F,3,auxiliary
train,3933,Ses04M_impro06_F018,Ses04F,3,auxiliary
train,3934,Ses04M_impro06_F019,Ses04F,3,auxiliary
train,3935,Ses04M_impro06_M000,Ses04M,3,auxiliary
train,3936,Ses04M_impro06_M001,Ses04M,3,auxiliary
train,3937,Ses04M_impro06_M002,Ses04M,3,auxiliary
train,3938,Ses04M_impro06_M003,Ses04M,3,auxiliary
train,3939,Ses04M_impro06_M004,Ses04M,3,auxiliary
train,3940,Ses04M_impro06_M005,Ses04M,3,auxiliary
train,3941,Ses04M_impro06_M006,Ses04M,3,auxiliary
train,3942,Ses04M_impro06_M007,Ses04M,3,auxiliary
train,3943,Ses04M_impro06_M008,Ses04M,3,auxiliary
train,3944,Ses04M_impro06_M009,Ses04M,3,auxiliary
train,3945,Ses04M_impro06_M010,Ses04M,3,auxiliary
train,3946,Ses04M_impro06_M011,Ses04M,3,auxiliary
train,3947,Ses04M_impro06_M012,Ses04M,3,auxiliary
train,3948,Ses04M_impro06_M013,Ses04M,3,auxiliary
train,3949,Ses04M_impro06_M014,Ses04M,3,auxiliary
train,3950,Ses04M_impro06_M015,Ses04M,3,auxiliary
train,3951,Ses04M_impro06_M016,Ses04M,3,auxiliary
train,3952,Ses04M_impro06_M017,Ses04M,3,auxiliary
train,3953,Ses04M_impro06_M018,Ses04M,3,auxiliary
train,3954,Ses04M_impro06_M019,Ses04M,3,auxiliary
train,3955,Ses04M_impro06_M020,Ses04M,3,auxiliary
train,3956,Ses04M_impro07_F002,Ses04F,1,auxiliary
train,3957,Ses04M_impro07_F003,Ses04F,1,auxiliary
train,3958,Ses04M_impro07_F004,Ses04F,1,auxiliary
train,3959,Ses04M_impro07_F006,Ses04F,1,auxiliary
train,3960,Ses04M_impro07_F007,Ses04F,1,auxiliary
train,3961,Ses04M_impro07_F008,Ses04F,1,auxiliary
train,3962,Ses04M_impro07_F009,Ses04F,1,auxiliary
train,3963,Ses04M_impro07_F010,Ses04F,1,auxiliary
train,3964,Ses04M_impro07_F011,Ses04F,1,auxiliary
train,3965,Ses04M_impro07_F012,Ses04F,1,auxiliary
train,3966,Ses04M_impro07_F013,Ses04F,1,auxiliary
train,3967,Ses04M_impro07_F014,Ses04F,1,auxiliary
train,3968,Ses04M_impro07_F015,Ses04F,1,auxiliary
train,3969,Ses04M_impro07_F016,Ses04F,1,auxiliary
train,3970,Ses04M_impro07_F017,Ses04F,1,auxiliary
train,3971,Ses04M_impro07_F018,Ses04F,1,auxiliary
train,3972,Ses04M_impro07_F022,Ses04F,1,auxiliary
train,3973,Ses04M_impro07_F023,Ses04F,2,auxiliary
train,3974,Ses04M_impro07_F026,Ses04F,2,auxiliary
train,3975,Ses04M_impro07_F027,Ses04F,1,auxiliary
train,3976,Ses04M_impro07_F036,Ses04F,2,auxiliary
train,3977,Ses04M_impro07_F037,Ses04F,2,auxiliary
train,3978,Ses04M_impro07_M000,Ses04M,1,auxiliary
train,3979,Ses04M_impro07_M001,Ses04M,1,auxiliary
train,3980,Ses04M_impro07_M002,Ses04M,1,auxiliary
train,3981,Ses04M_impro07_M003,Ses04M,1,auxiliary
train,3982,Ses04M_impro07_M004,Ses04M,1,auxiliary
train,3983,Ses04M_impro07_M007,Ses04M,1,auxiliary
train,3984,Ses04M_impro07_M008,Ses04M,1,auxiliary
train,3985,Ses04M_impro07_M009,Ses04M,1,auxiliary
train,3986,Ses04M_impro07_M010,Ses04M,1,auxiliary
train,3987,Ses04M_impro07_M011,Ses04M,1,auxiliary
train,3988,Ses04M_impro07_M012,Ses04M,1,auxiliary
train,3989,Ses04M_impro07_M013,Ses04M,1,auxiliary
train,3990,Ses04M_impro07_M014,Ses04M,1,auxiliary
train,3991,Ses04M_impro07_M015,Ses04M,1,auxiliary
train,3992,Ses04M_impro07_M020,Ses04M,1,auxiliary
train,3993,Ses04M_impro07_M021,Ses04M,1,auxiliary
train,3994,Ses04M_impro07_M025,Ses04M,2,auxiliary
train,3995,Ses04M_impro07_M026,Ses04M,2,auxiliary
train,3996,Ses04M_impro07_M029,Ses04M,2,auxiliary
train,3997,Ses04M_impro07_M030,Ses04M,2,auxiliary
train,3998,Ses04M_impro07_M032,Ses04M,2,auxiliary
train,3999,Ses04M_impro07_M035,Ses04M,2,auxiliary
train,4000,Ses04M_impro07_M036,Ses04M,2,auxiliary
train,4001,Ses04M_impro07_M037,Ses04M,2,auxiliary
train,4002,Ses04M_impro07_M040,Ses04M,2,auxiliary
train,4003,Ses04M_impro07_M041,Ses04M,2,auxiliary
train,4004,Ses04M_impro07_M042,Ses04M,2,auxiliary
train,4005,Ses04M_impro07_M043,Ses04M,2,auxiliary
train,4006,Ses04M_impro08_F020,Ses04F,2,auxiliary
train,4007,Ses04M_impro08_F022,Ses04F,1,auxiliary
train,4008,Ses04M_impro08_F023,Ses04F,1,auxiliary
train,4009,Ses04M_impro08_F024,Ses04F,1,auxiliary
train,4010,Ses04M_impro08_F027,Ses04F,2,auxiliary
train,4011,Ses04M_impro08_F028,Ses04F,2,auxiliary
train,4012,Ses04M_impro08_F030,Ses04F,2,auxiliary
train,4013,Ses04M_impro08_M001,Ses04M,2,auxiliary
train,4014,Ses04M_impro08_M004,Ses04M,2,auxiliary
train,4015,Ses04M_impro08_M005,Ses04M,2,auxiliary
train,4016,Ses04M_impro08_M006,Ses04M,2,auxiliary
train,4017,Ses04M_impro08_M008,Ses04M,2,auxiliary
train,4018,Ses04M_impro08_M010,Ses04M,2,auxiliary
train,4019,Ses04M_impro08_M011,Ses04M,2,auxiliary
train,4020,Ses04M_impro08_M012,Ses04M,2,auxiliary
train,4021,Ses04M_impro08_M013,Ses04M,2,auxiliary
train,4022,Ses04M_impro08_M017,Ses04M,2,auxiliary
train,4023,Ses04M_impro08_M019,Ses04M,2,auxiliary
train,4024,Ses04M_impro08_M020,Ses04M,2,auxiliary
train,4025,Ses04M_impro08_M021,Ses04M,2,auxiliary
train,4026,Ses04M_impro08_M022,Ses04M,2,auxiliary
train,4027,Ses04M_impro08_M023,Ses04M,2,auxiliary
train,4028,Ses04M_impro08_M024,Ses04M,2,auxiliary
train,4029,Ses04M_impro08_M025,Ses04M,2,auxiliary
train,4030,Ses04M_impro08_M026,Ses04M,2,auxiliary
train,4031,Ses04M_impro08_M027,Ses04M,2,auxiliary
train,4032,Ses04M_impro08_M028,Ses04M,2,auxiliary
train,4033,Ses04M_script01_1_F000,Ses04F,2,auxiliary
train,4034,Ses04M_script01_1_F007,Ses04F,3,auxiliary
train,4035,Ses04M_script01_1_F011,Ses04F,0,auxiliary
train,4036,Ses04M_script01_1_F012,Ses04F,0,auxiliary
train,4037,Ses04M_script01_1_F013,Ses04F,0,auxiliary
train,4038,Ses04M_script01_1_F015,Ses04F,2,auxiliary
train,4039,Ses04M_script01_1_F017,Ses04F,2,auxiliary
train,4040,Ses04M_script01_1_F018,Ses04F,0,auxiliary
train,4041,Ses04M_script01_1_F019,Ses04F,2,auxiliary
train,4042,Ses04M_script01_1_F021,Ses04F,0,auxiliary
train,4043,Ses04M_script01_1_F022,Ses04F,0,auxiliary
train,4044,Ses04M_script01_1_F027,Ses04F,2,auxiliary
train,4045,Ses04M_script01_1_F028,Ses04F,2,auxiliary
train,4046,Ses04M_script01_1_F029,Ses04F,0,auxiliary
train,4047,Ses04M_script01_1_F032,Ses04F,2,auxiliary
train,4048,Ses04M_script01_1_F033,Ses04F,2,auxiliary
train,4049,Ses04M_script01_1_F034,Ses04F,0,auxiliary
train,4050,Ses04M_script01_1_F035,Ses04F,0,auxiliary
train,4051,Ses04M_script01_1_F036,Ses04F,0,auxiliary
train,4052,Ses04M_script01_1_F037,Ses04F,0,auxiliary
train,4053,Ses04M_script01_1_F039,Ses04F,0,auxiliary
train,4054,Ses04M_script01_1_F040,Ses04F,0,auxiliary
train,4055,Ses04M_script01_1_F041,Ses04F,0,auxiliary
train,4056,Ses04M_script01_1_M000,Ses04M,2,auxiliary
train,4057,Ses04M_script01_1_M001,Ses04M,2,auxiliary
train,4058,Ses04M_script01_1_M013,Ses04M,0,auxiliary
train,4059,Ses04M_script01_1_M014,Ses04M,0,auxiliary
train,4060,Ses04M_script01_1_M018,Ses04M,2,auxiliary
train,4061,Ses04M_script01_1_M021,Ses04M,0,auxiliary
train,4062,Ses04M_script01_1_M022,Ses04M,0,auxiliary
train,4063,Ses04M_script01_1_M026,Ses04M,2,auxiliary
train,4064,Ses04M_script01_1_M031,Ses04M,2,auxiliary
train,4065,Ses04M_script01_1_M032,Ses04M,2,auxiliary
train,4066,Ses04M_script01_1_M034,Ses04M,3,auxiliary
train,4067,Ses04M_script01_1_M037,Ses04M,0,auxiliary
train,4068,Ses04M_script01_1_M038,Ses04M,0,auxiliary
train,4069,Ses04M_script01_1_M040,Ses04M,2,auxiliary
train,4070,Ses04M_script01_1_M041,Ses04M,2,auxiliary
train,4071,Ses04M_script01_2_F000,Ses04F,0,auxiliary
train,4072,Ses04M_script01_2_F001,Ses04F,2,auxiliary
train,4073,Ses04M_script01_2_F002,Ses04F,0,auxiliary
train,4074,Ses04M_script01_2_F003,Ses04F,0,auxiliary
train,4075,Ses04M_script01_2_F004,Ses04F,0,auxiliary
train,4076,Ses04M_script01_2_F005,Ses04F,0,auxiliary
train,4077,Ses04M_script01_2_F006,Ses04F,0,auxiliary
train,4078,Ses04M_script01_2_F007,Ses04F,2,auxiliary
train,4079,Ses04M_script01_2_F008,Ses04F,0,auxiliary
train,4080,Ses04M_script01_2_F009,Ses04F,0,auxiliary
train,4081,Ses04M_script01_2_F010,Ses04F,0,auxiliary
train,4082,Ses04M_script01_2_F011,Ses04F,0,auxiliary
train,4083,Ses04M_script01_2_F012,Ses04F,0,auxiliary
train,4084,Ses04M_script01_2_F013,Ses04F,0,auxiliary
train,4085,Ses04M_script01_2_F014,Ses04F,0,auxiliary
train,4086,Ses04M_script01_2_F015,Ses04F,0,auxiliary
train,4087,Ses04M_script01_2_F016,Ses04F,0,auxiliary
train,4088,Ses04M_script01_2_F018,Ses04F,0,auxiliary
train,4089,Ses04M_script01_2_F020,Ses04F,3,auxiliary
train,4090,Ses04M_script01_2_M000,Ses04M,2,auxiliary
train,4091,Ses04M_script01_2_M005,Ses04M,2,auxiliary
train,4092,Ses04M_script01_2_M006,Ses04M,2,auxiliary
train,4093,Ses04M_script01_2_M007,Ses04M,2,auxiliary
train,4094,Ses04M_script01_2_M019,Ses04M,0,auxiliary
train,4095,Ses04M_script01_3_F012,Ses04F,1,auxiliary
train,4096,Ses04M_script01_3_F013,Ses04F,1,auxiliary
train,4097,Ses04M_script01_3_F014,Ses04F,1,auxiliary
train,4098,Ses04M_script01_3_F022,Ses04F,3,auxiliary
train,4099,Ses04M_script01_3_F023,Ses04F,3,auxiliary
train,4100,Ses04M_script01_3_F027,Ses04F,1,auxiliary
train,4101,Ses04M_script01_3_M022,Ses04M,3,auxiliary
train,4102,Ses04M_script01_3_M023,Ses04M,3,auxiliary
train,4103,Ses04M_script01_3_M024,Ses04M,3,auxiliary
train,4104,Ses04M_script01_3_M025,Ses04M,3,auxiliary
train,4105,Ses04M_script01_3_M026,Ses04M,3,auxiliary
train,4106,Ses04M_script01_3_M027,Ses04M,3,auxiliary
train,4107,Ses04M_script01_3_M028,Ses04M,3,auxiliary
train,4108,Ses04M_script01_3_M030,Ses04M,3,auxiliary
train,4109,Ses04M_script01_3_M031,Ses04M,3,auxiliary
train,4110,Ses04M_script01_3_M032,Ses04M,3,auxiliary
train,4111,Ses04M_script01_3_M033,Ses04M,3,auxiliary
train,4112,Ses04M_script01_3_M034,Ses04M,3,auxiliary
train,4113,Ses04M_script01_3_M035,Ses04M,3,auxiliary
train,4114,Ses04M_script01_3_M037,Ses04M,1,auxiliary
train,4115,Ses04M_script02_1_F000,Ses04F,2,auxiliary
train,4116,Ses04M_script02_1_F002,Ses04F,0,auxiliary
train,4117,Ses04M_script02_1_F003,Ses04F,0,auxiliary
train,4118,Ses04M_script02_1_F004,Ses04F,0,auxiliary
train,4119,Ses04M_script02_1_F005,Ses04F,0,auxiliary
train,4120,Ses04M_script02_1_F007,Ses04F,0,auxiliary
train,4121,Ses04M_script02_1_F008,Ses04F,0,auxiliary
train,4122,Ses04M_script02_1_F010,Ses04F,0,auxiliary
train,4123,Ses04M_script02_1_F012,Ses04F,0,auxiliary
train,4124,Ses04M_script02_1_F013,Ses04F,0,auxiliary
train,4125,Ses04M_script02_1_F014,Ses04F,2,auxiliary
train,4126,Ses04M_script02_1_F017,Ses04F,0,auxiliary
train,4127,Ses04M_script02_1_F018,Ses04F,0,auxiliary
train,4128,Ses04M_script02_1_M001,Ses04M,1,auxiliary
train,4129,Ses04M_script02_1_M002,Ses04M,1,auxiliary
train,4130,Ses04M_script02_1_M003,Ses04M,1,auxiliary
train,4131,Ses04M_script02_1_M005,Ses04M,2,auxiliary
train,4132,Ses04M_script02_1_M008,Ses04M,1,auxiliary
train,4133,Ses04M_script02_1_M009,Ses04M,2,auxiliary
train,4134,Ses04M_script02_1_M012,Ses04M,2,auxiliary
train,4135,Ses04M_script02_1_M014,Ses04M,2,auxiliary
train,4136,Ses04M_script02_1_M015,Ses04M,2,auxiliary
train,4137,Ses04M_script02_1_M018,Ses04M,1,auxiliary
train,4138,Ses04M_script02_1_M020,Ses04M,1,auxiliary
train,4139,Ses04M_script02_1_M021,Ses04M,1,auxiliary
train,4140,Ses04M_script02_1_M022,Ses04M,1,auxiliary
train,4141,Ses04M_script02_1_M023,Ses04M,1,auxiliary
train,4142,Ses04M_script02_1_M028,Ses04M,1,auxiliary
train,4143,Ses04M_script02_1_M029,Ses04M,1,auxiliary
train,4144,Ses04M_script02_1_M030,Ses04M,1,auxiliary
train,4145,Ses04M_script02_1_M031,Ses04M,1,auxiliary
train,4146,Ses04M_script02_1_M032,Ses04M,1,auxiliary
train,4147,Ses04M_script02_1_M033,Ses04M,1,auxiliary
train,4148,Ses04M_script02_2_F000,Ses04F,2,auxiliary
train,4149,Ses04M_script02_2_F006,Ses04F,0,auxiliary
train,4150,Ses04M_script02_2_F007,Ses04F,0,auxiliary
train,4151,Ses04M_script02_2_F009,Ses04F,0,auxiliary
train,4152,Ses04M_script02_2_F013,Ses04F,0,auxiliary
train,4153,Ses04M_script02_2_F016,Ses04F,3,auxiliary
train,4154,Ses04M_script02_2_F018,Ses04F,3,auxiliary
train,4155,Ses04M_script02_2_F019,Ses04F,3,auxiliary
train,4156,Ses04M_script02_2_F020,Ses04F,3,auxiliary
train,4157,Ses04M_script02_2_F021,Ses04F,3,auxiliary
train,4158,Ses04M_script02_2_F025,Ses04F,0,auxiliary
train,4159,Ses04M_script02_2_F026,Ses04F,0,auxiliary
train,4160,Ses04M_script02_2_F027,Ses04F,0,auxiliary
train,4161,Ses04M_script02_2_F028,Ses04F,0,auxiliary
train,4162,Ses04M_script02_2_F029,Ses04F,0,auxiliary
train,4163,Ses04M_script02_2_F032,Ses04F,3,auxiliary
train,4164,Ses04M_script02_2_F035,Ses04F,1,auxiliary
train,4165,Ses04M_script02_2_F036,Ses04F,1,auxiliary
train,4166,Ses04M_script02_2_M000,Ses04M,2,auxiliary
train,4167,Ses04M_script02_2_M001,Ses04M,2,auxiliary
train,4168,Ses04M_script02_2_M006,Ses04M,0,auxiliary
train,4169,Ses04M_script02_2_M007,Ses04M,0,auxiliary
train,4170,Ses04M_script02_2_M020,Ses04M,2,auxiliary
train,4171,Ses04M_script02_2_M021,Ses04M,2,auxiliary
train,4172,Ses04M_script02_2_M029,Ses04M,0,auxiliary
train,4173,Ses04M_script02_2_M031,Ses04M,0,auxiliary
train,4174,Ses04M_script02_2_M034,Ses04M,0,auxiliary
train,4175,Ses04M_script02_2_M037,Ses04M,3,auxiliary
train,4176,Ses04M_script02_2_M039,Ses04M,1,auxiliary
train,4177,Ses04M_script02_2_M040,Ses04M,1,auxiliary
train,4178,Ses04M_script02_2_M041,Ses04M,1,auxiliary
train,4179,Ses04M_script03_1_F005,Ses04F,1,auxiliary
train,4180,Ses04M_script03_1_F006,Ses04F,1,auxiliary
train,4181,Ses04M_script03_1_F007,Ses04F,1,auxiliary
train,4182,Ses04M_script03_1_F008,Ses04F,1,auxiliary
train,4183,Ses04M_script03_1_F009,Ses04F,1,auxiliary
train,4184,Ses04M_script03_1_F012,Ses04F,1,auxiliary
train,4185,Ses04M_script03_1_F013,Ses04F,2,auxiliary
train,4186,Ses04M_script03_1_F014,Ses04F,1,auxiliary
train,4187,Ses04M_script03_1_F015,Ses04F,1,auxiliary
train,4188,Ses04M_script03_1_F017,Ses04F,1,auxiliary
train,4189,Ses04M_script03_1_F018,Ses04F,1,auxiliary
train,4190,Ses04M_script03_1_F021,Ses04F,1,auxiliary
train,4191,Ses04M_script03_1_F022,Ses04F,1,auxiliary
train,4192,Ses04M_script03_1_F023,Ses04F,1,auxiliary
train,4193,Ses04M_script03_1_F024,Ses04F,1,auxiliary
train,4194,Ses04M_script03_1_F025,Ses04F,1,auxiliary
train,4195,Ses04M_script03_1_F026,Ses04F,1,auxiliary
train,4196,Ses04M_script03_1_F027,Ses04F,1,auxiliary
train,4197,Ses04M_script03_1_F028,Ses04F,1,auxiliary
train,4198,Ses04M_script03_1_F029,Ses04F,1,auxiliary
train,4199,Ses04M_script03_1_F030,Ses04F,1,auxiliary
train,4200,Ses04M_script03_1_M003,Ses04M,2,auxiliary
train,4201,Ses04M_script03_1_M004,Ses04M,1,auxiliary
train,4202,Ses04M_script03_1_M006,Ses04M,1,auxiliary
train,4203,Ses04M_script03_1_M007,Ses04M,1,auxiliary
train,4204,Ses04M_script03_1_M010,Ses04M,2,auxiliary
train,4205,Ses04M_script03_1_M012,Ses04M,2,auxiliary
train,4206,Ses04M_script03_1_M013,Ses04M,0,auxiliary
train,4207,Ses04M_script03_1_M016,Ses04M,3,auxiliary
train,4208,Ses04M_script03_1_M021,Ses04M,1,auxiliary
train,4209,Ses04M_script03_1_M025,Ses04M,0,auxiliary
train,4210,Ses04M_script03_1_M028,Ses04M,2,auxiliary
train,4211,Ses04M_script03_1_M029,Ses04M,1,auxiliary
train,4212,Ses04M_script03_1_M033,Ses04M,2,auxiliary
train,4213,Ses04M_script03_2_F000,Ses04F,0,auxiliary
train,4214,Ses04M_script03_2_F001,Ses04F,1,auxiliary
train,4215,Ses04M_script03_2_F002,Ses04F,1,auxiliary
train,4216,Ses04M_script03_2_F003,Ses04F,1,auxiliary
train,4217,Ses04M_script03_2_F006,Ses04F,1,auxiliary
train,4218,Ses04M_script03_2_F008,Ses04F,1,auxiliary
train,4219,Ses04M_script03_2_F009,Ses04F,2,auxiliary
train,4220,Ses04M_script03_2_F010,Ses04F,0,auxiliary
train,4221,Ses04M_script03_2_F014,Ses04F,0,auxiliary
train,4222,Ses04M_script03_2_F017,Ses04F,0,auxiliary
train,4223,Ses04M_script03_2_F019,Ses04F,0,auxiliary
train,4224,Ses04M_script03_2_F022,Ses04F,0,auxiliary
train,4225,Ses04M_script03_2_F023,Ses04F,0,auxiliary
train,4226,Ses04M_script03_2_F024,Ses04F,2,auxiliary
train,4227,Ses04M_script03_2_F026,Ses04F,0,auxiliary
train,4228,Ses04M_script03_2_F028,Ses04F,0,auxiliary
train,4229,Ses04M_script03_2_F029,Ses04F,0,auxiliary
train,4230,Ses04M_script03_2_F030,Ses04F,0,auxiliary
train,4231,Ses04M_script03_2_F031,Ses04F,0,auxiliary
train,4232,Ses04M_script03_2_F032,Ses04F,0,auxiliary
train,4233,Ses04M_script03_2_F033,Ses04F,0,auxiliary
train,4234,Ses04M_script03_2_F034,Ses04F,0,auxiliary
train,4235,Ses04M_script03_2_F035,Ses04F,0,auxiliary
train,4236,Ses04M_script03_2_F036,Ses04F,0,auxiliary
train,4237,Ses04M_script03_2_F037,Ses04F,0,auxiliary
train,4238,Ses04M_script03_2_F039,Ses04F,0,auxiliary
train,4239,Ses04M_script03_2_F040,Ses04F,0,auxiliary
train,4240,Ses04M_script03_2_F041,Ses04F,0,auxiliary
train,4241,Ses04M_script03_2_F042,Ses04F,0,auxiliary
train,4242,Ses04M_script03_2_F043,Ses04F,2,auxiliary
train,4243,Ses04M_script03_2_F044,Ses04F,0,auxiliary
train,4244,Ses04M_script03_2_F045,Ses04F,0,auxiliary
train,4245,Ses04M_script03_2_F046,Ses04F,0,auxiliary
train,4246,Ses04M_script03_2_F047,Ses04F,0,auxiliary
train,4247,Ses04M_script03_2_F048,Ses04F,0,auxiliary
train,4248,Ses04M_script03_2_F049,Ses04F,0,auxiliary
train,4249,Ses04M_script03_2_F050,Ses04F,0,auxiliary
train,4250,Ses04M_script03_2_F051,Ses04F,0,auxiliary
train,4251,Ses04M_script03_2_F052,Ses04F,0,auxiliary
train,4252,Ses04M_script03_2_M001,Ses04M,2,auxiliary
train,4253,Ses04M_script03_2_M008,Ses04M,0,auxiliary
train,4254,Ses04M_script03_2_M009,Ses04M,2,auxiliary
train,4255,Ses04M_script03_2_M010,Ses04M,0,auxiliary
train,4256,Ses04M_script03_2_M011,Ses04M,0,auxiliary
train,4257,Ses04M_script03_2_M012,Ses04M,0,auxiliary
train,4258,Ses04M_script03_2_M013,Ses04M,0,auxiliary
train,4259,Ses04M_script03_2_M014,Ses04M,0,auxiliary
train,4260,Ses04M_script03_2_M020,Ses04M,0,auxiliary
train,4261,Ses04M_script03_2_M021,Ses04M,0,auxiliary
train,4262,Ses04M_script03_2_M022,Ses04M,0,auxiliary
train,4263,Ses04M_script03_2_M024,Ses04M,0,auxiliary
train,4264,Ses04M_script03_2_M025,Ses04M,0,auxiliary
train,4265,Ses04M_script03_2_M026,Ses04M,2,auxiliary
train,4266,Ses04M_script03_2_M027,Ses04M,0,auxiliary
train,4267,Ses04M_script03_2_M028,Ses04M,2,auxiliary
train,4268,Ses04M_script03_2_M029,Ses04M,0,auxiliary
train,4269,Ses04M_script03_2_M030,Ses04M,0,auxiliary
train,4270,Ses04M_script03_2_M031,Ses04M,0,auxiliary
train,4271,Ses04M_script03_2_M033,Ses04M,0,auxiliary
train,4272,Ses04M_script03_2_M034,Ses04M,0,auxiliary
train,4273,Ses04M_script03_2_M035,Ses04M,0,auxiliary
train,4274,Ses04M_script03_2_M036,Ses04M,0,auxiliary
train,4275,Ses04M_script03_2_M038,Ses04M,0,auxiliary
train,4276,Ses04M_script03_2_M040,Ses04M,0,auxiliary
train,4277,Ses04M_script03_2_M041,Ses04M,0,auxiliary
train,4278,Ses04M_script03_2_M043,Ses04M,0,auxiliary
train,4279,Ses04M_script03_2_M046,Ses04M,0,auxiliary
train,4280,Ses04M_script03_2_M047,Ses04M,0,auxiliary
train,4281,Ses04M_script03_2_M048,Ses04M,0,auxiliary
train,4282,Ses04M_script03_2_M049,Ses04M,0,auxiliary
train,4283,Ses04M_script03_2_M050,Ses04M,0,auxiliary
train,4284,Ses04M_script03_2_M051,Ses04M,0,auxiliary
train,4285,Ses04M_script03_2_M052,Ses04M,0,auxiliary
train,4286,Ses04M_script03_2_M053,Ses04M,0,auxiliary
train,4287,Ses04M_script03_2_M054,Ses04M,0,auxiliary
train,4288,Ses04M_script03_2_M055,Ses04M,0,auxiliary
train,4289,Ses04M_script03_2_M056,Ses04M,0,auxiliary
dev,0,Ses05F_impro01_F000,Ses05F,2,dev
dev,1,Ses05F_impro01_F008,Ses05F,2,dev
dev,2,Ses05F_impro01_F017,Ses05F,0,dev
dev,3,Ses05F_impro01_F018,Ses05F,0,dev
dev,4,Ses05F_impro01_F020,Ses05F,0,dev
dev,5,Ses05F_impro02_F001,Ses05F,3,dev
dev,6,Ses05F_impro02_F002,Ses05F,3,dev
dev,7,Ses05F_impro02_F004,Ses05F,3,dev
dev,8,Ses05F_impro02_F005,Ses05F,3,dev
dev,9,Ses05F_impro02_F008,Ses05F,3,dev
dev,10,Ses05F_impro02_F009,Ses05F,3,dev
dev,11,Ses05F_impro02_F010,Ses05F,3,dev
dev,12,Ses05F_impro02_F011,Ses05F,3,dev
dev,13,Ses05F_impro02_F012,Ses05F,3,dev
dev,14,Ses05F_impro02_F021,Ses05F,3,dev
dev,15,Ses05F_impro02_F023,Ses05F,3,dev
dev,16,Ses05F_impro02_F024,Ses05F,3,dev
dev,17,Ses05F_impro02_F027,Ses05F,3,dev
dev,18,Ses05F_impro02_F028,Ses05F,3,dev
dev,19,Ses05F_impro02_F029,Ses05F,3,dev
dev,20,Ses05F_impro02_F031,Ses05F,3,dev
dev,21,Ses05F_impro02_F032,Ses05F,3,dev
dev,22,Ses05F_impro02_F034,Ses05F,3,dev
dev,23,Ses05F_impro02_F035,Ses05F,3,dev
dev,24,Ses05F_impro02_F036,Ses05F,3,dev
dev,25,Ses05F_impro02_F037,Ses05F,3,dev
dev,26,Ses05F_impro02_F038,Ses05F,3,dev
dev,27,Ses05F_impro03_F000,Ses05F,1,dev
dev,28,Ses05F_impro03_F001,Ses05F,1,dev
dev,29,Ses05F_impro03_F002,Ses05F,1,dev
dev,30,Ses05F_impro03_F003,Ses05F,1,dev
dev,31,Ses05F_impro03_F004,Ses05F,1,dev
dev,32,Ses05F_impro03_F005,Ses05F,1,dev
dev,33,Ses05F_impro03_F007,Ses05F,1,dev
dev,34,Ses05F_impro03_F008,Ses05F,1,dev
dev,35,Ses05F_impro03_F009,Ses05F,1,dev
dev,36,Ses05F_impro03_F011,Ses05F,1,dev
dev,37,Ses05F_impro03_F020,Ses05F,1,dev
dev,38,Ses05F_impro03_F027,Ses05F,1,dev
dev,39,Ses05F_impro03_F028,Ses05F,1,dev
dev,40,Ses05F_impro03_F029,Ses05F,1,dev
dev,41,Ses05F_impro03_F030,Ses05F,1,dev
dev,42,Ses05F_impro03_F031,Ses05F,1,dev
dev,43,Ses05F_impro03_F032,Ses05F,1,dev
dev,44,Ses05F_impro03_F033,Ses05F,1,dev
dev,45,Ses05F_impro03_F034,Ses05F,1,dev
dev,46,Ses05F_impro03_F035,Ses05F,1,dev
dev,47,Ses05F_impro03_F036,Ses05F,1,dev
dev,48,Ses05F_impro03_F037,Ses05F,1,dev
dev,49,Ses05F_impro03_F039,Ses05F,1,dev
dev,50,Ses05F_impro03_F040,Ses05F,1,dev
dev,51,Ses05F_impro03_F041,Ses05F,1,dev
dev,52,Ses05F_impro03_F042,Ses05F,1,dev
dev,53,Ses05F_impro03_F043,Ses05F,1,dev
dev,54,Ses05F_impro03_F046,Ses05F,1,dev
dev,55,Ses05F_impro03_F047,Ses05F,1,dev
dev,56,Ses05F_impro03_F048,Ses05F,1,dev
dev,57,Ses05F_impro03_F049,Ses05F,1,dev
dev,58,Ses05F_impro03_F051,Ses05F,1,dev
dev,59,Ses05F_impro03_F053,Ses05F,1,dev
dev,60,Ses05F_impro03_F054,Ses05F,1,dev
dev,61,Ses05F_impro03_F055,Ses05F,1,dev
dev,62,Ses05F_impro03_F056,Ses05F,1,dev
dev,63,Ses05F_impro03_F057,Ses05F,1,dev
dev,64,Ses05F_impro03_F058,Ses05F,1,dev
dev,65,Ses05F_impro03_F059,Ses05F,1,dev
dev,66,Ses05F_impro03_F060,Ses05F,1,dev
dev,67,Ses05F_impro04_F000,Ses05F,3,dev
dev,68,Ses05F_impro04_F008,Ses05F,0,dev
dev,69,Ses05F_impro04_F015,Ses05F,3,dev
dev,70,Ses05F_impro04_F016,Ses05F,3,dev
dev,71,Ses05F_impro04_F017,Ses05F,3,dev
dev,72,Ses05F_impro04_F019,Ses05F,3,dev
dev,73,Ses05F_impro04_F022,Ses05F,3,dev
dev,74,Ses05F_impro04_F023,Ses05F,3,dev
dev,75,Ses05F_impro04_F038,Ses05F,2,dev
dev,76,Ses05F_impro04_F039,Ses05F,2,dev
dev,77,Ses05F_impro04_F040,Ses05F,2,dev
dev,78,Ses05F_impro04_F041,Ses05F,2,dev
dev,79,Ses05F_impro04_F042,Ses05F,3,dev
dev,80,Ses05F_impro04_F043,Ses05F,2,dev
dev,81,Ses05F_impro04_F044,Ses05F,2,dev
dev,82,Ses05F_impro04_F045,Ses05F,2,dev
dev,83,Ses05F_impro05_F000,Ses05F,2,dev
dev,84,Ses05F_impro05_F001,Ses05F,2,dev
dev,85,Ses05F_impro05_F002,Ses05F,2,dev
dev,86,Ses05F_impro05_F004,Ses05F,2,dev
dev,87,Ses05F_impro05_F005,Ses05F,2,dev
dev,88,Ses05F_impro05_F006,Ses05F,2,dev
dev,89,Ses05F_impro05_F007,Ses05F,2,dev
dev,90,Ses05F_impro05_F010,Ses05F,2,dev
dev,91,Ses05F_impro05_F018,Ses05F,0,dev
dev,92,Ses05F_impro05_F019,Ses05F,0,dev
dev,93,Ses05F_impro05_F020,Ses05F,0,dev
dev,94,Ses05F_impro05_F021,Ses05F,0,dev
dev,95,Ses05F_impro05_F022,Ses05F,0,dev
dev,96,Ses05F_impro05_F023,Ses05F,0,dev
dev,97,Ses05F_impro05_F024,Ses05F,0,dev
dev,98,Ses05F_impro05_F031,Ses05F,0,dev
dev,99,Ses05F_impro05_F033,Ses05F,0,dev
dev,100,Ses05F_impro05_F034,Ses05F,0,dev
dev,101,Ses05F_impro05_F041,Ses05F,0,dev
dev,102,Ses05F_impro05_F042,Ses05F,0,dev
dev,103,Ses05F_impro06_F000,Ses05F,3,dev
dev,104,Ses05F_impro06_F001,Ses05F,3,dev
dev,105,Ses05F_impro06_F002,Ses05F,3,dev
dev,106,Ses05F_impro06_F003,Ses05F,3,dev
dev,107,Ses05F_impro06_F004,Ses05F,3,dev
dev,108,Ses05F_impro06_F005,Ses05F,3,dev
dev,109,Ses05F_impro06_F006,Ses05F,3,dev
dev,110,Ses05F_impro06_F007,Ses05F,3,dev
dev,111,Ses05F_impro06_F008,Ses05F,3,dev
dev,112,Ses05F_impro06_F009,Ses05F,3,dev
dev,113,Ses05F_impro06_F010,Ses05F,3,dev
dev,114,Ses05F_impro06_F011,Ses05F,3,dev
dev,115,Ses05F_impro06_F012,Ses05F,3,dev
dev,116,Ses05F_impro06_F013,Ses05F,3,dev
dev,117,Ses05F_impro06_F014,Ses05F,3,dev
dev,118,Ses05F_impro06_F015,Ses05F,3,dev
dev,119,Ses05F_impro06_F016,Ses05F,3,dev
dev,120,Ses05F_impro06_F017,Ses05F,3,dev
dev,121,Ses05F_impro06_F018,Ses05F,3,dev
dev,122,Ses05F_impro06_F019,Ses05F,3,dev
dev,123,Ses05F_impro06_F020,Ses05F,3,dev
dev,124,Ses05F_impro06_F021,Ses05F,3,dev
dev,125,Ses05F_impro06_F022,Ses05F,3,dev
dev,126,Ses05F_impro06_F023,Ses05F,3,dev
dev,127,Ses05F_impro06_F024,Ses05F,3,dev
dev,128,Ses05F_impro06_F025,Ses05F,3,dev
dev,129,Ses05F_impro06_F026,Ses05F,3,dev
dev,130,Ses05F_impro06_F027,Ses05F,3,dev
dev,131,Ses05F_impro06_F029,Ses05F,3,dev
dev,132,Ses05F_impro07_F000,Ses05F,1,dev
dev,133,Ses05F_impro07_F001,Ses05F,1,dev
dev,134,Ses05F_impro07_F002,Ses05F,1,dev
dev,135,Ses05F_impro07_F003,Ses05F,1,dev
dev,136,Ses05F_impro07_F004,Ses05F,1,dev
dev,137,Ses05F_impro07_F005,Ses05F,1,dev
dev,138,Ses05F_impro07_F006,Ses05F,1,dev
dev,139,Ses05F_impro07_F007,Ses05F,2,dev
dev,140,Ses05F_impro07_F008,Ses05F,1,dev
dev,141,Ses05F_impro07_F011,Ses05F,1,dev
dev,142,Ses05F_impro07_F012,Ses05F,1,dev
dev,143,Ses05F_impro07_F013,Ses05F,1,dev
dev,144,Ses05F_impro07_F014,Ses05F,1,dev
dev,145,Ses05F_impro07_F015,Ses05F,1,dev
dev,146,Ses05F_impro07_F016,Ses05F,1,dev
dev,147,Ses05F_impro07_F017,Ses05F,1,dev
dev,148,Ses05F_impro07_F021,Ses05F,1,dev
dev,149,Ses05F_impro07_F023,Ses05F,1,dev
dev,150,Ses05F_impro07_F024,Ses05F,1,dev
dev,151,Ses05F_impro07_F025,Ses05F,1,dev
dev,152,Ses05F_impro07_F026,Ses05F,1,dev
dev,153,Ses05F_impro07_F027,Ses05F,1,dev
dev,154,Ses05F_impro07_F028,Ses05F,1,dev
dev,155,Ses05F_impro07_F029,Ses05F,1,dev
dev,156,Ses05F_impro07_F030,Ses05F,1,dev
dev,157,Ses05F_impro07_F031,Ses05F,1,dev
dev,158,Ses05F_impro07_F032,Ses05F,1,dev
dev,159,Ses05F_impro07_F033,Ses05F,1,dev
dev,160,Ses05F_impro07_F034,Ses05F,1,dev
dev,161,Ses05F_impro07_F035,Ses05F,1,dev
dev,162,Ses05F_impro07_F036,Ses05F,1,dev
dev,163,Ses05F_impro07_F037,Ses05F,1,dev
dev,164,Ses05F_impro07_F038,Ses05F,1,dev
dev,165,Ses05F_impro07_F039,Ses05F,1,dev
dev,166,Ses05F_impro08_F000,Ses05F,2,dev
dev,167,Ses05F_impro08_F001,Ses05F,2,dev
dev,168,Ses05F_impro08_F002,Ses05F,2,dev
dev,169,Ses05F_impro08_F003,Ses05F,2,dev
dev,170,Ses05F_impro08_F004,Ses05F,2,dev
dev,171,Ses05F_impro08_F005,Ses05F,2,dev
dev,172,Ses05F_impro08_F007,Ses05F,2,dev
dev,173,Ses05F_impro08_F008,Ses05F,2,dev
dev,174,Ses05F_impro08_F009,Ses05F,2,dev
dev,175,Ses05F_impro08_F010,Ses05F,2,dev
dev,176,Ses05F_impro08_F011,Ses05F,2,dev
dev,177,Ses05F_impro08_F012,Ses05F,2,dev
dev,178,Ses05F_impro08_F014,Ses05F,2,dev
dev,179,Ses05F_impro08_F015,Ses05F,2,dev
dev,180,Ses05F_impro08_F016,Ses05F,2,dev
dev,181,Ses05F_impro08_F017,Ses05F,2,dev
dev,182,Ses05F_impro08_F018,Ses05F,2,dev
dev,183,Ses05F_impro08_F019,Ses05F,2,dev
dev,184,Ses05F_impro08_F020,Ses05F,2,dev
dev,185,Ses05F_impro08_F021,Ses05F,2,dev
dev,186,Ses05F_impro08_F022,Ses05F,2,dev
dev,187,Ses05F_impro08_F023,Ses05F,2,dev
dev,188,Ses05F_impro08_F024,Ses05F,2,dev
dev,189,Ses05F_impro08_F025,Ses05F,2,dev
dev,190,Ses05F_impro08_F026,Ses05F,2,dev
dev,191,Ses05F_impro08_F027,Ses05F,2,dev
dev,192,Ses05F_impro08_F028,Ses05F,2,dev
dev,193,Ses05F_impro08_F029,Ses05F,2,dev
dev,194,Ses05F_impro08_F030,Ses05F,2,dev
dev,195,Ses05F_impro08_F032,Ses05F,2,dev
dev,196,Ses05F_impro08_F033,Ses05F,2,dev
dev,197,Ses05F_script01_1_F000,Ses05F,3,dev
dev,198,Ses05F_script01_1_F004,Ses05F,3,dev
dev,199,Ses05F_script01_1_F005,Ses05F,3,dev
dev,200,Ses05F_script01_1_F006,Ses05F,3,dev
dev,201,Ses05F_script01_1_F007,Ses05F,3,dev
dev,202,Ses05F_script01_1_F008,Ses05F,3,dev
dev,203,Ses05F_script01_1_F017,Ses05F,2,dev
dev,204,Ses05F_script01_1_F024,Ses05F,2,dev
dev,205,Ses05F_script01_1_F025,Ses05F,2,dev
dev,206,Ses05F_script01_1_F026,Ses05F,2,dev
dev,207,Ses05F_script01_1_F027,Ses05F,2,dev
dev,208,Ses05F_script01_1_F028,Ses05F,2,dev
dev,209,Ses05F_script01_1_F031,Ses05F,3,dev
dev,210,Ses05F_script01_1_F033,Ses05F,0,dev
dev,211,Ses05F_script01_1_F034,Ses05F,0,dev
dev,212,Ses05F_script01_1_F038,Ses05F,0,dev
dev,213,Ses05F_script01_2_F001,Ses05F,2,dev
dev,214,Ses05F_script01_2_F006,Ses05F,0,dev
dev,215,Ses05F_script01_2_F010,Ses05F,0,dev
dev,216,Ses05F_script01_2_F011,Ses05F,0,dev
dev,217,Ses05F_script01_2_F012,Ses05F,0,dev
dev,218,Ses05F_script01_2_F014,Ses05F,0,dev
dev,219,Ses05F_script01_2_F016,Ses05F,3,dev
dev,220,Ses05F_script01_2_F017,Ses05F,0,dev
dev,221,Ses05F_script01_3_F000,Ses05F,1,dev
dev,222,Ses05F_script01_3_F001,Ses05F,1,dev
dev,223,Ses05F_script01_3_F002,Ses05F,1,dev
dev,224,Ses05F_script01_3_F003,Ses05F,1,dev
dev,225,Ses05F_script01_3_F006,Ses05F,3,dev
dev,226,Ses05F_script01_3_F008,Ses05F,2,dev
dev,227,Ses05F_script01_3_F009,Ses05F,1,dev
dev,228,Ses05F_script01_3_F015,Ses05F,1,dev
dev,229,Ses05F_script01_3_F016,Ses05F,1,dev
dev,230,Ses05F_script01_3_F017,Ses05F,1,dev
dev,231,Ses05F_script01_3_F020,Ses05F,3,dev
dev,232,Ses05F_script01_3_F021,Ses05F,2,dev
dev,233,Ses05F_script01_3_F022,Ses05F,3,dev
dev,234,Ses05F_script01_3_F023,Ses05F,3,dev
dev,235,Ses05F_script01_3_F024,Ses05F,2,dev
dev,236,Ses05F_script01_3_F025,Ses05F,3,dev
dev,237,Ses05F_script01_3_F026,Ses05F,1,dev
dev,238,Ses05F_script02_1_F000,Ses05F,2,dev
dev,239,Ses05F_script02_1_F001,Ses05F,2,dev
dev,240,Ses05F_script02_1_F005,Ses05F,2,dev
dev,241,Ses05F_script02_1_F007,Ses05F,2,dev
dev,242,Ses05F_script02_1_F011,Ses05F,2,dev
dev,243,Ses05F_script02_1_F012,Ses05F,2,dev
dev,244,Ses05F_script02_1_F015,Ses05F,2,dev
dev,245,Ses05F_script02_1_F016,Ses05F,2,dev
dev,246,Ses05F_script02_2_F005,Ses05F,0,dev
dev,247,Ses05F_script02_2_F013,Ses05F,3,dev
dev,248,Ses05F_script02_2_F014,Ses05F,3,dev
dev,249,Ses05F_script02_2_F015,Ses05F,1,dev
dev,250,Ses05F_script02_2_F016,Ses05F,3,dev
dev,251,Ses05F_script02_2_F017,Ses05F,3,dev
dev,252,Ses05F_script02_2_F018,Ses05F,3,dev
dev,253,Ses05F_script02_2_F019,Ses05F,3,dev
dev,254,Ses05F_script02_2_F025,Ses05F,3,dev
dev,255,Ses05F_script02_2_F026,Ses05F,3,dev
dev,256,Ses05F_script02_2_F027,Ses05F,3,dev
dev,257,Ses05F_script02_2_F028,Ses05F,3,dev
dev,258,Ses05F_script02_2_F029,Ses05F,3,dev
dev,259,Ses05F_script02_2_F030,Ses05F,3,dev
dev,260,Ses05F_script02_2_F032,Ses05F,3,dev
dev,261,Ses05F_script02_2_F033,Ses05F,1,dev
dev,262,Ses05F_script02_2_F034,Ses05F,1,dev
dev,263,Ses05F_script02_2_F037,Ses05F,1,dev
dev,264,Ses05F_script03_1_F005,Ses05F,1,dev
dev,265,Ses05F_script03_1_F006,Ses05F,1,dev
dev,266,Ses05F_script03_1_F007,Ses05F,1,dev
dev,267,Ses05F_script03_1_F010,Ses05F,2,dev
dev,268,Ses05F_script03_1_F011,Ses05F,2,dev
dev,269,Ses05F_script03_1_F013,Ses05F,2,dev
dev,270,Ses05F_script03_1_F015,Ses05F,2,dev
dev,271,Ses05F_script03_1_F019,Ses05F,2,dev
dev,272,Ses05F_script03_1_F025,Ses05F,1,dev
dev,273,Ses05F_script03_1_F030,Ses05F,1,dev
dev,274,Ses05F_script03_1_F031,Ses05F,1,dev
dev,275,Ses05F_script03_1_F033,Ses05F,2,dev
dev,276,Ses05F_script03_2_F000,Ses05F,2,dev
dev,277,Ses05F_script03_2_F001,Ses05F,2,dev
dev,278,Ses05F_script03_2_F003,Ses05F,2,dev
dev,279,Ses05F_script03_2_F004,Ses05F,2,dev
dev,280,Ses05F_script03_2_F005,Ses05F,2,dev
dev,281,Ses05F_script03_2_F006,Ses05F,2,dev
dev,282,Ses05F_script03_2_F010,Ses05F,2,dev
dev,283,Ses05F_script03_2_F011,Ses05F,2,dev
dev,284,Ses05F_script03_2_F012,Ses05F,2,dev
dev,285,Ses05F_script03_2_F014,Ses05F,2,dev
dev,286,Ses05F_script03_2_F018,Ses05F,0,dev
dev,287,Ses05F_script03_2_F019,Ses05F,0,dev
dev,288,Ses05F_script03_2_F020,Ses05F,0,dev
dev,289,Ses05F_script03_2_F021,Ses05F,0,dev
dev,290,Ses05F_script03_2_F022,Ses05F,2,dev
dev,291,Ses05F_script03_2_F023,Ses05F,0,dev
dev,292,Ses05F_script03_2_F024,Ses05F,0,dev
dev,293,Ses05F_script03_2_F027,Ses05F,0,dev
dev,294,Ses05F_script03_2_F029,Ses05F,0,dev
dev,295,Ses05F_script03_2_F030,Ses05F,0,dev
dev,296,Ses05F_script03_2_F031,Ses05F,0,dev
dev,297,Ses05F_script03_2_F032,Ses05F,0,dev
dev,298,Ses05F_script03_2_F033,Ses05F,0,dev
dev,299,Ses05F_script03_2_F034,Ses05F,0,dev
dev,300,Ses05F_script03_2_F035,Ses05F,0,dev
dev,301,Ses05F_script03_2_F036,Ses05F,0,dev
dev,302,Ses05F_script03_2_F037,Ses05F,0,dev
dev,303,Ses05F_script03_2_F038,Ses05F,0,dev
dev,304,Ses05F_script03_2_F039,Ses05F,0,dev
dev,305,Ses05F_script03_2_F040,Ses05F,0,dev
dev,306,Ses05F_script03_2_F041,Ses05F,0,dev
dev,307,Ses05M_impro01_F000,Ses05F,2,dev
dev,308,Ses05M_impro01_F001,Ses05F,2,dev
dev,309,Ses05M_impro01_F002,Ses05F,2,dev
dev,310,Ses05M_impro01_F003,Ses05F,2,dev
dev,311,Ses05M_impro01_F004,Ses05F,2,dev
dev,312,Ses05M_impro01_F006,Ses05F,2,dev
dev,313,Ses05M_impro01_F009,Ses05F,2,dev
dev,314,Ses05M_impro01_F012,Ses05F,2,dev
dev,315,Ses05M_impro01_F021,Ses05F,0,dev
dev,316,Ses05M_impro01_F023,Ses05F,0,dev
dev,317,Ses05M_impro02_F012,Ses05F,2,dev
dev,318,Ses05M_impro02_F013,Ses05F,3,dev
dev,319,Ses05M_impro02_F020,Ses05F,3,dev
dev,320,Ses05M_impro02_F021,Ses05F,3,dev
dev,321,Ses05M_impro02_F023,Ses05F,3,dev
dev,322,Ses05M_impro02_F024,Ses05F,3,dev
dev,323,Ses05M_impro03_F000,Ses05F,2,dev
dev,324,Ses05M_impro03_F002,Ses05F,1,dev
dev,325,Ses05M_impro03_F003,Ses05F,1,dev
dev,326,Ses05M_impro03_F004,Ses05F,1,dev
dev,327,Ses05M_impro03_F005,Ses05F,1,dev
dev,328,Ses05M_impro03_F006,Ses05F,2,dev
dev,329,Ses05M_impro03_F007,Ses05F,1,dev
dev,330,Ses05M_impro03_F008,Ses05F,1,dev
dev,331,Ses05M_impro03_F009,Ses05F,1,dev
dev,332,Ses05M_impro03_F010,Ses05F,1,dev
dev,333,Ses05M_impro03_F011,Ses05F,1,dev
dev,334,Ses05M_impro03_F012,Ses05F,1,dev
dev,335,Ses05M_impro03_F013,Ses05F,1,dev
dev,336,Ses05M_impro03_F014,Ses05F,1,dev
dev,337,Ses05M_impro03_F015,Ses05F,1,dev
dev,338,Ses05M_impro03_F016,Ses05F,1,dev
dev,339,Ses05M_impro03_F017,Ses05F,1,dev
dev,340,Ses05M_impro03_F018,Ses05F,1,dev
dev,341,Ses05M_impro03_F019,Ses05F,1,dev
dev,342,Ses05M_impro03_F020,Ses05F,1,dev
dev,343,Ses05M_impro03_F021,Ses05F,1,dev
dev,344,Ses05M_impro03_F022,Ses05F,1,dev
dev,345,Ses05M_impro03_F023,Ses05F,1,dev
dev,346,Ses05M_impro03_F026,Ses05F,2,dev
dev,347,Ses05M_impro03_F027,Ses05F,2,dev
dev,348,Ses05M_impro03_F030,Ses05F,2,dev
dev,349,Ses05M_impro03_F031,Ses05F,1,dev
dev,350,Ses05M_impro04_F001,Ses05F,2,dev
dev,351,Ses05M_impro04_F002,Ses05F,2,dev
dev,352,Ses05M_impro04_F003,Ses05F,2,dev
dev,353,Ses05M_impro04_F004,Ses05F,2,dev
dev,354,Ses05M_impro04_F005,Ses05F,2,dev
dev,355,Ses05M_impro04_F006,Ses05F,2,dev
dev,356,Ses05M_impro04_F007,Ses05F,2,dev
dev,357,Ses05M_impro04_F008,Ses05F,2,dev
dev,358,Ses05M_impro04_F009,Ses05F,2,dev
dev,359,Ses05M_impro04_F010,Ses05F,2,dev
dev,360,Ses05M_impro04_F011,Ses05F,2,dev
dev,361,Ses05M_impro04_F012,Ses05F,2,dev
dev,362,Ses05M_impro04_F013,Ses05F,2,dev
dev,363,Ses05M_impro04_F014,Ses05F,2,dev
dev,364,Ses05M_impro04_F015,Ses05F,2,dev
dev,365,Ses05M_impro04_F016,Ses05F,2,dev
dev,366,Ses05M_impro04_F017,Ses05F,2,dev
dev,367,Ses05M_impro04_F018,Ses05F,2,dev
dev,368,Ses05M_impro04_F019,Ses05F,2,dev
dev,369,Ses05M_impro04_F020,Ses05F,2,dev
dev,370,Ses05M_impro04_F021,Ses05F,2,dev
dev,371,Ses05M_impro04_F022,Ses05F,2,dev
dev,372,Ses05M_impro04_F023,Ses05F,2,dev
dev,373,Ses05M_impro04_F024,Ses05F,2,dev
dev,374,Ses05M_impro04_F026,Ses05F,2,dev
dev,375,Ses05M_impro04_F027,Ses05F,2,dev
dev,376,Ses05M_impro04_F028,Ses05F,2,dev
dev,377,Ses05M_impro04_F029,Ses05F,2,dev
dev,378,Ses05M_impro04_F030,Ses05F,2,dev
dev,379,Ses05M_impro04_F031,Ses05F,2,dev
dev,380,Ses05M_impro04_F032,Ses05F,2,dev
dev,381,Ses05M_impro04_F034,Ses05F,2,dev
dev,382,Ses05M_impro04_F035,Ses05F,2,dev
dev,383,Ses05M_impro04_F036,Ses05F,2,dev
dev,384,Ses05M_impro04_F037,Ses05F,2,dev
dev,385,Ses05M_impro05_F000,Ses05F,2,dev
dev,386,Ses05M_impro05_F001,Ses05F,2,dev
dev,387,Ses05M_impro05_F002,Ses05F,2,dev
dev,388,Ses05M_impro05_F003,Ses05F,2,dev
dev,389,Ses05M_impro05_F004,Ses05F,2,dev
dev,390,Ses05M_impro05_F005,Ses05F,2,dev
dev,391,Ses05M_impro05_F006,Ses05F,2,dev
dev,392,Ses05M_impro05_F007,Ses05F,2,dev
dev,393,Ses05M_impro05_F008,Ses05F,2,dev
dev,394,Ses05M_impro05_F009,Ses05F,2,dev
dev,395,Ses05M_impro05_F010,Ses05F,2,dev
dev,396,Ses05M_impro05_F011,Ses05F,2,dev
dev,397,Ses05M_impro05_F012,Ses05F,2,dev
dev,398,Ses05M_impro05_F013,Ses05F,2,dev
dev,399,Ses05M_impro05_F014,Ses05F,2,dev
dev,400,Ses05M_impro05_F015,Ses05F,2,dev
dev,401,Ses05M_impro05_F016,Ses05F,2,dev
dev,402,Ses05M_impro05_F017,Ses05F,2,dev
dev,403,Ses05M_impro05_F018,Ses05F,2,dev
dev,404,Ses05M_impro05_F019,Ses05F,2,dev
dev,405,Ses05M_impro05_F020,Ses05F,2,dev
dev,406,Ses05M_impro05_F021,Ses05F,2,dev
dev,407,Ses05M_impro06_F002,Ses05F,3,dev
dev,408,Ses05M_impro06_F003,Ses05F,3,dev
dev,409,Ses05M_impro06_F004,Ses05F,3,dev
dev,410,Ses05M_impro06_F005,Ses05F,3,dev
dev,411,Ses05M_impro06_F006,Ses05F,3,dev
dev,412,Ses05M_impro06_F007,Ses05F,3,dev
dev,413,Ses05M_impro06_F008,Ses05F,3,dev
dev,414,Ses05M_impro06_F009,Ses05F,3,dev
dev,415,Ses05M_impro06_F010,Ses05F,3,dev
dev,416,Ses05M_impro07_F000,Ses05F,1,dev
dev,417,Ses05M_impro07_F001,Ses05F,1,dev
dev,418,Ses05M_impro07_F003,Ses05F,1,dev
dev,419,Ses05M_impro07_F004,Ses05F,1,dev
dev,420,Ses05M_impro07_F005,Ses05F,1,dev
dev,421,Ses05M_impro07_F007,Ses05F,1,dev
dev,422,Ses05M_impro07_F008,Ses05F,1,dev
dev,423,Ses05M_impro07_F009,Ses05F,1,dev
dev,424,Ses05M_impro07_F010,Ses05F,2,dev
dev,425,Ses05M_impro07_F011,Ses05F,1,dev
dev,426,Ses05M_impro07_F012,Ses05F,1,dev
dev,427,Ses05M_impro07_F013,Ses05F,1,dev
dev,428,Ses05M_impro07_F015,Ses05F,1,dev
dev,429,Ses05M_impro07_F016,Ses05F,2,dev
dev,430,Ses05M_impro07_F017,Ses05F,2,dev
dev,431,Ses05M_impro07_F018,Ses05F,2,dev
dev,432,Ses05M_impro07_F019,Ses05F,2,dev
dev,433,Ses05M_impro07_F020,Ses05F,2,dev
dev,434,Ses05M_impro07_F021,Ses05F,1,dev
dev,435,Ses05M_impro07_F022,Ses05F,1,dev
dev,436,Ses05M_impro07_F023,Ses05F,1,dev
dev,437,Ses05M_impro07_F024,Ses05F,2,dev
dev,438,Ses05M_impro07_F025,Ses05F,2,dev
dev,439,Ses05M_impro07_F026,Ses05F,2,dev
dev,440,Ses05M_impro07_F027,Ses05F,2,dev
dev,441,Ses05M_impro07_F028,Ses05F,2,dev
dev,442,Ses05M_impro07_F029,Ses05F,2,dev
dev,443,Ses05M_impro07_F030,Ses05F,2,dev
dev,444,Ses05M_impro07_F031,Ses05F,1,dev
dev,445,Ses05M_impro07_F032,Ses05F,2,dev
dev,446,Ses05M_impro07_F033,Ses05F,2,dev
dev,447,Ses05M_impro07_F035,Ses05F,1,dev
dev,448,Ses05M_impro07_F036,Ses05F,1,dev
dev,449,Ses05M_impro07_F037,Ses05F,1,dev
dev,450,Ses05M_impro07_F038,Ses05F,2,dev
dev,451,Ses05M_impro07_F039,Ses05F,1,dev
dev,452,Ses05M_impro07_F040,Ses05F,2,dev
dev,453,Ses05M_impro07_F041,Ses05F,1,dev
dev,454,Ses05M_impro07_F042,Ses05F,1,dev
dev,455,Ses05M_impro07_F044,Ses05F,1,dev
dev,456,Ses05M_impro07_F045,Ses05F,1,dev
dev,457,Ses05M_impro08_F005,Ses05F,2,dev
dev,458,Ses05M_impro08_F006,Ses05F,2,dev
dev,459,Ses05M_impro08_F007,Ses05F,2,dev
dev,460,Ses05M_impro08_F008,Ses05F,2,dev
dev,461,Ses05M_impro08_F009,Ses05F,2,dev
dev,462,Ses05M_impro08_F011,Ses05F,2,dev
dev,463,Ses05M_impro08_F012,Ses05F,2,dev
dev,464,Ses05M_impro08_F013,Ses05F,2,dev
dev,465,Ses05M_impro08_F014,Ses05F,2,dev
dev,466,Ses05M_impro08_F015,Ses05F,2,dev
dev,467,Ses05M_impro08_F016,Ses05F,2,dev
dev,468,Ses05M_impro08_F017,Ses05F,2,dev
dev,469,Ses05M_impro08_F018,Ses05F,2,dev
dev,470,Ses05M_impro08_F019,Ses05F,2,dev
dev,471,Ses05M_impro08_F022,Ses05F,1,dev
dev,472,Ses05M_impro08_F025,Ses05F,1,dev
dev,473,Ses05M_impro08_F026,Ses05F,1,dev
dev,474,Ses05M_impro08_F027,Ses05F,1,dev
dev,475,Ses05M_impro08_F028,Ses05F,1,dev
dev,476,Ses05M_script01_1_F000,Ses05F,3,dev
dev,477,Ses05M_script01_1_F001,Ses05F,3,dev
dev,478,Ses05M_script01_1_F004,Ses05F,3,dev
dev,479,Ses05M_script01_1_F005,Ses05F,3,dev
dev,480,Ses05M_script01_1_F014,Ses05F,0,dev
dev,481,Ses05M_script01_1_F018,Ses05F,0,dev
dev,482,Ses05M_script01_1_F021,Ses05F,0,dev
dev,483,Ses05M_script01_1_F022,Ses05F,0,dev
dev,484,Ses05M_script01_1_F023,Ses05F,2,dev
dev,485,Ses05M_script01_1_F024,Ses05F,2,dev
dev,486,Ses05M_script01_1_F025,Ses05F,2,dev
dev,487,Ses05M_script01_1_F026,Ses05F,2,dev
dev,488,Ses05M_script01_1_F032,Ses05F,0,dev
dev,489,Ses05M_script01_1_F035,Ses05F,0,dev
dev,490,Ses05M_script01_1_F036,Ses05F,0,dev
dev,491,Ses05M_script01_1b_F000,Ses05F,3,dev
dev,492,Ses05M_script01_1b_F022,Ses05F,2,dev
dev,493,Ses05M_script01_1b_F023,Ses05F,2,dev
dev,494,Ses05M_script01_1b_F024,Ses05F,2,dev
dev,495,Ses05M_script01_1b_F026,Ses05F,2,dev
dev,496,Ses05M_script01_1b_F028,Ses05F,3,dev
dev,497,Ses05M_script01_1b_F031,Ses05F,0,dev
dev,498,Ses05M_script01_1b_F033,Ses05F,0,dev
dev,499,Ses05M_script01_1b_F034,Ses05F,0,dev
dev,500,Ses05M_script01_2_F002,Ses05F,2,dev
dev,501,Ses05M_script01_2_F004,Ses05F,2,dev
dev,502,Ses05M_script01_2_F005,Ses05F,0,dev
dev,503,Ses05M_script01_2_F015,Ses05F,0,dev
dev,504,Ses05M_script01_2_F017,Ses05F,0,dev
dev,505,Ses05M_script01_3_F000,Ses05F,2,dev
dev,506,Ses05M_script01_3_F001,Ses05F,1,dev
dev,507,Ses05M_script01_3_F003,Ses05F,2,dev
dev,508,Ses05M_script01_3_F006,Ses05F,2,dev
dev,509,Ses05M_script01_3_F007,Ses05F,2,dev
dev,510,Ses05M_script01_3_F009,Ses05F,1,dev
dev,511,Ses05M_script01_3_F010,Ses05F,3,dev
dev,512,Ses05M_script01_3_F012,Ses05F,1,dev
dev,513,Ses05M_script01_3_F013,Ses05F,1,dev
dev,514,Ses05M_script01_3_F015,Ses05F,1,dev
dev,515,Ses05M_script01_3_F016,Ses05F,3,dev
dev,516,Ses05M_script01_3_F019,Ses05F,3,dev
dev,517,Ses05M_script01_3_F020,Ses05F,3,dev
dev,518,Ses05M_script01_3_F021,Ses05F,3,dev
dev,519,Ses05M_script01_3_F022,Ses05F,2,dev
dev,520,Ses05M_script01_3_F023,Ses05F,3,dev
dev,521,Ses05M_script01_3_F024,Ses05F,3,dev
dev,522,Ses05M_script01_3_F025,Ses05F,3,dev
dev,523,Ses05M_script01_3_F027,Ses05F,1,dev
dev,524,Ses05M_script02_1_F000,Ses05F,3,dev
dev,525,Ses05M_script02_1_F001,Ses05F,2,dev
dev,526,Ses05M_script02_1_F016,Ses05F,3,dev
dev,527,Ses05M_script02_2_F000,Ses05F,2,dev
dev,528,Ses05M_script02_2_F001,Ses05F,2,dev
dev,529,Ses05M_script02_2_F005,Ses05F,0,dev
dev,530,Ses05M_script02_2_F009,Ses05F,0,dev
dev,531,Ses05M_script02_2_F010,Ses05F,0,dev
dev,532,Ses05M_script02_2_F012,Ses05F,3,dev
dev,533,Ses05M_script02_2_F013,Ses05F,3,dev
dev,534,Ses05M_script02_2_F014,Ses05F,3,dev
dev,535,Ses05M_script02_2_F015,Ses05F,3,dev
dev,536,Ses05M_script02_2_F016,Ses05F,3,dev
dev,537,Ses05M_script02_2_F017,Ses05F,3,dev
dev,538,Ses05M_script02_2_F018,Ses05F,3,dev
dev,539,Ses05M_script02_2_F019,Ses05F,3,dev
dev,540,Ses05M_script02_2_F022,Ses05F,3,dev
dev,541,Ses05M_script02_2_F023,Ses05F,3,dev
dev,542,Ses05M_script02_2_F026,Ses05F,3,dev
dev,543,Ses05M_script02_2_F027,Ses05F,3,dev
dev,544,Ses05M_script02_2_F028,Ses05F,3,dev
dev,545,Ses05M_script02_2_F029,Ses05F,3,dev
dev,546,Ses05M_script02_2_F030,Ses05F,3,dev
dev,547,Ses05M_script02_2_F031,Ses05F,3,dev
dev,548,Ses05M_script02_2_F032,Ses05F,3,dev
dev,549,Ses05M_script02_2_F034,Ses05F,1,dev
dev,550,Ses05M_script02_2_F037,Ses05F,1,dev
dev,551,Ses05M_script02_2_F038,Ses05F,1,dev
dev,552,Ses05M_script03_1_F001,Ses05F,1,dev
dev,553,Ses05M_script03_1_F002,Ses05F,1,dev
dev,554,Ses05M_script03_1_F003,Ses05F,1,dev
dev,555,Ses05M_script03_1_F004,Ses05F,1,dev
dev,556,Ses05M_script03_1_F005,Ses05F,1,dev
dev,557,Ses05M_script03_1_F011,Ses05F,2,dev
dev,558,Ses05M_script03_1_F012,Ses05F,2,dev
dev,559,Ses05M_script03_1_F013,Ses05F,2,dev
dev,560,Ses05M_script03_1_F015,Ses05F,2,dev
dev,561,Ses05M_script03_1_F017,Ses05F,2,dev
dev,562,Ses05M_script03_1_F020,Ses05F,2,dev
dev,563,Ses05M_script03_1_F024,Ses05F,1,dev
dev,564,Ses05M_script03_1_F026,Ses05F,1,dev
dev,565,Ses05M_script03_1_F031,Ses05F,2,dev
dev,566,Ses05M_script03_2_F001,Ses05F,2,dev
dev,567,Ses05M_script03_2_F002,Ses05F,2,dev
dev,568,Ses05M_script03_2_F004,Ses05F,2,dev
dev,569,Ses05M_script03_2_F005,Ses05F,2,dev
dev,570,Ses05M_script03_2_F006,Ses05F,2,dev
dev,571,Ses05M_script03_2_F009,Ses05F,2,dev
dev,572,Ses05M_script03_2_F012,Ses05F,2,dev
dev,573,Ses05M_script03_2_F015,Ses05F,2,dev
dev,574,Ses05M_script03_2_F017,Ses05F,0,dev
dev,575,Ses05M_script03_2_F018,Ses05F,0,dev
dev,576,Ses05M_script03_2_F023,Ses05F,2,dev
dev,577,Ses05M_script03_2_F026,Ses05F,2,dev
dev,578,Ses05M_script03_2_F028,Ses05F,0,dev
dev,579,Ses05M_script03_2_F034,Ses05F,0,dev
dev,580,Ses05M_script03_2_F035,Ses05F,0,dev
dev,581,Ses05M_script03_2_F036,Ses05F,0,dev
dev,582,Ses05M_script03_2_F037,Ses05F,0,dev
dev,583,Ses05M_script03_2_F038,Ses05F,0,dev
dev,584,Ses05M_script03_2_F039,Ses05F,0,dev
dev,585,Ses05M_script03_2_F040,Ses05F,0,dev
dev,586,Ses05M_script03_2_F041,Ses05F,0,dev
dev,587,Ses05M_script03_2_F042,Ses05F,0,dev
dev,588,Ses05M_script03_2_F043,Ses05F,0,dev
dev,589,Ses05M_script03_2_F044,Ses05F,0,dev
test,0,Ses05F_impro01_M000,Ses05M,2,test
test,1,Ses05F_impro01_M003,Ses05M,2,test
test,2,Ses05F_impro02_M000,Ses05M,2,test
test,3,Ses05F_impro02_M004,Ses05M,0,test
test,4,Ses05F_impro02_M005,Ses05M,0,test
test,5,Ses05F_impro02_M010,Ses05M,0,test
test,6,Ses05F_impro02_M014,Ses05M,0,test
test,7,Ses05F_impro02_M015,Ses05M,0,test
test,8,Ses05F_impro02_M024,Ses05M,3,test
test,9,Ses05F_impro02_M025,Ses05M,3,test
test,10,Ses05F_impro02_M026,Ses05M,3,test
test,11,Ses05F_impro02_M029,Ses05M,3,test
test,12,Ses05F_impro02_M031,Ses05M,3,test
test,13,Ses05F_impro02_M032,Ses05M,3,test
test,14,Ses05F_impro02_M033,Ses05M,3,test
test,15,Ses05F_impro02_M034,Ses05M,3,test
test,16,Ses05F_impro02_M035,Ses05M,3,test
test,17,Ses05F_impro02_M036,Ses05M,3,test
test,18,Ses05F_impro02_M041,Ses05M,3,test
test,19,Ses05F_impro03_M000,Ses05M,1,test
test,20,Ses05F_impro03_M001,Ses05M,1,test
test,21,Ses05F_impro03_M003,Ses05M,1,test
test,22,Ses05F_impro03_M005,Ses05M,1,test
test,23,Ses05F_impro03_M006,Ses05M,1,test
test,24,Ses05F_impro03_M007,Ses05M,1,test
test,25,Ses05F_impro03_M008,Ses05M,1,test
test,26,Ses05F_impro03_M009,Ses05M,1,test
test,27,Ses05F_impro03_M010,Ses05M,1,test
test,28,Ses05F_impro03_M011,Ses05M,1,test
test,29,Ses05F_impro03_M012,Ses05M,1,test
test,30,Ses05F_impro03_M013,Ses05M,1,test
test,31,Ses05F_impro03_M020,Ses05M,1,test
test,32,Ses05F_impro03_M027,Ses05M,1,test
test,33,Ses05F_impro03_M030,Ses05M,1,test
test,34,Ses05F_impro03_M031,Ses05M,1,test
test,35,Ses05F_impro03_M032,Ses05M,1,test
test,36,Ses05F_impro03_M033,Ses05M,1,test
test,37,Ses05F_impro03_M035,Ses05M,1,test
test,38,Ses05F_impro03_M036,Ses05M,1,test
test,39,Ses05F_impro03_M037,Ses05M,1,test
test,40,Ses05F_impro03_M038,Ses05M,1,test
test,41,Ses05F_impro03_M039,Ses05M,1,test
test,42,Ses05F_impro03_M040,Ses05M,1,test
test,43,Ses05F_impro03_M041,Ses05M,1,test
test,44,Ses05F_impro03_M043,Ses05M,1,test
test,45,Ses05F_impro03_M044,Ses05M,1,test
test,46,Ses05F_impro03_M045,Ses05M,1,test
test,47,Ses05F_impro03_M046,Ses05M,1,test
test,48,Ses05F_impro03_M049,Ses05M,1,test
test,49,Ses05F_impro03_M050,Ses05M,1,test
test,50,Ses05F_impro03_M051,Ses05M,1,test
test,51,Ses05F_impro03_M057,Ses05M,1,test
test,52,Ses05F_impro03_M058,Ses05M,1,test
test,53,Ses05F_impro03_M060,Ses05M,1,test
test,54,Ses05F_impro03_M061,Ses05M,1,test
test,55,Ses05F_impro03_M062,Ses05M,1,test
test,56,Ses05F_impro03_M063,Ses05M,1,test
test,57,Ses05F_impro03_M064,Ses05M,1,test
test,58,Ses05F_impro03_M065,Ses05M,1,test
test,59,Ses05F_impro03_M066,Ses05M,1,test
test,60,Ses05F_impro03_M067,Ses05M,1,test
test,61,Ses05F_impro03_M068,Ses05M,1,test
test,62,Ses05F_impro04_M000,Ses05M,2,test
test,63,Ses05F_impro04_M001,Ses05M,2,test
test,64,Ses05F_impro04_M003,Ses05M,2,test
test,65,Ses05F_impro04_M004,Ses05M,2,test
test,66,Ses05F_impro04_M005,Ses05M,2,test
test,67,Ses05F_impro04_M007,Ses05M,2,test
test,68,Ses05F_impro04_M008,Ses05M,2,test
test,69,Ses05F_impro04_M009,Ses05M,2,test
test,70,Ses05F_impro04_M010,Ses05M,2,test
test,71,Ses05F_impro04_M011,Ses05M,2,test
test,72,Ses05F_impro04_M012,Ses05M,2,test
test,73,Ses05F_impro04_M013,Ses05M,2,test
test,74,Ses05F_impro04_M015,Ses05M,2,test
test,75,Ses05F_impro04_M016,Ses05M,2,test
test,76,Ses05F_impro04_M017,Ses05M,2,test
test,77,Ses05F_impro04_M020,Ses05M,2,test
test,78,Ses05F_impro04_M022,Ses05M,2,test
test,79,Ses05F_impro04_M024,Ses05M,2,test
test,80,Ses05F_impro04_M025,Ses05M,2,test
test,81,Ses05F_impro04_M026,Ses05M,2,test
test,82,Ses05F_impro04_M027,Ses05M,2,test
test,83,Ses05F_impro04_M028,Ses05M,2,test
test,84,Ses05F_impro04_M029,Ses05M,2,test
test,85,Ses05F_impro04_M030,Ses05M,2,test
test,86,Ses05F_impro04_M031,Ses05M,2,test
test,87,Ses05F_impro04_M032,Ses05M,2,test
test,88,Ses05F_impro04_M033,Ses05M,2,test
test,89,Ses05F_impro04_M034,Ses05M,2,test
test,90,Ses05F_impro04_M035,Ses05M,2,test
test,91,Ses05F_impro04_M036,Ses05M,2,test
test,92,Ses05F_impro04_M037,Ses05M,2,test
test,93,Ses05F_impro04_M038,Ses05M,2,test
test,94,Ses05F_impro04_M039,Ses05M,2,test
test,95,Ses05F_impro04_M040,Ses05M,2,test
test,96,Ses05F_impro04_M041,Ses05M,2,test
test,97,Ses05F_impro04_M042,Ses05M,2,test
test,98,Ses05F_impro04_M043,Ses05M,2,test
test,99,Ses05F_impro05_M000,Ses05M,2,test
test,100,Ses05F_impro05_M001,Ses05M,2,test
test,101,Ses05F_impro05_M002,Ses05M,2,test
test,102,Ses05F_impro05_M003,Ses05M,2,test
test,103,Ses05F_impro05_M004,Ses05M,2,test
test,104,Ses05F_impro05_M005,Ses05M,2,test
test,105,Ses05F_impro05_M006,Ses05M,2,test
test,106,Ses05F_impro05_M007,Ses05M,2,test
test,107,Ses05F_impro05_M008,Ses05M,2,test
test,108,Ses05F_impro05_M009,Ses05M,2,test
test,109,Ses05F_impro05_M010,Ses05M,2,test
test,110,Ses05F_impro05_M012,Ses05M,2,test
test,111,Ses05F_impro05_M014,Ses05M,2,test
test,112,Ses05F_impro05_M015,Ses05M,2,test
test,113,Ses05F_impro05_M016,Ses05M,2,test
test,114,Ses05F_impro05_M017,Ses05M,2,test
test,115,Ses05F_impro05_M018,Ses05M,2,test
test,116,Ses05F_impro05_M019,Ses05M,2,test
test,117,Ses05F_impro05_M022,Ses05M,2,test
test,118,Ses05F_impro05_M023,Ses05M,2,test
test,119,Ses05F_impro05_M025,Ses05M,2,test
test,120,Ses05F_impro05_M030,Ses05M,2,test
test,121,Ses05F_impro05_M031,Ses05M,2,test
test,122,Ses05F_impro05_M032,Ses05M,2,test
test,123,Ses05F_impro05_M033,Ses05M,2,test
test,124,Ses05F_impro05_M034,Ses05M,2,test
test,125,Ses05F_impro05_M036,Ses05M,2,test
test,126,Ses05F_impro05_M037,Ses05M,2,test
test,127,Ses05F_impro05_M039,Ses05M,2,test
test,128,Ses05F_impro05_M040,Ses05M,2,test
test,129,Ses05F_impro05_M041,Ses05M,2,test
test,130,Ses05F_impro05_M048,Ses05M,2,test
test,131,Ses05F_impro05_M050,Ses05M,2,test
test,132,Ses05F_impro05_M051,Ses05M,2,test
test,133,Ses05F_impro05_M052,Ses05M,2,test
test,134,Ses05F_impro05_M053,Ses05M,2,test
test,135,Ses05F_impro06_M001,Ses05M,3,test
test,136,Ses05F_impro06_M002,Ses05M,3,test
test,137,Ses05F_impro06_M003,Ses05M,3,test
test,138,Ses05F_impro06_M004,Ses05M,3,test
test,139,Ses05F_impro06_M005,Ses05M,3,test
test,140,Ses05F_impro06_M006,Ses05M,3,test
test,141,Ses05F_impro06_M007,Ses05M,3,test
test,142,Ses05F_impro06_M008,Ses05M,3,test
test,143,Ses05F_impro06_M009,Ses05M,3,test
test,144,Ses05F_impro06_M010,Ses05M,2,test
test,145,Ses05F_impro06_M011,Ses05M,3,test
test,146,Ses05F_impro06_M012,Ses05M,2,test
test,147,Ses05F_impro06_M013,Ses05M,2,test
test,148,Ses05F_impro06_M014,Ses05M,3,test
test,149,Ses05F_impro06_M017,Ses05M,2,test
test,150,Ses05F_impro06_M018,Ses05M,2,test
test,151,Ses05F_impro06_M019,Ses05M,2,test
test,152,Ses05F_impro06_M020,Ses05M,3,test
test,153,Ses05F_impro06_M021,Ses05M,2,test
test,154,Ses05F_impro06_M022,Ses05M,2,test
test,155,Ses05F_impro06_M023,Ses05M,2,test
test,156,Ses05F_impro06_M024,Ses05M,2,test
test,157,Ses05F_impro06_M025,Ses05M,2,test
test,158,Ses05F_impro07_M000,Ses05M,1,test
test,159,Ses05F_impro07_M001,Ses05M,1,test
test,160,Ses05F_impro07_M002,Ses05M,1,test
test,161,Ses05F_impro07_M003,Ses05M,1,test
test,162,Ses05F_impro07_M004,Ses05M,1,test
test,163,Ses05F_impro07_M005,Ses05M,1,test
test,164,Ses05F_impro07_M006,Ses05M,1,test
test,165,Ses05F_impro07_M007,Ses05M,1,test
test,166,Ses05F_impro07_M008,Ses05M,1,test
test,167,Ses05F_impro07_M009,Ses05M,1,test
test,168,Ses05F_impro07_M011,Ses05M,1,test
test,169,Ses05F_impro07_M012,Ses05M,1,test
test,170,Ses05F_impro07_M013,Ses05M,1,test
test,171,Ses05F_impro07_M014,Ses05M,1,test
test,172,Ses05F_impro07_M015,Ses05M,1,test
test,173,Ses05F_impro07_M016,Ses05M,1,test
test,174,Ses05F_impro07_M017,Ses05M,1,test
test,175,Ses05F_impro07_M018,Ses05M,1,test
test,176,Ses05F_impro07_M019,Ses05M,1,test
test,177,Ses05F_impro07_M020,Ses05M,1,test
test,178,Ses05F_impro07_M021,Ses05M,1,test
test,179,Ses05F_impro07_M024,Ses05M,1,test
test,180,Ses05F_impro07_M025,Ses05M,1,test
test,181,Ses05F_impro07_M026,Ses05M,1,test
test,182,Ses05F_impro07_M027,Ses05M,1,test
test,183,Ses05F_impro07_M029,Ses05M,1,test
test,184,Ses05F_impro07_M030,Ses05M,1,test
test,185,Ses05F_impro07_M031,Ses05M,1,test
test,186,Ses05F_impro07_M032,Ses05M,1,test
test,187,Ses05F_impro07_M033,Ses05M,1,test
test,188,Ses05F_impro07_M034,Ses05M,1,test
test,189,Ses05F_impro07_M035,Ses05M,1,test
test,190,Ses05F_impro07_M036,Ses05M,1,test
test,191,Ses05F_impro08_M004,Ses05M,0,test
test,192,Ses05F_impro08_M005,Ses05M,0,test
test,193,Ses05F_impro08_M007,Ses05M,0,test
test,194,Ses05F_impro08_M013,Ses05M,2,test
test,195,Ses05F_impro08_M016,Ses05M,2,test
test,196,Ses05F_impro08_M018,Ses05M,2,test
test,197,Ses05F_impro08_M019,Ses05M,2,test
test,198,Ses05F_impro08_M020,Ses05M,2,test
test,199,Ses05F_impro08_M022,Ses05M,2,test
test,200,Ses05F_impro08_M025,Ses05M,1,test
test,201,Ses05F_impro08_M026,Ses05M,1,test
test,202,Ses05F_impro08_M027,Ses05M,2,test
test,203,Ses05F_impro08_M028,Ses05M,1,test
test,204,Ses05F_impro08_M030,Ses05M,1,test
test,205,Ses05F_impro08_M031,Ses05M,1,test
test,206,Ses05F_script01_1_M000,Ses05M,3,test
test,207,Ses05F_script01_1_M001,Ses05M,3,test
test,208,Ses05F_script01_1_M002,Ses05M,3,test
test,209,Ses05F_script01_1_M003,Ses05M,3,test
test,210,Ses05F_script01_1_M004,Ses05M,3,test
test,211,Ses05F_script01_1_M005,Ses05M,3,test
test,212,Ses05F_script01_1_M006,Ses05M,3,test
test,213,Ses05F_script01_1_M007,Ses05M,3,test
test,214,Ses05F_script01_1_M008,Ses05M,3,test
test,215,Ses05F_script01_1_M009,Ses05M,3,test
test,216,Ses05F_script01_1_M013,Ses05M,0,test
test,217,Ses05F_script01_1_M016,Ses05M,3,test
test,218,Ses05F_script01_1_M018,Ses05M,2,test
test,219,Ses05F_script01_1_M025,Ses05M,0,test
test,220,Ses05F_script01_1_M035,Ses05M,0,test
test,221,Ses05F_script01_2_M000,Ses05M,2,test
test,222,Ses05F_script01_2_M001,Ses05M,2,test
test,223,Ses05F_script01_2_M002,Ses05M,2,test
test,224,Ses05F_script01_2_M016,Ses05M,0,test
test,225,Ses05F_script01_2_M017,Ses05M,0,test
test,226,Ses05F_script01_3_M000,Ses05M,1,test
test,227,Ses05F_script01_3_M004,Ses05M,2,test
test,228,Ses05F_script01_3_M005,Ses05M,1,test
test,229,Ses05F_script01_3_M006,Ses05M,2,test
test,230,Ses05F_script01_3_M008,Ses05M,1,test
test,231,Ses05F_script01_3_M009,Ses05M,1,test
test,232,Ses05F_script01_3_M010,Ses05M,1,test
test,233,Ses05F_script01_3_M016,Ses05M,1,test
test,234,Ses05F_script01_3_M017,Ses05M,1,test
test,235,Ses05F_script01_3_M021,Ses05M,3,test
test,236,Ses05F_script01_3_M023,Ses05M,3,test
test,237,Ses05F_script01_3_M024,Ses05M,3,test
test,238,Ses05F_script01_3_M025,Ses05M,3,test
test,239,Ses05F_script01_3_M026,Ses05M,3,test
test,240,Ses05F_script01_3_M027,Ses05M,3,test
test,241,Ses05F_script01_3_M028,Ses05M,3,test
test,242,Ses05F_script01_3_M029,Ses05M,3,test
test,243,Ses05F_script01_3_M030,Ses05M,3,test
test,244,Ses05F_script01_3_M031,Ses05M,3,test
test,245,Ses05F_script01_3_M032,Ses05M,3,test
test,246,Ses05F_script01_3_M033,Ses05M,3,test
test,247,Ses05F_script01_3_M034,Ses05M,3,test
test,248,Ses05F_script01_3_M035,Ses05M,3,test
test,249,Ses05F_script01_3_M036,Ses05M,3,test
test,250,Ses05F_script01_3_M037,Ses05M,3,test
test,251,Ses05F_script01_3_M039,Ses05M,1,test
test,252,Ses05F_script01_3_M040,Ses05M,1,test
test,253,Ses05F_script02_1_M000,Ses05M,1,test
test,254,Ses05F_script02_1_M001,Ses05M,1,test
test,255,Ses05F_script02_1_M002,Ses05M,1,test
test,256,Ses05F_script02_1_M003,Ses05M,1,test
test,257,Ses05F_script02_1_M009,Ses05M,1,test
test,258,Ses05F_script02_1_M010,Ses05M,1,test
test,259,Ses05F_script02_1_M011,Ses05M,1,test
test,260,Ses05F_script02_1_M012,Ses05M,1,test
test,261,Ses05F_script02_1_M014,Ses05M,1,test
test,262,Ses05F_script02_1_M018,Ses05M,1,test
test,263,Ses05F_script02_1_M019,Ses05M,1,test
test,264,Ses05F_script02_1_M020,Ses05M,1,test
test,265,Ses05F_script02_1_M021,Ses05M,1,test
test,266,Ses05F_script02_1_M023,Ses05M,1,test
test,267,Ses05F_script02_1_M024,Ses05M,1,test
test,268,Ses05F_script02_1_M029,Ses05M,1,test
test,269,Ses05F_script02_1_M030,Ses05M,1,test
test,270,Ses05F_script02_1_M031,Ses05M,1,test
test,271,Ses05F_script02_1_M032,Ses05M,1,test
test,272,Ses05F_script02_1_M033,Ses05M,1,test
test,273,Ses05F_script02_1_M034,Ses05M,1,test
test,274,Ses05F_script02_2_M000,Ses05M,1,test
test,275,Ses05F_script02_2_M002,Ses05M,2,test
test,276,Ses05F_script02_2_M003,Ses05M,2,test
test,277,Ses05F_script02_2_M005,Ses05M,2,test
test,278,Ses05F_script02_2_M010,Ses05M,2,test
test,279,Ses05F_script02_2_M016,Ses05M,2,test
test,280,Ses05F_script02_2_M018,Ses05M,1,test
test,281,Ses05F_script02_2_M019,Ses05M,1,test
test,282,Ses05F_script02_2_M020,Ses05M,1,test
test,283,Ses05F_script02_2_M025,Ses05M,0,test
test,284,Ses05F_script02_2_M031,Ses05M,3,test
test,285,Ses05F_script02_2_M032,Ses05M,3,test
test,286,Ses05F_script02_2_M033,Ses05M,3,test
test,287,Ses05F_script02_2_M035,Ses05M,1,test
test,288,Ses05F_script02_2_M036,Ses05M,1,test
test,289,Ses05F_script02_2_M037,Ses05M,1,test
test,290,Ses05F_script02_2_M040,Ses05M,1,test
test,291,Ses05F_script02_2_M041,Ses05M,1,test
test,292,Ses05F_script03_1_M000,Ses05M,1,test
test,293,Ses05F_script03_1_M001,Ses05M,1,test
test,294,Ses05F_script03_1_M005,Ses05M,1,test
test,295,Ses05F_script03_1_M007,Ses05M,1,test
test,296,Ses05F_script03_1_M011,Ses05M,1,test
test,297,Ses05F_script03_1_M013,Ses05M,1,test
test,298,Ses05F_script03_1_M014,Ses05M,1,test
test,299,Ses05F_script03_1_M015,Ses05M,1,test
test,300,Ses05F_script03_1_M016,Ses05M,1,test
test,301,Ses05F_script03_1_M017,Ses05M,1,test
test,302,Ses05F_script03_1_M018,Ses05M,1,test
test,303,Ses05F_script03_1_M019,Ses05M,1,test
test,304,Ses05F_script03_1_M020,Ses05M,1,test
test,305,Ses05F_script03_1_M021,Ses05M,1,test
test,306,Ses05F_script03_1_M022,Ses05M,1,test
test,307,Ses05F_script03_1_M024,Ses05M,1,test
test,308,Ses05F_script03_1_M025,Ses05M,1,test
test,309,Ses05F_script03_1_M026,Ses05M,1,test
test,310,Ses05F_script03_1_M027,Ses05M,1,test
test,311,Ses05F_script03_1_M028,Ses05M,1,test
test,312,Ses05F_script03_1_M029,Ses05M,1,test
test,313,Ses05F_script03_1_M030,Ses05M,2,test
test,314,Ses05F_script03_1_M031,Ses05M,1,test
test,315,Ses05F_script03_1_M032,Ses05M,1,test
test,316,Ses05F_script03_1_M033,Ses05M,1,test
test,317,Ses05F_script03_2_M004,Ses05M,0,test
test,318,Ses05F_script03_2_M005,Ses05M,0,test
test,319,Ses05F_script03_2_M008,Ses05M,0,test
test,320,Ses05F_script03_2_M009,Ses05M,2,test
test,321,Ses05F_script03_2_M010,Ses05M,2,test
test,322,Ses05F_script03_2_M013,Ses05M,0,test
test,323,Ses05F_script03_2_M014,Ses05M,0,test
test,324,Ses05F_script03_2_M016,Ses05M,0,test
test,325,Ses05F_script03_2_M019,Ses05M,0,test
test,326,Ses05F_script03_2_M022,Ses05M,0,test
test,327,Ses05F_script03_2_M024,Ses05M,0,test
test,328,Ses05F_script03_2_M025,Ses05M,0,test
test,329,Ses05F_script03_2_M026,Ses05M,0,test
test,330,Ses05F_script03_2_M037,Ses05M,0,test
test,331,Ses05F_script03_2_M038,Ses05M,0,test
test,332,Ses05F_script03_2_M039,Ses05M,0,test
test,333,Ses05F_script03_2_M040,Ses05M,0,test
test,334,Ses05F_script03_2_M041,Ses05M,0,test
test,335,Ses05F_script03_2_M042,Ses05M,0,test
test,336,Ses05F_script03_2_M043,Ses05M,0,test
test,337,Ses05M_impro01_M005,Ses05M,0,test
test,338,Ses05M_impro01_M015,Ses05M,0,test
test,339,Ses05M_impro02_M000,Ses05M,3,test
test,340,Ses05M_impro02_M001,Ses05M,3,test
test,341,Ses05M_impro02_M007,Ses05M,3,test
test,342,Ses05M_impro02_M010,Ses05M,3,test
test,343,Ses05M_impro02_M011,Ses05M,3,test
test,344,Ses05M_impro02_M012,Ses05M,3,test
test,345,Ses05M_impro02_M013,Ses05M,3,test
test,346,Ses05M_impro02_M018,Ses05M,3,test
test,347,Ses05M_impro02_M019,Ses05M,3,test
test,348,Ses05M_impro02_M021,Ses05M,3,test
test,349,Ses05M_impro02_M022,Ses05M,3,test
test,350,Ses05M_impro02_M023,Ses05M,3,test
test,351,Ses05M_impro02_M024,Ses05M,3,test
test,352,Ses05M_impro02_M025,Ses05M,3,test
test,353,Ses05M_impro02_M027,Ses05M,3,test
test,354,Ses05M_impro02_M028,Ses05M,3,test
test,355,Ses05M_impro02_M029,Ses05M,3,test
test,356,Ses05M_impro02_M030,Ses05M,1,test
test,357,Ses05M_impro03_M000,Ses05M,1,test
test,358,Ses05M_impro03_M001,Ses05M,1,test
test,359,Ses05M_impro03_M002,Ses05M,1,test
test,360,Ses05M_impro03_M003,Ses05M,1,test
test,361,Ses05M_impro03_M004,Ses05M,1,test
test,362,Ses05M_impro03_M006,Ses05M,1,test
test,363,Ses05M_impro03_M007,Ses05M,1,test
test,364,Ses05M_impro03_M008,Ses05M,1,test
test,365,Ses05M_impro03_M009,Ses05M,1,test
test,366,Ses05M_impro03_M010,Ses05M,1,test
test,367,Ses05M_impro03_M011,Ses05M,1,test
test,368,Ses05M_impro03_M012,Ses05M,1,test
test,369,Ses05M_impro03_M013,Ses05M,1,test
test,370,Ses05M_impro03_M014,Ses05M,1,test
test,371,Ses05M_impro03_M015,Ses05M,1,test
test,372,Ses05M_impro03_M016,Ses05M,1,test
test,373,Ses05M_impro03_M018,Ses05M,1,test
test,374,Ses05M_impro03_M019,Ses05M,2,test
test,375,Ses05M_impro03_M020,Ses05M,1,test
test,376,Ses05M_impro03_M021,Ses05M,1,test
test,377,Ses05M_impro03_M023,Ses05M,1,test
test,378,Ses05M_impro03_M024,Ses05M,1,test
test,379,Ses05M_impro03_M025,Ses05M,1,test
test,380,Ses05M_impro03_M026,Ses05M,1,test
test,381,Ses05M_impro03_M027,Ses05M,1,test
test,382,Ses05M_impro03_M028,Ses05M,1,test
test,383,Ses05M_impro03_M029,Ses05M,1,test
test,384,Ses05M_impro03_M030,Ses05M,1,test
test,385,Ses05M_impro03_M031,Ses05M,1,test
test,386,Ses05M_impro03_M032,Ses05M,1,test
test,387,Ses05M_impro03_M033,Ses05M,1,test
test,388,Ses05M_impro04_M008,Ses05M,2,test
test,389,Ses05M_impro04_M009,Ses05M,2,test
test,390,Ses05M_impro04_M010,Ses05M,2,test
test,391,Ses05M_impro04_M019,Ses05M,0,test
test,392,Ses05M_impro04_M020,Ses05M,0,test
test,393,Ses05M_impro04_M040,Ses05M,0,test
test,394,Ses05M_impro04_M041,Ses05M,3,test
test,395,Ses05M_impro05_M000,Ses05M,2,test
test,396,Ses05M_impro05_M001,Ses05M,2,test
test,397,Ses05M_impro05_M002,Ses05M,2,test
test,398,Ses05M_impro05_M003,Ses05M,2,test
test,399,Ses05M_impro05_M004,Ses05M,2,test
test,400,Ses05M_impro05_M005,Ses05M,2,test
test,401,Ses05M_impro05_M006,Ses05M,2,test
test,402,Ses05M_impro05_M007,Ses05M,2,test
test,403,Ses05M_impro05_M009,Ses05M,2,test
test,404,Ses05M_impro05_M010,Ses05M,2,test
test,405,Ses05M_impro05_M022,Ses05M,2,test
test,406,Ses05M_impro06_M000,Ses05M,3,test
test,407,Ses05M_impro06_M001,Ses05M,3,test
test,408,Ses05M_impro06_M002,Ses05M,3,test
test,409,Ses05M_impro06_M003,Ses05M,3,test
test,410,Ses05M_impro06_M004,Ses05M,3,test
test,411,Ses05M_impro06_M005,Ses05M,3,test
test,412,Ses05M_impro06_M006,Ses05M,3,test
test,413,Ses05M_impro06_M007,Ses05M,3,test
test,414,Ses05M_impro06_M008,Ses05M,3,test
test,415,Ses05M_impro06_M009,Ses05M,3,test
test,416,Ses05M_impro06_M010,Ses05M,3,test
test,417,Ses05M_impro06_M011,Ses05M,3,test
test,418,Ses05M_impro06_M012,Ses05M,3,test
test,419,Ses05M_impro06_M013,Ses05M,3,test
test,420,Ses05M_impro06_M014,Ses05M,3,test
test,421,Ses05M_impro06_M017,Ses05M,3,test
test,422,Ses05M_impro06_M018,Ses05M,3,test
test,423,Ses05M_impro06_M019,Ses05M,3,test
test,424,Ses05M_impro06_M020,Ses05M,3,test
test,425,Ses05M_impro07_M000,Ses05M,1,test
test,426,Ses05M_impro07_M001,Ses05M,1,test
test,427,Ses05M_impro07_M002,Ses05M,1,test
test,428,Ses05M_impro07_M003,Ses05M,1,test
test,429,Ses05M_impro07_M004,Ses05M,1,test
test,430,Ses05M_impro07_M005,Ses05M,1,test
test,431,Ses05M_impro07_M006,Ses05M,1,test
test,432,Ses05M_impro07_M007,Ses05M,1,test
test,433,Ses05M_impro07_M009,Ses05M,1,test
test,434,Ses05M_impro07_M011,Ses05M,1,test
test,435,Ses05M_impro07_M013,Ses05M,1,test
test,436,Ses05M_impro07_M014,Ses05M,1,test
test,437,Ses05M_impro07_M016,Ses05M,1,test
test,438,Ses05M_impro07_M017,Ses05M,1,test
test,439,Ses05M_impro07_M018,Ses05M,1,test
test,440,Ses05M_impro07_M019,Ses05M,1,test
test,441,Ses05M_impro07_M020,Ses05M,1,test
test,442,Ses05M_impro07_M021,Ses05M,1,test
test,443,Ses05M_impro07_M022,Ses05M,1,test
test,444,Ses05M_impro07_M023,Ses05M,1,test
test,445,Ses05M_impro07_M024,Ses05M,1,test
test,446,Ses05M_impro07_M025,Ses05M,1,test
test,447,Ses05M_impro07_M026,Ses05M,1,test
test,448,Ses05M_impro07_M028,Ses05M,1,test
test,449,Ses05M_impro07_M029,Ses05M,1,test
test,450,Ses05M_impro07_M030,Ses05M,1,test
test,451,Ses05M_impro07_M031,Ses05M,1,test
test,452,Ses05M_impro07_M032,Ses05M,1,test
test,453,Ses05M_impro07_M033,Ses05M,1,test
test,454,Ses05M_impro07_M034,Ses05M,1,test
test,455,Ses05M_impro07_M035,Ses05M,1,test
test,456,Ses05M_impro07_M036,Ses05M,1,test
test,457,Ses05M_impro07_M037,Ses05M,1,test
test,458,Ses05M_impro07_M039,Ses05M,1,test
test,459,Ses05M_impro07_M040,Ses05M,1,test
test,460,Ses05M_impro07_M041,Ses05M,1,test
test,461,Ses05M_impro07_M042,Ses05M,1,test
test,462,Ses05M_impro07_M043,Ses05M,1,test
test,463,Ses05M_impro07_M044,Ses05M,1,test
test,464,Ses05M_impro07_M045,Ses05M,1,test
test,465,Ses05M_impro07_M046,Ses05M,1,test
test,466,Ses05M_impro07_M047,Ses05M,1,test
test,467,Ses05M_impro08_M000,Ses05M,2,test
test,468,Ses05M_impro08_M001,Ses05M,2,test
test,469,Ses05M_impro08_M002,Ses05M,2,test
test,470,Ses05M_impro08_M003,Ses05M,2,test
test,471,Ses05M_impro08_M004,Ses05M,2,test
test,472,Ses05M_impro08_M005,Ses05M,2,test
test,473,Ses05M_impro08_M006,Ses05M,2,test
test,474,Ses05M_impro08_M007,Ses05M,2,test
test,475,Ses05M_impro08_M008,Ses05M,2,test
test,476,Ses05M_impro08_M009,Ses05M,2,test
test,477,Ses05M_impro08_M010,Ses05M,2,test
test,478,Ses05M_impro08_M011,Ses05M,2,test
test,479,Ses05M_impro08_M012,Ses05M,2,test
test,480,Ses05M_impro08_M013,Ses05M,2,test
test,481,Ses05M_impro08_M014,Ses05M,2,test
test,482,Ses05M_impro08_M015,Ses05M,2,test
test,483,Ses05M_impro08_M016,Ses05M,2,test
test,484,Ses05M_impro08_M017,Ses05M,2,test
test,485,Ses05M_impro08_M018,Ses05M,2,test
test,486,Ses05M_impro08_M019,Ses05M,2,test
test,487,Ses05M_impro08_M020,Ses05M,2,test
test,488,Ses05M_impro08_M021,Ses05M,2,test
test,489,Ses05M_impro08_M022,Ses05M,2,test
test,490,Ses05M_impro08_M023,Ses05M,2,test
test,491,Ses05M_impro08_M024,Ses05M,2,test
test,492,Ses05M_impro08_M025,Ses05M,2,test
test,493,Ses05M_impro08_M026,Ses05M,1,test
test,494,Ses05M_impro08_M027,Ses05M,2,test
test,495,Ses05M_impro08_M028,Ses05M,1,test
test,496,Ses05M_script01_1_M004,Ses05M,3,test
test,497,Ses05M_script01_1_M011,Ses05M,0,test
test,498,Ses05M_script01_1_M013,Ses05M,0,test
test,499,Ses05M_script01_1_M016,Ses05M,2,test
test,500,Ses05M_script01_1_M017,Ses05M,2,test
test,501,Ses05M_script01_1_M020,Ses05M,0,test
test,502,Ses05M_script01_1_M021,Ses05M,0,test
test,503,Ses05M_script01_1_M022,Ses05M,0,test
test,504,Ses05M_script01_1_M023,Ses05M,0,test
test,505,Ses05M_script01_1_M025,Ses05M,0,test
test,506,Ses05M_script01_1_M028,Ses05M,0,test
test,507,Ses05M_script01_1_M032,Ses05M,0,test
test,508,Ses05M_script01_1_M033,Ses05M,0,test
test,509,Ses05M_script01_1_M034,Ses05M,0,test
test,510,Ses05M_script01_1_M035,Ses05M,0,test
test,511,Ses05M_script01_1_M036,Ses05M,0,test
test,512,Ses05M_script01_1_M037,Ses05M,0,test
test,513,Ses05M_script01_1b_M001,Ses05M,3,test
test,514,Ses05M_script01_1b_M002,Ses05M,3,test
test,515,Ses05M_script01_1b_M003,Ses05M,3,test
test,516,Ses05M_script01_1b_M004,Ses05M,3,test
test,517,Ses05M_script01_1b_M005,Ses05M,3,test
test,518,Ses05M_script01_1b_M019,Ses05M,0,test
test,519,Ses05M_script01_1b_M020,Ses05M,0,test
test,520,Ses05M_script01_1b_M022,Ses05M,0,test
test,521,Ses05M_script01_1b_M031,Ses05M,0,test
test,522,Ses05M_script01_1b_M032,Ses05M,0,test
test,523,Ses05M_script01_1b_M033,Ses05M,0,test
test,524,Ses05M_script01_1b_M035,Ses05M,0,test
test,525,Ses05M_script01_1b_M036,Ses05M,0,test
test,526,Ses05M_script01_1b_M040,Ses05M,0,test
test,527,Ses05M_script01_1b_M041,Ses05M,0,test
test,528,Ses05M_script01_2_M000,Ses05M,2,test
test,529,Ses05M_script01_2_M001,Ses05M,2,test
test,530,Ses05M_script01_2_M003,Ses05M,2,test
test,531,Ses05M_script01_2_M015,Ses05M,0,test
test,532,Ses05M_script01_2_M016,Ses05M,0,test
test,533,Ses05M_script01_3_M001,Ses05M,1,test
test,534,Ses05M_script01_3_M003,Ses05M,2,test
test,535,Ses05M_script01_3_M010,Ses05M,1,test
test,536,Ses05M_script01_3_M013,Ses05M,1,test
test,537,Ses05M_script01_3_M016,Ses05M,1,test
test,538,Ses05M_script01_3_M017,Ses05M,1,test
test,539,Ses05M_script01_3_M019,Ses05M,3,test
test,540,Ses05M_script01_3_M020,Ses05M,3,test
test,541,Ses05M_script01_3_M021,Ses05M,3,test
test,542,Ses05M_script01_3_M022,Ses05M,2,test
test,543,Ses05M_script01_3_M023,Ses05M,3,test
test,544,Ses05M_script01_3_M025,Ses05M,3,test
test,545,Ses05M_script01_3_M026,Ses05M,3,test
test,546,Ses05M_script01_3_M027,Ses05M,3,test
test,547,Ses05M_script01_3_M029,Ses05M,3,test
test,548,Ses05M_script01_3_M030,Ses05M,3,test
test,549,Ses05M_script01_3_M033,Ses05M,3,test
test,550,Ses05M_script01_3_M036,Ses05M,3,test
test,551,Ses05M_script01_3_M039,Ses05M,3,test
test,552,Ses05M_script01_3_M040,Ses05M,3,test
test,553,Ses05M_script01_3_M041,Ses05M,1,test
test,554,Ses05M_script01_3_M042,Ses05M,1,test
test,555,Ses05M_script02_1_M000,Ses05M,1,test
test,556,Ses05M_script02_1_M001,Ses05M,1,test
test,557,Ses05M_script02_1_M002,Ses05M,1,test
test,558,Ses05M_script02_1_M003,Ses05M,1,test
test,559,Ses05M_script02_1_M005,Ses05M,1,test
test,560,Ses05M_script02_1_M006,Ses05M,1,test
test,561,Ses05M_script02_1_M007,Ses05M,1,test
test,562,Ses05M_script02_1_M008,Ses05M,1,test
test,563,Ses05M_script02_1_M009,Ses05M,1,test
test,564,Ses05M_script02_1_M010,Ses05M,1,test
test,565,Ses05M_script02_1_M017,Ses05M,1,test
test,566,Ses05M_script02_1_M018,Ses05M,1,test
test,567,Ses05M_script02_1_M019,Ses05M,1,test
test,568,Ses05M_script02_1_M020,Ses05M,1,test
test,569,Ses05M_script02_1_M021,Ses05M,1,test
test,570,Ses05M_script02_1_M023,Ses05M,1,test
test,571,Ses05M_script02_1_M028,Ses05M,1,test
test,572,Ses05M_script02_1_M029,Ses05M,1,test
test,573,Ses05M_script02_1_M030,Ses05M,1,test
test,574,Ses05M_script02_1_M031,Ses05M,1,test
test,575,Ses05M_script02_1_M032,Ses05M,1,test
test,576,Ses05M_script02_1_M033,Ses05M,1,test
test,577,Ses05M_script02_2_M000,Ses05M,1,test
test,578,Ses05M_script02_2_M001,Ses05M,1,test
test,579,Ses05M_script02_2_M005,Ses05M,2,test
test,580,Ses05M_script02_2_M016,Ses05M,2,test
test,581,Ses05M_script02_2_M024,Ses05M,0,test
test,582,Ses05M_script02_2_M025,Ses05M,0,test
test,583,Ses05M_script02_2_M026,Ses05M,0,test
test,584,Ses05M_script02_2_M029,Ses05M,3,test
test,585,Ses05M_script02_2_M030,Ses05M,3,test
test,586,Ses05M_script02_2_M031,Ses05M,3,test
test,587,Ses05M_script02_2_M032,Ses05M,3,test
test,588,Ses05M_script02_2_M034,Ses05M,1,test
test,589,Ses05M_script02_2_M035,Ses05M,1,test
test,590,Ses05M_script02_2_M036,Ses05M,1,test
test,591,Ses05M_script02_2_M037,Ses05M,1,test
test,592,Ses05M_script02_2_M040,Ses05M,1,test
test,593,Ses05M_script03_1_M001,Ses05M,1,test
test,594,Ses05M_script03_1_M003,Ses05M,2,test
test,595,Ses05M_script03_1_M004,Ses05M,1,test
test,596,Ses05M_script03_1_M006,Ses05M,1,test
test,597,Ses05M_script03_1_M007,Ses05M,1,test
test,598,Ses05M_script03_1_M008,Ses05M,1,test
test,599,Ses05M_script03_1_M009,Ses05M,1,test
test,600,Ses05M_script03_1_M010,Ses05M,1,test
test,601,Ses05M_script03_1_M011,Ses05M,1,test
test,602,Ses05M_script03_1_M012,Ses05M,1,test
test,603,Ses05M_script03_1_M013,Ses05M,1,test
test,604,Ses05M_script03_1_M014,Ses05M,1,test
test,605,Ses05M_script03_1_M015,Ses05M,1,test
test,606,Ses05M_script03_1_M016,Ses05M,1,test
test,607,Ses05M_script03_1_M018,Ses05M,1,test
test,608,Ses05M_script03_1_M020,Ses05M,1,test
test,609,Ses05M_script03_1_M021,Ses05M,1,test
test,610,Ses05M_script03_1_M022,Ses05M,1,test
test,611,Ses05M_script03_1_M023,Ses05M,1,test
test,612,Ses05M_script03_1_M024,Ses05M,1,test
test,613,Ses05M_script03_1_M025,Ses05M,1,test
test,614,Ses05M_script03_1_M026,Ses05M,1,test
test,615,Ses05M_script03_1_M027,Ses05M,1,test
test,616,Ses05M_script03_1_M028,Ses05M,1,test
test,617,Ses05M_script03_1_M029,Ses05M,1,test
test,618,Ses05M_script03_1_M030,Ses05M,1,test
test,619,Ses05M_script03_1_M031,Ses05M,1,test
test,620,Ses05M_script03_1_M032,Ses05M,1,test
test,621,Ses05M_script03_1_M033,Ses05M,1,test
test,622,Ses05M_script03_2_M008,Ses05M,0,test
test,623,Ses05M_script03_2_M009,Ses05M,0,test
test,624,Ses05M_script03_2_M010,Ses05M,2,test
test,625,Ses05M_script03_2_M011,Ses05M,2,test
test,626,Ses05M_script03_2_M015,Ses05M,0,test
test,627,Ses05M_script03_2_M020,Ses05M,0,test
test,628,Ses05M_script03_2_M023,Ses05M,0,test
test,629,Ses05M_script03_2_M024,Ses05M,2,test
test,630,Ses05M_script03_2_M025,Ses05M,0,test
test,631,Ses05M_script03_2_M026,Ses05M,0,test
test,632,Ses05M_script03_2_M027,Ses05M,0,test
test,633,Ses05M_script03_2_M028,Ses05M,0,test
test,634,Ses05M_script03_2_M029,Ses05M,0,test
test,635,Ses05M_script03_2_M030,Ses05M,0,test
test,636,Ses05M_script03_2_M031,Ses05M,0,test
test,637,Ses05M_script03_2_M032,Ses05M,0,test
test,638,Ses05M_script03_2_M033,Ses05M,0,test
test,639,Ses05M_script03_2_M034,Ses05M,0,test
test,640,Ses05M_script03_2_M035,Ses05M,0,test
test,641,Ses05M_script03_2_M036,Ses05M,0,test
test,642,Ses05M_script03_2_M037,Ses05M,0,test
test,643,Ses05M_script03_2_M038,Ses05M,0,test
test,644,Ses05M_script03_2_M039,Ses05M,0,test
test,645,Ses05M_script03_2_M040,Ses05M,0,test
test,646,Ses05M_script03_2_M041,Ses05M,0,test
test,647,Ses05M_script03_2_M042,Ses05M,0,test
test,648,Ses05M_script03_2_M043,Ses05M,0,test
test,649,Ses05M_script03_2_M044,Ses05M,0,test
test,650,Ses05M_script03_2_M045,Ses05M,0,test
