utterance_id,speaker_id,route_split,source_split,source_row_indices,variants_averaged
Ses01F_impro01_F000,Ses01F,private,test,0,1
Ses01F_impro01_F001,Ses01F,private,train,0;4424;8848,3
Ses01F_impro01_F002,Ses01F,private,train,1;4425;8849,3
Ses01F_impro01_F005,Ses01F,private,train,2;4426;8850,3
Ses01F_impro01_F012,Ses01F,private,train,3;4427;8851,3
Ses01F_impro01_F014,Ses01F,private,train,4;4428;8852,3
Ses01F_impro01_M011,Ses01M,private,dev,0,1
Ses01F_impro01_M013,Ses01M,private,train,5;4429;8853,3
Ses01F_impro02_F000,Ses01F,private,train,6;4430;8854,3
Ses01F_impro02_F001,Ses01F,private,train,7;4431;8855,3
Ses01F_impro02_F002,Ses01F,private,test,1,1
Ses01F_impro02_F003,Ses01F,private,train,8;4432;8856,3
Ses01F_impro02_F004,Ses01F,private,train,9;4433;8857,3
Ses01F_impro02_F005,Ses01F,private,train,10;4434;8858,3
Ses01F_impro02_F006,Ses01F,private,train,11;4435;8859,3
Ses01F_impro02_F008,Ses01F,private,train,12;4436;8860,3
Ses01F_impro02_F010,Ses01F,private,train,13;4437;8861,3
Ses01F_impro02_F012,Ses01F,private,train,14;4438;8862,3
Ses01F_impro02_F013,Ses01F,private,train,15;4439;8863,3
Ses01F_impro02_F014,Ses01F,private,train,16;4440;8864,3
Ses01F_impro02_F015,Ses01F,private,train,17;4441;8865,3
Ses01F_impro02_F016,Ses01F,private,test,2,1
Ses01F_impro02_F017,Ses01F,private,train,18;4442;8866,3
Ses01F_impro02_F018,Ses01F,private,train,19;4443;8867,3
Ses01F_impro02_F019,Ses01F,private,train,20;4444;8868,3
Ses01F_impro02_F020,Ses01F,private,train,21;4445;8869,3
Ses01F_impro02_M001,Ses01M,private,train,22;4446;8870,3
Ses01F_impro02_M005,Ses01M,private,train,23;4447;8871,3
Ses01F_impro02_M009,Ses01M,private,test,3,1
Ses01F_impro02_M010,Ses01M,private,train,24;4448;8872,3
Ses01F_impro02_M011,Ses01M,private,train,25;4449;8873,3
Ses01F_impro02_M012,Ses01M,private,train,26;4450;8874,3
Ses01F_impro02_M013,Ses01M,private,train,27;4451;8875,3
Ses01F_impro02_M014,Ses01M,private,train,28;4452;8876,3
Ses01F_impro02_M015,Ses01M,private,train,29;4453;8877,3
Ses01F_impro03_F000,Ses01F,private,train,30;4454;8878,3
Ses01F_impro03_F001,Ses01F,private,train,31;4455;8879,3
Ses01F_impro03_F002,Ses01F,private,train,32;4456;8880,3
Ses01F_impro03_F004,Ses01F,private,test,4,1
Ses01F_impro03_F005,Ses01F,private,train,33;4457;8881,3
Ses01F_impro03_F006,Ses01F,private,train,34;4458;8882,3
Ses01F_impro03_F008,Ses01F,private,test,5,1
Ses01F_impro03_F009,Ses01F,private,train,35;4459;8883,3
Ses01F_impro03_F010,Ses01F,private,train,36;4460;8884,3
Ses01F_impro03_F012,Ses01F,private,train,37;4461;8885,3
Ses01F_impro03_F013,Ses01F,private,test,6,1
Ses01F_impro03_F015,Ses01F,private,test,7,1
Ses01F_impro03_F016,Ses01F,private,train,38;4462;8886,3
Ses01F_impro03_F017,Ses01F,private,train,39;4463;8887,3
Ses01F_impro03_F018,Ses01F,private,train,40;4464;8888,3
Ses01F_impro03_F019,Ses01F,private,train,41;4465;8889,3
Ses01F_impro03_F021,Ses01F,private,train,42;4466;8890,3
Ses01F_impro03_F022,Ses01F,private,train,43;4467;8891,3
Ses01F_impro03_F023,Ses01F,private,train,44;4468;8892,3
Ses01F_impro03_F024,Ses01F,private,train,45;4469;8893,3
Ses01F_impro03_F025,Ses01F,private,train,46;4470;8894,3
Ses01F_impro03_F026,Ses01F,private,train,47;4471;8895,3
Ses01F_impro03_M000,Ses01M,private,train,48;4472;8896,3
Ses01F_impro03_M001,Ses01M,private,train,49;4473;8897,3
Ses01F_impro03_M003,Ses01M,private,dev,1,1
Ses01F_impro03_M006,Ses01M,private,train,50;4474;8898,3
Ses01F_impro03_M007,Ses01M,private,train,51;4475;8899,3
Ses01F_impro03_M008,Ses01M,private,train,52;4476;8900,3
Ses01F_impro03_M009,Ses01M,private,dev,2,1
Ses01F_impro03_M011,Ses01M,private,dev,3,1
Ses01F_impro03_M013,Ses01M,private,train,53;4477;8901,3
Ses01F_impro03_M014,Ses01M,private,train,54;4478;8902,3
Ses01F_impro03_M015,Ses01M,private,train,55;4479;8903,3
Ses01F_impro03_M016,Ses01M,private,train,56;4480;8904,3
Ses01F_impro03_M019,Ses01M,private,train,57;4481;8905,3
Ses01F_impro03_M020,Ses01M,private,train,58;4482;8906,3
Ses01F_impro03_M021,Ses01M,private,train,59;4483;8907,3
Ses01F_impro03_M022,Ses01M,private,test,8,1
Ses01F_impro03_M023,Ses01M,private,train,60;4484;8908,3
Ses01F_impro03_M024,Ses01M,private,train,61;4485;8909,3
Ses01F_impro04_F000,Ses01F,private,test,9,1
Ses01F_impro04_F001,Ses01F,private,train,62;4486;8910,3
Ses01F_impro04_F005,Ses01F,private,train,63;4487;8911,3
Ses01F_impro04_F006,Ses01F,private,train,64;4488;8912,3
Ses01F_impro04_F009,Ses01F,private,test,10,1
Ses01F_impro04_F013,Ses01F,private,train,65;4489;8913,3
Ses01F_impro04_F014,Ses01F,private,train,66;4490;8914,3
Ses01F_impro04_F028,Ses01F,private,train,67;4491;8915,3
Ses01F_impro04_F029,Ses01F,private,dev,4,1
Ses01F_impro04_F030,Ses01F,private,train,68;4492;8916,3
Ses01F_impro04_F031,Ses01F,private,train,69;4493;8917,3
Ses01F_impro04_F032,Ses01F,private,train,70;4494;8918,3
Ses01F_impro04_F033,Ses01F,private,train,71;4495;8919,3
Ses01F_impro04_M000,Ses01M,private,train,72;4496;8920,3
Ses01F_impro04_M001,Ses01M,private,train,73;4497;8921,3
Ses01F_impro04_M002,Ses01M,private,train,74;4498;8922,3
Ses01F_impro04_M003,Ses01M,private,train,75;4499;8923,3
Ses01F_impro04_M004,Ses01M,private,train,76;4500;8924,3
Ses01F_impro04_M005,Ses01M,private,test,11,1
Ses01F_impro04_M006,Ses01M,private,test,12,1
Ses01F_impro04_M007,Ses01M,private,train,77;4501;8925,3
Ses01F_impro04_M008,Ses01M,private,test,13,1
Ses01F_impro04_M009,Ses01M,private,train,78;4502;8926,3
Ses01F_impro04_M010,Ses01M,private,train,79;4503;8927,3
Ses01F_impro04_M011,Ses01M,private,train,80;4504;8928,3
Ses01F_impro04_M012,Ses01M,private,train,81;4505;8929,3
Ses01F_impro04_M013,Ses01M,private,train,82;4506;8930,3
Ses01F_impro04_M014,Ses01M,private,test,14,1
Ses01F_impro04_M015,Ses01M,private,train,83;4507;8931,3
Ses01F_impro04_M016,Ses01M,private,train,84;4508;8932,3
Ses01F_impro04_M017,Ses01M,private,train,85;4509;8933,3
Ses01F_impro04_M018,Ses01M,private,train,86;4510;8934,3
Ses01F_impro04_M019,Ses01M,private,train,87;4511;8935,3
Ses01F_impro04_M020,Ses01M,private,train,88;4512;8936,3
Ses01F_impro04_M021,Ses01M,private,train,89;4513;8937,3
Ses01F_impro04_M022,Ses01M,private,train,90;4514;8938,3
Ses01F_impro04_M023,Ses01M,private,test,15,1
Ses01F_impro04_M024,Ses01M,private,train,91;4515;8939,3
Ses01F_impro04_M025,Ses01M,private,train,92;4516;8940,3
Ses01F_impro04_M026,Ses01M,private,train,93;4517;8941,3
Ses01F_impro04_M027,Ses01M,private,train,94;4518;8942,3
Ses01F_impro04_M028,Ses01M,private,train,95;4519;8943,3
Ses01F_impro04_M031,Ses01M,private,train,96;4520;8944,3
Ses01F_impro04_M032,Ses01M,private,train,97;4521;8945,3
Ses01F_impro05_F008,Ses01F,private,train,98;4522;8946,3
Ses01F_impro05_F009,Ses01F,private,train,99;4523;8947,3
Ses01F_impro05_F011,Ses01F,private,train,100;4524;8948,3
Ses01F_impro05_F012,Ses01F,private,train,101;4525;8949,3
Ses01F_impro05_F014,Ses01F,private,dev,5,1
Ses01F_impro05_F015,Ses01F,private,test,16,1
Ses01F_impro05_F016,Ses01F,private,train,102;4526;8950,3
Ses01F_impro05_F017,Ses01F,private,train,103;4527;8951,3
Ses01F_impro05_F018,Ses01F,private,train,104;4528;8952,3
Ses01F_impro05_F019,Ses01F,private,train,105;4529;8953,3
Ses01F_impro05_F020,Ses01F,private,train,106;4530;8954,3
Ses01F_impro05_F021,Ses01F,private,dev,6,1
Ses01F_impro05_F022,Ses01F,private,test,17,1
Ses01F_impro05_F023,Ses01F,private,train,107;4531;8955,3
Ses01F_impro05_F024,Ses01F,private,train,108;4532;8956,3
Ses01F_impro05_F025,Ses01F,private,train,109;4533;8957,3
Ses01F_impro05_F026,Ses01F,private,train,110;4534;8958,3
Ses01F_impro05_F028,Ses01F,private,train,111;4535;8959,3
Ses01F_impro05_F029,Ses01F,private,dev,7,1
Ses01F_impro05_F030,Ses01F,private,train,112;4536;8960,3
Ses01F_impro05_M000,Ses01M,private,test,18,1
Ses01F_impro05_M001,Ses01M,private,dev,8,1
Ses01F_impro05_M002,Ses01M,private,train,113;4537;8961,3
Ses01F_impro05_M003,Ses01M,private,train,114;4538;8962,3
Ses01F_impro05_M004,Ses01M,private,train,115;4539;8963,3
Ses01F_impro05_M005,Ses01M,private,train,116;4540;8964,3
Ses01F_impro05_M006,Ses01M,private,train,117;4541;8965,3
Ses01F_impro05_M007,Ses01M,private,train,118;4542;8966,3
Ses01F_impro05_M008,Ses01M,private,train,119;4543;8967,3
Ses01F_impro05_M009,Ses01M,private,train,120;4544;8968,3
Ses01F_impro05_M010,Ses01M,private,train,121;4545;8969,3
Ses01F_impro05_M011,Ses01M,private,train,122;4546;8970,3
Ses01F_impro05_M012,Ses01M,private,train,123;4547;8971,3
Ses01F_impro05_M013,Ses01M,private,train,124;4548;8972,3
Ses01F_impro05_M014,Ses01M,private,train,125;4549;8973,3
Ses01F_impro05_M015,Ses01M,private,test,19,1
Ses01F_impro05_M016,Ses01M,private,train,126;4550;8974,3
Ses01F_impro05_M017,Ses01M,private,train,127;4551;8975,3
Ses01F_impro05_M019,Ses01M,private,train,128;4552;8976,3
Ses01F_impro05_M020,Ses01M,private,test,20,1
Ses01F_impro05_M022,Ses01M,private,train,129;4553;8977,3
Ses01F_impro05_M023,Ses01M,private,train,130;4554;8978,3
Ses01F_impro05_M024,Ses01M,private,train,131;4555;8979,3
Ses01F_impro05_M025,Ses01M,private,train,132;4556;8980,3
Ses01F_impro05_M026,Ses01M,private,train,133;4557;8981,3
Ses01F_impro05_M027,Ses01M,private,train,134;4558;8982,3
Ses01F_impro05_M028,Ses01M,private,train,135;4559;8983,3
Ses01F_impro05_M029,Ses01M,private,train,136;4560;8984,3
Ses01F_impro05_M030,Ses01M,private,train,137;4561;8985,3
Ses01F_impro05_M031,Ses01M,private,train,138;4562;8986,3
Ses01F_impro05_M034,Ses01M,private,train,139;4563;8987,3
Ses01F_impro05_M035,Ses01M,private,train,140;4564;8988,3
Ses01F_impro06_F002,Ses01F,private,train,141;4565;8989,3
Ses01F_impro06_F003,Ses01F,private,train,142;4566;8990,3
Ses01F_impro06_F004,Ses01F,private,train,143;4567;8991,3
Ses01F_impro06_F005,Ses01F,private,train,144;4568;8992,3
Ses01F_impro06_F006,Ses01F,private,train,145;4569;8993,3
Ses01F_impro06_F007,Ses01F,private,test,21,1
Ses01F_impro06_F008,Ses01F,private,train,146;4570;8994,3
Ses01F_impro06_F009,Ses01F,private,test,22,1
Ses01F_impro06_F010,Ses01F,private,train,147;4571;8995,3
Ses01F_impro06_F011,Ses01F,private,train,148;4572;8996,3
Ses01F_impro06_F012,Ses01F,private,train,149;4573;8997,3
Ses01F_impro06_F013,Ses01F,private,train,150;4574;8998,3
Ses01F_impro06_F014,Ses01F,private,train,151;4575;8999,3
Ses01F_impro06_F015,Ses01F,private,train,152;4576;9000,3
Ses01F_impro06_F016,Ses01F,private,train,153;4577;9001,3
Ses01F_impro06_F018,Ses01F,private,train,154;4578;9002,3
Ses01F_impro06_F019,Ses01F,private,train,155;4579;9003,3
Ses01F_impro06_F020,Ses01F,private,train,156;4580;9004,3
Ses01F_impro06_F021,Ses01F,private,train,157;4581;9005,3
Ses01F_impro06_F022,Ses01F,private,train,158;4582;9006,3
Ses01F_impro06_F023,Ses01F,private,train,159;4583;9007,3
Ses01F_impro06_F024,Ses01F,private,train,160;4584;9008,3
Ses01F_impro06_F025,Ses01F,private,train,161;4585;9009,3
Ses01F_impro06_F026,Ses01F,private,train,162;4586;9010,3
Ses01F_impro06_F027,Ses01F,private,train,163;4587;9011,3
Ses01F_impro06_F028,Ses01F,private,dev,9,1
Ses01F_impro06_M000,Ses01M,private,train,164;4588;9012,3
Ses01F_impro06_M001,Ses01M,private,train,165;4589;9013,3
Ses01F_impro06_M002,Ses01M,private,train,166;4590;9014,3
Ses01F_impro06_M003,Ses01M,private,train,167;4591;9015,3
Ses01F_impro06_M004,Ses01M,private,train,168;4592;9016,3
Ses01F_impro06_M005,Ses01M,private,train,169;4593;9017,3
Ses01F_impro06_M006,Ses01M,private,train,170;4594;9018,3
Ses01F_impro06_M007,Ses01M,private,train,171;4595;9019,3
Ses01F_impro06_M008,Ses01M,private,train,172;4596;9020,3
Ses01F_impro06_M009,Ses01M,private,train,173;4597;9021,3
Ses01F_impro06_M010,Ses01M,private,train,174;4598;9022,3
Ses01F_impro06_M011,Ses01M,private,train,175;4599;9023,3
Ses01F_impro06_M012,Ses01M,private,train,176;4600;9024,3
Ses01F_impro06_M013,Ses01M,private,train,177;4601;9025,3
Ses01F_impro06_M014,Ses01M,private,train,178;4602;9026,3
Ses01F_impro06_M015,Ses01M,private,train,179;4603;9027,3
Ses01F_impro06_M016,Ses01M,private,train,180;4604;9028,3
Ses01F_impro07_F000,Ses01F,private,dev,10,1
Ses01F_impro07_F002,Ses01F,private,train,181;4605;9029,3
Ses01F_impro07_F003,Ses01F,private,test,23,1
Ses01F_impro07_F004,Ses01F,private,train,182;4606;9030,3
Ses01F_impro07_F005,Ses01F,private,train,183;4607;9031,3
Ses01F_impro07_F009,Ses01F,private,test,24,1
Ses01F_impro07_F010,Ses01F,private,train,184;4608;9032,3
Ses01F_impro07_F012,Ses01F,private,dev,11,1
Ses01F_impro07_F013,Ses01F,private,train,185;4609;9033,3
Ses01F_impro07_F016,Ses01F,private,train,186;4610;9034,3
Ses01F_impro07_M000,Ses01M,private,train,187;4611;9035,3
Ses01F_impro07_M001,Ses01M,private,train,188;4612;9036,3
Ses01F_impro07_M002,Ses01M,private,train,189;4613;9037,3
Ses01F_impro07_M003,Ses01M,private,train,190;4614;9038,3
Ses01F_impro07_M004,Ses01M,private,dev,12,1
Ses01F_impro07_M005,Ses01M,private,test,25,1
Ses01F_impro07_M006,Ses01M,private,train,191;4615;9039,3
Ses01F_impro07_M007,Ses01M,private,train,192;4616;9040,3
Ses01F_impro07_M008,Ses01M,private,train,193;4617;9041,3
Ses01F_impro07_M009,Ses01M,private,train,194;4618;9042,3
Ses01F_impro07_M012,Ses01M,private,train,195;4619;9043,3
Ses01F_impro07_M013,Ses01M,private,train,196;4620;9044,3
Ses01F_impro07_M014,Ses01M,private,train,197;4621;9045,3
Ses01F_impro07_M015,Ses01M,private,train,198;4622;9046,3
Ses01F_impro07_M017,Ses01M,private,train,199;4623;9047,3
Ses01F_impro07_M018,Ses01M,private,train,200;4624;9048,3
Ses01F_impro07_M019,Ses01M,private,train,201;4625;9049,3
Ses01F_script01_1_F005,Ses01F,private,train,202;4626;9050,3
Ses01F_script01_1_F015,Ses01F,private,train,203;4627;9051,3
Ses01F_script01_1_F034,Ses01F,private,train,204;4628;9052,3
Ses01F_script01_1_F035,Ses01F,private,train,205;4629;9053,3
Ses01F_script01_1_F037,Ses01F,private,train,206;4630;9054,3
Ses01F_script01_1_F038,Ses01F,private,train,207;4631;9055,3
Ses01F_script01_1_F041,Ses01F,private,dev,13,1
Ses01F_script01_1_F042,Ses01F,private,train,208;4632;9056,3
Ses01F_script01_1_M000,Ses01M,private,train,209;4633;9057,3
Ses01F_script01_1_M001,Ses01M,private,test,26,1
Ses01F_script01_1_M002,Ses01M,private,train,210;4634;9058,3
Ses01F_script01_1_M003,Ses01M,private,train,211;4635;9059,3
Ses01F_script01_1_M004,Ses01M,private,train,212;4636;9060,3
Ses01F_script01_1_M007,Ses01M,private,train,213;4637;9061,3
Ses01F_script01_1_M010,Ses01M,private,train,214;4638;9062,3
Ses01F_script01_1_M012,Ses01M,private,train,215;4639;9063,3
Ses01F_script01_1_M014,Ses01M,private,test,27,1
Ses01F_script01_1_M015,Ses01M,private,train,216;4640;9064,3
Ses01F_script01_1_M016,Ses01M,private,train,217;4641;9065,3
Ses01F_script01_1_M017,Ses01M,private,train,218;4642;9066,3
Ses01F_script01_1_M019,Ses01M,private,dev,14,1
Ses01F_script01_1_M023,Ses01M,private,train,219;4643;9067,3
Ses01F_script01_1_M024,Ses01M,private,train,220;4644;9068,3
Ses01F_script01_1_M025,Ses01M,private,train,221;4645;9069,3
Ses01F_script01_1_M034,Ses01M,private,train,222;4646;9070,3
Ses01F_script01_1_M039,Ses01M,private,train,223;4647;9071,3
Ses01F_script01_1_M040,Ses01M,private,train,224;4648;9072,3
Ses01F_script01_2_F003,Ses01F,private,test,28,1
Ses01F_script01_2_F004,Ses01F,private,train,225;4649;9073,3
Ses01F_script01_2_F005,Ses01F,private,train,226;4650;9074,3
Ses01F_script01_2_F006,Ses01F,private,train,227;4651;9075,3
Ses01F_script01_2_F007,Ses01F,private,train,228;4652;9076,3
Ses01F_script01_2_F008,Ses01F,private,dev,15,1
Ses01F_script01_2_F009,Ses01F,private,train,229;4653;9077,3
Ses01F_script01_2_F010,Ses01F,private,train,230;4654;9078,3
Ses01F_script01_2_F011,Ses01F,private,train,231;4655;9079,3
Ses01F_script01_2_F012,Ses01F,private,train,232;4656;9080,3
Ses01F_script01_2_F013,Ses01F,private,train,233;4657;9081,3
Ses01F_script01_2_M001,Ses01M,private,train,234;4658;9082,3
Ses01F_script01_2_M004,Ses01M,private,dev,16,1
Ses01F_script01_2_M008,Ses01M,private,dev,17,1
Ses01F_script01_2_M017,Ses01M,private,train,235;4659;9083,3
Ses01F_script01_3_F000,Ses01F,private,train,236;4660;9084,3
Ses01F_script01_3_F001,Ses01F,private,train,237;4661;9085,3
Ses01F_script01_3_F002,Ses01F,private,train,238;4662;9086,3
Ses01F_script01_3_F003,Ses01F,private,train,239;4663;9087,3
Ses01F_script01_3_F004,Ses01F,private,train,240;4664;9088,3
Ses01F_script01_3_F005,Ses01F,private,train,241;4665;9089,3
Ses01F_script01_3_F006,Ses01F,private,train,242;4666;9090,3
Ses01F_script01_3_F007,Ses01F,private,train,243;4667;9091,3
Ses01F_script01_3_F008,Ses01F,private,train,244;4668;9092,3
Ses01F_script01_3_F009,Ses01F,private,train,245;4669;9093,3
Ses01F_script01_3_F010,Ses01F,private,dev,18,1
Ses01F_script01_3_F011,Ses01F,private,train,246;4670;9094,3
Ses01F_script01_3_F012,Ses01F,private,train,247;4671;9095,3
Ses01F_script01_3_F013,Ses01F,private,train,248;4672;9096,3
Ses01F_script01_3_F014,Ses01F,private,dev,19,1
Ses01F_script01_3_F015,Ses01F,private,train,249;4673;9097,3
Ses01F_script01_3_F016,Ses01F,private,dev,20,1
Ses01F_script01_3_F017,Ses01F,private,test,29,1
Ses01F_script01_3_F019,Ses01F,private,train,250;4674;9098,3
Ses01F_script01_3_F020,Ses01F,private,train,251;4675;9099,3
Ses01F_script01_3_F021,Ses01F,private,train,252;4676;9100,3
Ses01F_script01_3_F022,Ses01F,private,train,253;4677;9101,3
Ses01F_script01_3_F028,Ses01F,private,train,254;4678;9102,3
Ses01F_script01_3_F029,Ses01F,private,train,255;4679;9103,3
Ses01F_script01_3_F030,Ses01F,private,test,30,1
Ses01F_script01_3_F031,Ses01F,private,train,256;4680;9104,3
Ses01F_script01_3_F035,Ses01F,private,test,31,1
Ses01F_script01_3_M000,Ses01M,private,dev,21,1
Ses01F_script01_3_M001,Ses01M,private,train,257;4681;9105,3
Ses01F_script01_3_M003,Ses01M,private,dev,22,1
Ses01F_script01_3_M004,Ses01M,private,dev,23,1
Ses01F_script01_3_M005,Ses01M,private,dev,24,1
Ses01F_script01_3_M008,Ses01M,private,train,258;4682;9106,3
Ses01F_script01_3_M009,Ses01M,private,dev,25,1
Ses01F_script01_3_M010,Ses01M,private,train,259;4683;9107,3
Ses01F_script01_3_M015,Ses01M,private,dev,26,1
Ses01F_script01_3_M016,Ses01M,private,train,260;4684;9108,3
Ses01F_script01_3_M017,Ses01M,private,train,261;4685;9109,3
Ses01F_script01_3_M019,Ses01M,private,train,262;4686;9110,3
Ses01F_script01_3_M020,Ses01M,private,train,263;4687;9111,3
Ses01F_script01_3_M021,Ses01M,private,train,264;4688;9112,3
Ses01F_script01_3_M022,Ses01M,private,train,265;4689;9113,3
Ses01F_script01_3_M023,Ses01M,private,train,266;4690;9114,3
Ses01F_script01_3_M024,Ses01M,private,test,32,1
Ses01F_script01_3_M025,Ses01M,private,test,33,1
Ses01F_script01_3_M026,Ses01M,private,train,267;4691;9115,3
Ses01F_script01_3_M027,Ses01M,private,train,268;4692;9116,3
Ses01F_script01_3_M028,Ses01M,private,train,269;4693;9117,3
Ses01F_script01_3_M029,Ses01M,private,train,270;4694;9118,3
Ses01F_script01_3_M030,Ses01M,private,dev,27,1
Ses01F_script01_3_M032,Ses01M,private,train,271;4695;9119,3
Ses01F_script01_3_M033,Ses01M,private,train,272;4696;9120,3
Ses01F_script01_3_M036,Ses01M,private,dev,28,1
Ses01F_script01_3_M037,Ses01M,private,train,273;4697;9121,3
Ses01F_script02_1_F000,Ses01F,private,train,274;4698;9122,3
Ses01F_script02_1_F004,Ses01F,private,train,275;4699;9123,3
Ses01F_script02_1_F006,Ses01F,private,dev,29,1
Ses01F_script02_1_F007,Ses01F,private,train,276;4700;9124,3
Ses01F_script02_1_F008,Ses01F,private,train,277;4701;9125,3
Ses01F_script02_1_F009,Ses01F,private,train,278;4702;9126,3
Ses01F_script02_1_F010,Ses01F,private,train,279;4703;9127,3
Ses01F_script02_1_F015,Ses01F,private,train,280;4704;9128,3
Ses01F_script02_1_F024,Ses01F,private,train,281;4705;9129,3
Ses01F_script02_1_F025,Ses01F,private,train,282;4706;9130,3
Ses01F_script02_1_M002,Ses01M,private,test,34,1
Ses01F_script02_1_M007,Ses01M,private,dev,30,1
Ses01F_script02_1_M008,Ses01M,private,train,283;4707;9131,3
Ses01F_script02_1_M009,Ses01M,private,train,284;4708;9132,3
Ses01F_script02_1_M010,Ses01M,private,train,285;4709;9133,3
Ses01F_script02_1_M011,Ses01M,private,dev,31,1
Ses01F_script02_1_M013,Ses01M,private,train,286;4710;9134,3
Ses01F_script02_1_M014,Ses01M,private,train,287;4711;9135,3
Ses01F_script02_1_M015,Ses01M,private,train,288;4712;9136,3
Ses01F_script02_1_M016,Ses01M,private,train,289;4713;9137,3
Ses01F_script02_1_M020,Ses01M,private,train,290;4714;9138,3
Ses01F_script02_1_M021,Ses01M,private,train,291;4715;9139,3
Ses01F_script02_1_M023,Ses01M,private,train,292;4716;9140,3
Ses01F_script02_1_M024,Ses01M,private,train,293;4717;9141,3
Ses01F_script02_1_M025,Ses01M,private,train,294;4718;9142,3
Ses01F_script02_1_M026,Ses01M,private,train,295;4719;9143,3
Ses01F_script02_1_M029,Ses01M,private,train,296;4720;9144,3
Ses01F_script02_1_M031,Ses01M,private,test,35,1
Ses01F_script02_1_M032,Ses01M,private,train,297;4721;9145,3
Ses01F_script02_1_M033,Ses01M,private,test,36,1
Ses01F_script02_1_M034,Ses01M,private,dev,32,1
Ses01F_script02_1_M035,Ses01M,private,train,298;4722;9146,3
Ses01F_script02_1_M036,Ses01M,private,train,299;4723;9147,3
Ses01F_script02_1_M038,Ses01M,private,dev,33,1
Ses01F_script02_1_M040,Ses01M,private,train,300;4724;9148,3
Ses01F_script02_1_M043,Ses01M,private,dev,34,1
Ses01F_script02_1_M044,Ses01M,private,train,301;4725;9149,3
Ses01F_script02_2_F000,Ses01F,private,train,302;4726;9150,3
Ses01F_script02_2_F001,Ses01F,private,train,303;4727;9151,3
Ses01F_script02_2_F006,Ses01F,private,train,304;4728;9152,3
Ses01F_script02_2_F008,Ses01F,private,train,305;4729;9153,3
Ses01F_script02_2_F009,Ses01F,private,train,306;4730;9154,3
Ses01F_script02_2_F010,Ses01F,private,train,307;4731;9155,3
Ses01F_script02_2_F015,Ses01F,private,dev,35,1
Ses01F_script02_2_F016,Ses01F,private,train,308;4732;9156,3
Ses01F_script02_2_F017,Ses01F,private,train,309;4733;9157,3
Ses01F_script02_2_F019,Ses01F,private,train,310;4734;9158,3
Ses01F_script02_2_F022,Ses01F,private,train,311;4735;9159,3
Ses01F_script02_2_F023,Ses01F,private,train,312;4736;9160,3
Ses01F_script02_2_F026,Ses01F,private,dev,36,1
Ses01F_script02_2_F034,Ses01F,private,dev,37,1
Ses01F_script02_2_F035,Ses01F,private,dev,38,1
Ses01F_script02_2_F036,Ses01F,private,train,313;4737;9161,3
Ses01F_script02_2_F040,Ses01F,private,train,314;4738;9162,3
Ses01F_script02_2_F041,Ses01F,private,train,315;4739;9163,3
Ses01F_script02_2_F042,Ses01F,private,train,316;4740;9164,3
Ses01F_script02_2_F043,Ses01F,private,train,317;4741;9165,3
Ses01F_script02_2_F044,Ses01F,private,train,318;4742;9166,3
Ses01F_script02_2_F045,Ses01F,private,train,319;4743;9167,3
Ses01F_script02_2_F046,Ses01F,private,train,320;4744;9168,3
Ses01F_script02_2_F047,Ses01F,private,test,37,1
Ses01F_script02_2_M000,Ses01M,private,test,38,1
Ses01F_script02_2_M001,Ses01M,private,train,321;4745;9169,3
Ses01F_script02_2_M002,Ses01M,private,test,39,1
Ses01F_script02_2_M006,Ses01M,private,train,322;4746;9170,3
Ses01F_script02_2_M016,Ses01M,private,dev,39,1
Ses01F_script02_2_M017,Ses01M,private,train,323;4747;9171,3
Ses01F_script02_2_M019,Ses01M,private,train,324;4748;9172,3
Ses01F_script02_2_M021,Ses01M,private,train,325;4749;9173,3
Ses01F_script02_2_M022,Ses01M,private,test,40,1
Ses01F_script02_2_M023,Ses01M,private,train,326;4750;9174,3
Ses01F_script02_2_M024,Ses01M,private,train,327;4751;9175,3
Ses01F_script02_2_M026,Ses01M,private,train,328;4752;9176,3
Ses01F_script02_2_M033,Ses01M,private,train,329;4753;9177,3
Ses01F_script02_2_M037,Ses01M,private,train,330;4754;9178,3
Ses01F_script02_2_M038,Ses01M,private,train,331;4755;9179,3
Ses01F_script02_2_M040,Ses01M,private,train,332;4756;9180,3
Ses01F_script02_2_M042,Ses01M,private,train,333;4757;9181,3
Ses01F_script02_2_M043,Ses01M,private,test,41,1
Ses01F_script02_2_M044,Ses01M,private,train,334;4758;9182,3
Ses01F_script02_2_M046,Ses01M,private,test,42,1
Ses01F_script02_2_M047,Ses01M,private,test,43,1
Ses01F_script02_2_M048,Ses01M,private,train,335;4759;9183,3
Ses01F_script02_2_M049,Ses01M,private,train,336;4760;9184,3
Ses01F_script03_1_F005,Ses01F,private,train,337;4761;9185,3
Ses01F_script03_1_F006,Ses01F,private,train,338;4762;9186,3
Ses01F_script03_1_F007,Ses01F,private,train,339;4763;9187,3
Ses01F_script03_1_F010,Ses01F,private,train,340;4764;9188,3
Ses01F_script03_1_F011,Ses01F,private,train,341;4765;9189,3
Ses01F_script03_1_F012,Ses01F,private,train,342;4766;9190,3
Ses01F_script03_1_F020,Ses01F,private,train,343;4767;9191,3
Ses01F_script03_1_F021,Ses01F,private,test,44,1
Ses01F_script03_1_F022,Ses01F,private,train,344;4768;9192,3
Ses01F_script03_1_F024,Ses01F,private,test,45,1
Ses01F_script03_1_F029,Ses01F,private,train,345;4769;9193,3
Ses01F_script03_1_F030,Ses01F,private,train,346;4770;9194,3
Ses01F_script03_1_M005,Ses01M,private,train,347;4771;9195,3
Ses01F_script03_1_M007,Ses01M,private,dev,40,1
Ses01F_script03_1_M008,Ses01M,private,train,348;4772;9196,3
Ses01F_script03_1_M009,Ses01M,private,train,349;4773;9197,3
Ses01F_script03_1_M010,Ses01M,private,train,350;4774;9198,3
Ses01F_script03_1_M013,Ses01M,private,train,351;4775;9199,3
Ses01F_script03_1_M018,Ses01M,private,train,352;4776;9200,3
Ses01F_script03_1_M021,Ses01M,private,test,46,1
Ses01F_script03_1_M024,Ses01M,private,train,353;4777;9201,3
Ses01F_script03_1_M025,Ses01M,private,train,354;4778;9202,3
Ses01F_script03_1_M026,Ses01M,private,train,355;4779;9203,3
Ses01F_script03_1_M034,Ses01M,private,train,356;4780;9204,3
Ses01F_script03_1_M036,Ses01M,private,train,357;4781;9205,3
Ses01F_script03_1_M037,Ses01M,private,dev,41,1
Ses01F_script03_2_F000,Ses01F,private,train,358;4782;9206,3
Ses01F_script03_2_F001,Ses01F,private,train,359;4783;9207,3
Ses01F_script03_2_F002,Ses01F,private,dev,42,1
Ses01F_script03_2_F004,Ses01F,private,dev,43,1
Ses01F_script03_2_F005,Ses01F,private,dev,44,1
Ses01F_script03_2_F013,Ses01F,private,train,360;4784;9208,3
Ses01F_script03_2_F014,Ses01F,private,train,361;4785;9209,3
Ses01F_script03_2_F015,Ses01F,private,train,362;4786;9210,3
Ses01F_script03_2_F016,Ses01F,private,train,363;4787;9211,3
Ses01F_script03_2_F017,Ses01F,private,train,364;4788;9212,3
Ses01F_script03_2_F018,Ses01F,private,train,365;4789;9213,3
Ses01F_script03_2_F021,Ses01F,private,train,366;4790;9214,3
Ses01F_script03_2_F022,Ses01F,private,train,367;4791;9215,3
Ses01F_script03_2_F023,Ses01F,private,train,368;4792;9216,3
Ses01F_script03_2_F024,Ses01F,private,train,369;4793;9217,3
Ses01F_script03_2_F025,Ses01F,private,dev,45,1
Ses01F_script03_2_F026,Ses01F,private,train,370;4794;9218,3
Ses01F_script03_2_F027,Ses01F,private,train,371;4795;9219,3
Ses01F_script03_2_F028,Ses01F,private,train,372;4796;9220,3
Ses01F_script03_2_F029,Ses01F,private,train,373;4797;9221,3
Ses01F_script03_2_F030,Ses01F,private,train,374;4798;9222,3
Ses01F_script03_2_F031,Ses01F,private,train,375;4799;9223,3
Ses01F_script03_2_F032,Ses01F,private,train,376;4800;9224,3
Ses01F_script03_2_F034,Ses01F,private,train,377;4801;9225,3
Ses01F_script03_2_F035,Ses01F,private,train,378;4802;9226,3
Ses01F_script03_2_F036,Ses01F,private,train,379;4803;9227,3
Ses01F_script03_2_F037,Ses01F,private,train,380;4804;9228,3
Ses01F_script03_2_F038,Ses01F,private,train,381;4805;9229,3
Ses01F_script03_2_F039,Ses01F,private,train,382;4806;9230,3
Ses01F_script03_2_F040,Ses01F,private,train,383;4807;9231,3
Ses01F_script03_2_M001,Ses01M,private,train,384;4808;9232,3
Ses01F_script03_2_M002,Ses01M,private,test,47,1
Ses01F_script03_2_M004,Ses01M,private,test,48,1
Ses01F_script03_2_M007,Ses01M,private,train,385;4809;9233,3
Ses01F_script03_2_M010,Ses01M,private,train,386;4810;9234,3
Ses01F_script03_2_M011,Ses01M,private,train,387;4811;9235,3
Ses01F_script03_2_M014,Ses01M,private,train,388;4812;9236,3
Ses01F_script03_2_M016,Ses01M,private,train,389;4813;9237,3
Ses01F_script03_2_M018,Ses01M,private,train,390;4814;9238,3
Ses01F_script03_2_M019,Ses01M,private,train,391;4815;9239,3
Ses01F_script03_2_M020,Ses01M,private,train,392;4816;9240,3
Ses01F_script03_2_M021,Ses01M,private,train,393;4817;9241,3
Ses01F_script03_2_M022,Ses01M,private,dev,46,1
Ses01F_script03_2_M023,Ses01M,private,train,394;4818;9242,3
Ses01F_script03_2_M024,Ses01M,private,train,395;4819;9243,3
Ses01F_script03_2_M025,Ses01M,private,train,396;4820;9244,3
Ses01F_script03_2_M026,Ses01M,private,train,397;4821;9245,3
Ses01F_script03_2_M027,Ses01M,private,test,49,1
Ses01F_script03_2_M029,Ses01M,private,train,398;4822;9246,3
Ses01F_script03_2_M030,Ses01M,private,test,50,1
Ses01F_script03_2_M031,Ses01M,private,train,399;4823;9247,3
Ses01F_script03_2_M032,Ses01M,private,train,400;4824;9248,3
Ses01F_script03_2_M033,Ses01M,private,train,401;4825;9249,3
Ses01F_script03_2_M034,Ses01M,private,train,402;4826;9250,3
Ses01F_script03_2_M035,Ses01M,private,test,51,1
Ses01F_script03_2_M036,Ses01M,private,train,403;4827;9251,3
Ses01F_script03_2_M037,Ses01M,private,train,404;4828;9252,3
Ses01F_script03_2_M038,Ses01M,private,train,405;4829;9253,3
Ses01F_script03_2_M039,Ses01M,private,dev,47,1
Ses01F_script03_2_M040,Ses01M,private,train,406;4830;9254,3
Ses01M_impro01_F000,Ses01F,private,train,407;4831;9255,3
Ses01M_impro01_F001,Ses01F,private,dev,48,1
Ses01M_impro01_F007,Ses01F,private,train,408;4832;9256,3
Ses01M_impro01_F008,Ses01F,private,train,409;4833;9257,3
Ses01M_impro01_F011,Ses01F,private,train,410;4834;9258,3
Ses01M_impro01_F012,Ses01F,private,train,411;4835;9259,3
Ses01M_impro01_F019,Ses01F,private,train,412;4836;9260,3
Ses01M_impro01_F020,Ses01F,private,train,413;4837;9261,3
Ses01M_impro01_F021,Ses01F,private,train,414;4838;9262,3
Ses01M_impro01_F022,Ses01F,private,train,415;4839;9263,3
Ses01M_impro01_F024,Ses01F,private,dev,49,1
Ses01M_impro01_F025,Ses01F,private,train,416;4840;9264,3
Ses01M_impro01_M003,Ses01M,private,train,417;4841;9265,3
Ses01M_impro01_M010,Ses01M,private,train,418;4842;9266,3
Ses01M_impro01_M020,Ses01M,private,train,419;4843;9267,3
Ses01M_impro01_M025,Ses01M,private,train,420;4844;9268,3
Ses01M_impro01_M030,Ses01M,private,train,421;4845;9269,3
Ses01M_impro01_M031,Ses01M,private,train,422;4846;9270,3
Ses01M_impro01_M032,Ses01M,private,train,423;4847;9271,3
Ses01M_impro02_F000,Ses01F,private,train,424;4848;9272,3
Ses01M_impro02_F009,Ses01F,private,train,425;4849;9273,3
Ses01M_impro02_F010,Ses01F,private,train,426;4850;9274,3
Ses01M_impro02_F013,Ses01F,private,train,427;4851;9275,3
Ses01M_impro02_F015,Ses01F,private,test,52,1
Ses01M_impro02_F017,Ses01F,private,train,428;4852;9276,3
Ses01M_impro02_F019,Ses01F,private,train,429;4853;9277,3
Ses01M_impro02_M000,Ses01M,private,train,430;4854;9278,3
Ses01M_impro02_M001,Ses01M,private,train,431;4855;9279,3
Ses01M_impro02_M002,Ses01M,private,train,432;4856;9280,3
Ses01M_impro02_M003,Ses01M,private,train,433;4857;9281,3
Ses01M_impro02_M007,Ses01M,private,train,434;4858;9282,3
Ses01M_impro02_M009,Ses01M,private,train,435;4859;9283,3
Ses01M_impro02_M010,Ses01M,private,train,436;4860;9284,3
Ses01M_impro02_M011,Ses01M,private,train,437;4861;9285,3
Ses01M_impro02_M012,Ses01M,private,train,438;4862;9286,3
Ses01M_impro02_M013,Ses01M,private,test,53,1
Ses01M_impro02_M014,Ses01M,private,train,439;4863;9287,3
Ses01M_impro02_M015,Ses01M,private,train,440;4864;9288,3
Ses01M_impro02_M016,Ses01M,private,train,441;4865;9289,3
Ses01M_impro02_M017,Ses01M,private,train,442;4866;9290,3
Ses01M_impro02_M018,Ses01M,private,train,443;4867;9291,3
Ses01M_impro02_M019,Ses01M,private,train,444;4868;9292,3
Ses01M_impro02_M020,Ses01M,private,train,445;4869;9293,3
Ses01M_impro02_M021,Ses01M,private,train,446;4870;9294,3
Ses01M_impro02_M022,Ses01M,private,train,447;4871;9295,3
Ses01M_impro02_M023,Ses01M,private,test,54,1
Ses01M_impro02_M025,Ses01M,private,test,55,1
Ses01M_impro03_F002,Ses01F,private,train,448;4872;9296,3
Ses01M_impro03_F003,Ses01F,private,train,449;4873;9297,3
Ses01M_impro03_F004,Ses01F,private,train,450;4874;9298,3
Ses01M_impro03_F005,Ses01F,private,train,451;4875;9299,3
Ses01M_impro03_F006,Ses01F,private,train,452;4876;9300,3
Ses01M_impro03_F007,Ses01F,private,train,453;4877;9301,3
Ses01M_impro03_F008,Ses01F,private,train,454;4878;9302,3
Ses01M_impro03_F009,Ses01F,private,train,455;4879;9303,3
Ses01M_impro03_F010,Ses01F,private,train,456;4880;9304,3
Ses01M_impro03_F011,Ses01F,private,dev,50,1
Ses01M_impro03_F012,Ses01F,private,test,56,1
Ses01M_impro03_F013,Ses01F,private,train,457;4881;9305,3
Ses01M_impro03_F014,Ses01F,private,test,57,1
Ses01M_impro03_F015,Ses01F,private,dev,51,1
Ses01M_impro03_F016,Ses01F,private,train,458;4882;9306,3
Ses01M_impro03_F017,Ses01F,private,train,459;4883;9307,3
Ses01M_impro03_F018,Ses01F,private,train,460;4884;9308,3
Ses01M_impro03_F019,Ses01F,private,train,461;4885;9309,3
Ses01M_impro03_F020,Ses01F,private,train,462;4886;9310,3
Ses01M_impro03_F021,Ses01F,private,train,463;4887;9311,3
Ses01M_impro03_F022,Ses01F,private,train,464;4888;9312,3
Ses01M_impro03_F023,Ses01F,private,train,465;4889;9313,3
Ses01M_impro03_F024,Ses01F,private,train,466;4890;9314,3
Ses01M_impro03_F025,Ses01F,private,train,467;4891;9315,3
Ses01M_impro03_F026,Ses01F,private,train,468;4892;9316,3
Ses01M_impro03_M000,Ses01M,private,train,469;4893;9317,3
Ses01M_impro03_M001,Ses01M,private,test,58,1
Ses01M_impro03_M003,Ses01M,private,train,470;4894;9318,3
Ses01M_impro03_M004,Ses01M,private,train,471;4895;9319,3
Ses01M_impro03_M005,Ses01M,private,train,472;4896;9320,3
Ses01M_impro03_M006,Ses01M,private,train,473;4897;9321,3
Ses01M_impro03_M007,Ses01M,private,train,474;4898;9322,3
Ses01M_impro03_M008,Ses01M,private,train,475;4899;9323,3
Ses01M_impro03_M010,Ses01M,private,train,476;4900;9324,3
Ses01M_impro03_M011,Ses01M,private,dev,52,1
Ses01M_impro03_M012,Ses01M,private,dev,53,1
Ses01M_impro03_M013,Ses01M,private,test,59,1
Ses01M_impro03_M014,Ses01M,private,test,60,1
Ses01M_impro03_M015,Ses01M,private,train,477;4901;9325,3
Ses01M_impro03_M016,Ses01M,private,test,61,1
Ses01M_impro03_M017,Ses01M,private,train,478;4902;9326,3
Ses01M_impro03_M018,Ses01M,private,train,479;4903;9327,3
Ses01M_impro03_M019,Ses01M,private,train,480;4904;9328,3
Ses01M_impro03_M020,Ses01M,private,test,62,1
Ses01M_impro03_M021,Ses01M,private,train,481;4905;9329,3
Ses01M_impro03_M022,Ses01M,private,train,482;4906;9330,3
Ses01M_impro03_M023,Ses01M,private,test,63,1
Ses01M_impro03_M024,Ses01M,private,train,483;4907;9331,3
Ses01M_impro04_F000,Ses01F,private,train,484;4908;9332,3
Ses01M_impro04_F002,Ses01F,private,train,485;4909;9333,3
Ses01M_impro04_F003,Ses01F,private,dev,54,1
Ses01M_impro04_F004,Ses01F,private,train,486;4910;9334,3
Ses01M_impro04_F005,Ses01F,private,train,487;4911;9335,3
Ses01M_impro04_F006,Ses01F,private,train,488;4912;9336,3
Ses01M_impro04_F007,Ses01F,private,test,64,1
Ses01M_impro04_F008,Ses01F,private,dev,55,1
Ses01M_impro04_F009,Ses01F,private,train,489;4913;9337,3
Ses01M_impro04_F010,Ses01F,private,dev,56,1
Ses01M_impro04_F011,Ses01F,private,train,490;4914;9338,3
Ses01M_impro04_F012,Ses01F,private,train,491;4915;9339,3
Ses01M_impro04_F013,Ses01F,private,train,492;4916;9340,3
Ses01M_impro04_F014,Ses01F,private,train,493;4917;9341,3
Ses01M_impro04_F015,Ses01F,private,train,494;4918;9342,3
Ses01M_impro04_F016,Ses01F,private,train,495;4919;9343,3
Ses01M_impro04_F017,Ses01F,private,train,496;4920;9344,3
Ses01M_impro04_F018,Ses01F,private,train,497;4921;9345,3
Ses01M_impro04_F019,Ses01F,private,dev,57,1
Ses01M_impro04_F020,Ses01F,private,dev,58,1
Ses01M_impro04_F021,Ses01F,private,dev,59,1
Ses01M_impro04_F022,Ses01F,private,train,498;4922;9346,3
Ses01M_impro04_F023,Ses01F,private,train,499;4923;9347,3
Ses01M_impro04_F025,Ses01F,private,train,500;4924;9348,3
Ses01M_impro04_M014,Ses01M,private,test,65,1
Ses01M_impro04_M018,Ses01M,private,train,501;4925;9349,3
Ses01M_impro04_M023,Ses01M,private,train,502;4926;9350,3
Ses01M_impro04_M025,Ses01M,private,test,66,1
Ses01M_impro05_F000,Ses01F,private,train,503;4927;9351,3
Ses01M_impro05_F001,Ses01F,private,train,504;4928;9352,3
Ses01M_impro05_F002,Ses01F,private,test,67,1
Ses01M_impro05_F003,Ses01F,private,dev,60,1
Ses01M_impro05_F004,Ses01F,private,dev,61,1
Ses01M_impro05_F005,Ses01F,private,train,505;4929;9353,3
Ses01M_impro05_F006,Ses01F,private,test,68,1
Ses01M_impro05_F007,Ses01F,private,dev,62,1
Ses01M_impro05_F011,Ses01F,private,train,506;4930;9354,3
Ses01M_impro05_F012,Ses01F,private,train,507;4931;9355,3
Ses01M_impro05_F013,Ses01F,private,train,508;4932;9356,3
Ses01M_impro05_F014,Ses01F,private,test,69,1
Ses01M_impro05_F015,Ses01F,private,train,509;4933;9357,3
Ses01M_impro05_F016,Ses01F,private,test,70,1
Ses01M_impro05_F017,Ses01F,private,train,510;4934;9358,3
Ses01M_impro05_F018,Ses01F,private,dev,63,1
Ses01M_impro05_F019,Ses01F,private,train,511;4935;9359,3
Ses01M_impro05_F020,Ses01F,private,dev,64,1
Ses01M_impro05_F021,Ses01F,private,dev,65,1
Ses01M_impro05_F022,Ses01F,private,train,512;4936;9360,3
Ses01M_impro05_F023,Ses01F,private,train,513;4937;9361,3
Ses01M_impro05_F024,Ses01F,private,train,514;4938;9362,3
Ses01M_impro05_F025,Ses01F,private,train,515;4939;9363,3
Ses01M_impro05_F026,Ses01F,private,test,71,1
Ses01M_impro05_F027,Ses01F,private,train,516;4940;9364,3
Ses01M_impro05_F028,Ses01F,private,train,517;4941;9365,3
Ses01M_impro05_F029,Ses01F,private,train,518;4942;9366,3
Ses01M_impro05_F030,Ses01F,private,train,519;4943;9367,3
Ses01M_impro05_F031,Ses01F,private,train,520;4944;9368,3
Ses01M_impro05_F032,Ses01F,private,train,521;4945;9369,3
Ses01M_impro05_F033,Ses01F,private,train,522;4946;9370,3
Ses01M_impro05_F034,Ses01F,private,train,523;4947;9371,3
Ses01M_impro05_M004,Ses01M,private,train,524;4948;9372,3
Ses01M_impro05_M005,Ses01M,private,train,525;4949;9373,3
Ses01M_impro05_M006,Ses01M,private,train,526;4950;9374,3
Ses01M_impro05_M007,Ses01M,private,train,527;4951;9375,3
Ses01M_impro05_M008,Ses01M,private,train,528;4952;9376,3
Ses01M_impro05_M015,Ses01M,private,train,529;4953;9377,3
Ses01M_impro05_M020,Ses01M,private,train,530;4954;9378,3
Ses01M_impro05_M021,Ses01M,private,test,72,1
Ses01M_impro05_M022,Ses01M,private,train,531;4955;9379,3
Ses01M_impro05_M023,Ses01M,private,train,532;4956;9380,3
Ses01M_impro05_M024,Ses01M,private,train,533;4957;9381,3
Ses01M_impro05_M025,Ses01M,private,train,534;4958;9382,3
Ses01M_impro05_M026,Ses01M,private,train,535;4959;9383,3
Ses01M_impro05_M027,Ses01M,private,train,536;4960;9384,3
Ses01M_impro05_M028,Ses01M,private,train,537;4961;9385,3
Ses01M_impro05_M031,Ses01M,private,dev,66,1
Ses01M_impro06_F000,Ses01F,private,train,538;4962;9386,3
Ses01M_impro06_F001,Ses01F,private,train,539;4963;9387,3
Ses01M_impro06_F002,Ses01F,private,train,540;4964;9388,3
Ses01M_impro06_F003,Ses01F,private,train,541;4965;9389,3
Ses01M_impro06_F004,Ses01F,private,train,542;4966;9390,3
Ses01M_impro06_F005,Ses01F,private,test,73,1
Ses01M_impro06_F006,Ses01F,private,train,543;4967;9391,3
Ses01M_impro06_F007,Ses01F,private,train,544;4968;9392,3
Ses01M_impro06_F008,Ses01F,private,train,545;4969;9393,3
Ses01M_impro06_F009,Ses01F,private,train,546;4970;9394,3
Ses01M_impro06_F010,Ses01F,private,test,74,1
Ses01M_impro06_F011,Ses01F,private,train,547;4971;9395,3
Ses01M_impro06_F012,Ses01F,private,test,75,1
Ses01M_impro06_F013,Ses01F,private,train,548;4972;9396,3
Ses01M_impro06_F014,Ses01F,private,train,549;4973;9397,3
Ses01M_impro06_F015,Ses01F,private,train,550;4974;9398,3
Ses01M_impro06_F016,Ses01F,private,train,551;4975;9399,3
Ses01M_impro06_F017,Ses01F,private,train,552;4976;9400,3
Ses01M_impro06_F018,Ses01F,private,train,553;4977;9401,3
Ses01M_impro06_F019,Ses01F,private,dev,67,1
Ses01M_impro06_F020,Ses01F,private,train,554;4978;9402,3
Ses01M_impro06_F021,Ses01F,private,train,555;4979;9403,3
Ses01M_impro06_F022,Ses01F,private,train,556;4980;9404,3
Ses01M_impro06_F023,Ses01F,private,train,557;4981;9405,3
Ses01M_impro06_F024,Ses01F,private,train,558;4982;9406,3
Ses01M_impro06_F025,Ses01F,private,train,559;4983;9407,3
Ses01M_impro06_F026,Ses01F,private,train,560;4984;9408,3
Ses01M_impro06_F027,Ses01F,private,train,561;4985;9409,3
Ses01M_impro06_F028,Ses01F,private,train,562;4986;9410,3
Ses01M_impro06_M000,Ses01M,private,train,563;4987;9411,3
Ses01M_impro06_M001,Ses01M,private,train,564;4988;9412,3
Ses01M_impro06_M002,Ses01M,private,train,565;4989;9413,3
Ses01M_impro06_M003,Ses01M,private,train,566;4990;9414,3
Ses01M_impro06_M004,Ses01M,private,train,567;4991;9415,3
Ses01M_impro06_M005,Ses01M,private,train,568;4992;9416,3
Ses01M_impro06_M006,Ses01M,private,train,569;4993;9417,3
Ses01M_impro06_M007,Ses01M,private,train,570;4994;9418,3
Ses01M_impro06_M008,Ses01M,private,train,571;4995;9419,3
Ses01M_impro06_M009,Ses01M,private,train,572;4996;9420,3
Ses01M_impro06_M010,Ses01M,private,train,573;4997;9421,3
Ses01M_impro06_M011,Ses01M,private,train,574;4998;9422,3
Ses01M_impro06_M012,Ses01M,private,train,575;4999;9423,3
Ses01M_impro06_M013,Ses01M,private,train,576;5000;9424,3
Ses01M_impro06_M014,Ses01M,private,train,577;5001;9425,3
Ses01M_impro06_M015,Ses01M,private,train,578;5002;9426,3
Ses01M_impro06_M016,Ses01M,private,train,579;5003;9427,3
Ses01M_impro06_M017,Ses01M,private,train,580;5004;9428,3
Ses01M_impro06_M018,Ses01M,private,test,76,1
Ses01M_impro06_M019,Ses01M,private,train,581;5005;9429,3
Ses01M_impro06_M020,Ses01M,private,train,582;5006;9430,3
Ses01M_impro06_M021,Ses01M,private,train,583;5007;9431,3
Ses01M_impro06_M022,Ses01M,private,train,584;5008;9432,3
Ses01M_impro06_M023,Ses01M,private,train,585;5009;9433,3
Ses01M_impro06_M024,Ses01M,private,test,77,1
Ses01M_impro06_M025,Ses01M,private,train,586;5010;9434,3
Ses01M_impro06_M026,Ses01M,private,test,78,1
Ses01M_impro06_M027,Ses01M,private,train,587;5011;9435,3
Ses01M_impro06_M028,Ses01M,private,train,588;5012;9436,3
Ses01M_impro06_M029,Ses01M,private,train,589;5013;9437,3
Ses01M_impro06_M030,Ses01M,private,train,590;5014;9438,3
Ses01M_impro07_F000,Ses01F,private,train,591;5015;9439,3
Ses01M_impro07_F001,Ses01F,private,train,592;5016;9440,3
Ses01M_impro07_F003,Ses01F,private,train,593;5017;9441,3
Ses01M_impro07_F004,Ses01F,private,train,594;5018;9442,3
Ses01M_impro07_F005,Ses01F,private,train,595;5019;9443,3
Ses01M_impro07_F006,Ses01F,private,dev,68,1
Ses01M_impro07_F007,Ses01F,private,train,596;5020;9444,3
Ses01M_impro07_F008,Ses01F,private,train,597;5021;9445,3
Ses01M_impro07_F009,Ses01F,private,dev,69,1
Ses01M_impro07_F010,Ses01F,private,train,598;5022;9446,3
Ses01M_impro07_F011,Ses01F,private,train,599;5023;9447,3
Ses01M_impro07_F012,Ses01F,private,train,600;5024;9448,3
Ses01M_impro07_F013,Ses01F,private,train,601;5025;9449,3
Ses01M_impro07_F014,Ses01F,private,test,79,1
Ses01M_impro07_F015,Ses01F,private,train,602;5026;9450,3
Ses01M_impro07_F016,Ses01F,private,train,603;5027;9451,3
Ses01M_impro07_F018,Ses01F,private,train,604;5028;9452,3
Ses01M_impro07_F020,Ses01F,private,test,80,1
Ses01M_impro07_F021,Ses01F,private,dev,70,1
Ses01M_impro07_F022,Ses01F,private,train,605;5029;9453,3
Ses01M_impro07_F023,Ses01F,private,train,606;5030;9454,3
Ses01M_impro07_F024,Ses01F,private,train,607;5031;9455,3
Ses01M_impro07_F025,Ses01F,private,train,608;5032;9456,3
Ses01M_impro07_F026,Ses01F,private,dev,71,1
Ses01M_impro07_F027,Ses01F,private,train,609;5033;9457,3
Ses01M_impro07_F033,Ses01F,private,train,610;5034;9458,3
Ses01M_impro07_F034,Ses01F,private,train,611;5035;9459,3
Ses01M_impro07_M000,Ses01M,private,train,612;5036;9460,3
Ses01M_impro07_M001,Ses01M,private,test,81,1
Ses01M_impro07_M002,Ses01M,private,train,613;5037;9461,3
Ses01M_impro07_M003,Ses01M,private,train,614;5038;9462,3
Ses01M_impro07_M004,Ses01M,private,train,615;5039;9463,3
Ses01M_impro07_M005,Ses01M,private,train,616;5040;9464,3
Ses01M_impro07_M006,Ses01M,private,dev,72,1
Ses01M_impro07_M007,Ses01M,private,train,617;5041;9465,3
Ses01M_impro07_M008,Ses01M,private,train,618;5042;9466,3
Ses01M_impro07_M009,Ses01M,private,train,619;5043;9467,3
Ses01M_impro07_M010,Ses01M,private,train,620;5044;9468,3
Ses01M_impro07_M011,Ses01M,private,train,621;5045;9469,3
Ses01M_impro07_M013,Ses01M,private,train,622;5046;9470,3
Ses01M_impro07_M017,Ses01M,private,test,82,1
Ses01M_impro07_M018,Ses01M,private,train,623;5047;9471,3
Ses01M_impro07_M019,Ses01M,private,train,624;5048;9472,3
Ses01M_impro07_M020,Ses01M,private,train,625;5049;9473,3
Ses01M_impro07_M024,Ses01M,private,train,626;5050;9474,3
Ses01M_impro07_M026,Ses01M,private,train,627;5051;9475,3
Ses01M_impro07_M030,Ses01M,private,train,628;5052;9476,3
Ses01M_impro07_M032,Ses01M,private,train,629;5053;9477,3
Ses01M_impro07_M033,Ses01M,private,train,630;5054;9478,3
Ses01M_script01_1_F004,Ses01F,private,dev,73,1
Ses01M_script01_1_F005,Ses01F,private,train,631;5055;9479,3
Ses01M_script01_1_F006,Ses01F,private,train,632;5056;9480,3
Ses01M_script01_1_F008,Ses01F,private,dev,74,1
Ses01M_script01_1_F011,Ses01F,private,train,633;5057;9481,3
Ses01M_script01_1_F014,Ses01F,private,train,634;5058;9482,3
Ses01M_script01_1_F015,Ses01F,private,train,635;5059;9483,3
Ses01M_script01_1_F016,Ses01F,private,dev,75,1
Ses01M_script01_1_F017,Ses01F,private,train,636;5060;9484,3
Ses01M_script01_1_F020,Ses01F,private,train,637;5061;9485,3
Ses01M_script01_1_F023,Ses01F,private,train,638;5062;9486,3
Ses01M_script01_1_F024,Ses01F,private,train,639;5063;9487,3
Ses01M_script01_1_F025,Ses01F,private,train,640;5064;9488,3
Ses01M_script01_1_F026,Ses01F,private,train,641;5065;9489,3
Ses01M_script01_1_F029,Ses01F,private,train,642;5066;9490,3
Ses01M_script01_1_F030,Ses01F,private,train,643;5067;9491,3
Ses01M_script01_1_F031,Ses01F,private,train,644;5068;9492,3
Ses01M_script01_1_F032,Ses01F,private,train,645;5069;9493,3
Ses01M_script01_1_F035,Ses01F,private,train,646;5070;9494,3
Ses01M_script01_1_F036,Ses01F,private,train,647;5071;9495,3
Ses01M_script01_1_F037,Ses01F,private,train,648;5072;9496,3
Ses01M_script01_1_F039,Ses01F,private,train,649;5073;9497,3
Ses01M_script01_1_F040,Ses01F,private,train,650;5074;9498,3
Ses01M_script01_1_F041,Ses01F,private,train,651;5075;9499,3
Ses01M_script01_1_F042,Ses01F,private,train,652;5076;9500,3
Ses01M_script01_1_F043,Ses01F,private,train,653;5077;9501,3
Ses01M_script01_1_M000,Ses01M,private,train,654;5078;9502,3
Ses01M_script01_1_M002,Ses01M,private,train,655;5079;9503,3
Ses01M_script01_1_M003,Ses01M,private,train,656;5080;9504,3
Ses01M_script01_1_M004,Ses01M,private,train,657;5081;9505,3
Ses01M_script01_1_M005,Ses01M,private,train,658;5082;9506,3
Ses01M_script01_1_M006,Ses01M,private,test,83,1
Ses01M_script01_1_M007,Ses01M,private,train,659;5083;9507,3
Ses01M_script01_1_M017,Ses01M,private,train,660;5084;9508,3
Ses01M_script01_1_M020,Ses01M,private,train,661;5085;9509,3
Ses01M_script01_1_M021,Ses01M,private,train,662;5086;9510,3
Ses01M_script01_1_M023,Ses01M,private,train,663;5087;9511,3
Ses01M_script01_1_M024,Ses01M,private,train,664;5088;9512,3
Ses01M_script01_1_M034,Ses01M,private,train,665;5089;9513,3
Ses01M_script01_1_M035,Ses01M,private,train,666;5090;9514,3
Ses01M_script01_1_M037,Ses01M,private,train,667;5091;9515,3
Ses01M_script01_1_M038,Ses01M,private,test,84,1
Ses01M_script01_1_M040,Ses01M,private,train,668;5092;9516,3
Ses01M_script01_1_M041,Ses01M,private,train,669;5093;9517,3
Ses01M_script01_1_M042,Ses01M,private,dev,76,1
Ses01M_script01_2_F000,Ses01F,private,train,670;5094;9518,3
Ses01M_script01_2_F001,Ses01F,private,train,671;5095;9519,3
Ses01M_script01_2_F004,Ses01F,private,train,672;5096;9520,3
Ses01M_script01_2_F005,Ses01F,private,dev,77,1
Ses01M_script01_2_F009,Ses01F,private,train,673;5097;9521,3
Ses01M_script01_2_F011,Ses01F,private,test,85,1
Ses01M_script01_2_F012,Ses01F,private,train,674;5098;9522,3
Ses01M_script01_2_F013,Ses01F,private,train,675;5099;9523,3
Ses01M_script01_2_M000,Ses01M,private,train,676;5100;9524,3
Ses01M_script01_2_M001,Ses01M,private,dev,78,1
Ses01M_script01_2_M007,Ses01M,private,train,677;5101;9525,3
Ses01M_script01_2_M015,Ses01M,private,train,678;5102;9526,3
Ses01M_script01_2_M016,Ses01M,private,train,679;5103;9527,3
Ses01M_script01_2_M017,Ses01M,private,dev,79,1
Ses01M_script01_3_F000,Ses01F,private,train,680;5104;9528,3
Ses01M_script01_3_F001,Ses01F,private,train,681;5105;9529,3
Ses01M_script01_3_F003,Ses01F,private,train,682;5106;9530,3
Ses01M_script01_3_F004,Ses01F,private,train,683;5107;9531,3
Ses01M_script01_3_F005,Ses01F,private,train,684;5108;9532,3
Ses01M_script01_3_F006,Ses01F,private,train,685;5109;9533,3
Ses01M_script01_3_F008,Ses01F,private,train,686;5110;9534,3
Ses01M_script01_3_F012,Ses01F,private,test,86,1
Ses01M_script01_3_F014,Ses01F,private,train,687;5111;9535,3
Ses01M_script01_3_F015,Ses01F,private,test,87,1
Ses01M_script01_3_F016,Ses01F,private,dev,80,1
Ses01M_script01_3_F018,Ses01F,private,train,688;5112;9536,3
Ses01M_script01_3_F019,Ses01F,private,train,689;5113;9537,3
Ses01M_script01_3_F021,Ses01F,private,train,690;5114;9538,3
Ses01M_script01_3_F022,Ses01F,private,train,691;5115;9539,3
Ses01M_script01_3_F023,Ses01F,private,train,692;5116;9540,3
Ses01M_script01_3_F024,Ses01F,private,train,693;5117;9541,3
Ses01M_script01_3_F025,Ses01F,private,train,694;5118;9542,3
Ses01M_script01_3_F026,Ses01F,private,train,695;5119;9543,3
Ses01M_script01_3_F030,Ses01F,private,train,696;5120;9544,3
Ses01M_script01_3_M000,Ses01M,private,train,697;5121;9545,3
Ses01M_script01_3_M001,Ses01M,private,train,698;5122;9546,3
Ses01M_script01_3_M002,Ses01M,private,train,699;5123;9547,3
Ses01M_script01_3_M004,Ses01M,private,train,700;5124;9548,3
Ses01M_script01_3_M006,Ses01M,private,train,701;5125;9549,3
Ses01M_script01_3_M007,Ses01M,private,train,702;5126;9550,3
Ses01M_script01_3_M009,Ses01M,private,train,703;5127;9551,3
Ses01M_script01_3_M014,Ses01M,private,train,704;5128;9552,3
Ses01M_script01_3_M016,Ses01M,private,train,705;5129;9553,3
Ses01M_script01_3_M018,Ses01M,private,train,706;5130;9554,3
Ses01M_script01_3_M019,Ses01M,private,train,707;5131;9555,3
Ses01M_script01_3_M020,Ses01M,private,train,708;5132;9556,3
Ses01M_script01_3_M021,Ses01M,private,train,709;5133;9557,3
Ses01M_script01_3_M022,Ses01M,private,dev,81,1
Ses01M_script01_3_M023,Ses01M,private,train,710;5134;9558,3
Ses01M_script01_3_M024,Ses01M,private,train,711;5135;9559,3
Ses01M_script01_3_M025,Ses01M,private,train,712;5136;9560,3
Ses01M_script01_3_M026,Ses01M,private,train,713;5137;9561,3
Ses01M_script01_3_M027,Ses01M,private,train,714;5138;9562,3
Ses01M_script01_3_M028,Ses01M,private,train,715;5139;9563,3
Ses01M_script01_3_M029,Ses01M,private,train,716;5140;9564,3
Ses01M_script01_3_M030,Ses01M,private,train,717;5141;9565,3
Ses01M_script01_3_M031,Ses01M,private,train,718;5142;9566,3
Ses01M_script01_3_M032,Ses01M,private,train,719;5143;9567,3
Ses01M_script01_3_M033,Ses01M,private,train,720;5144;9568,3
Ses01M_script01_3_M034,Ses01M,private,train,721;5145;9569,3
Ses01M_script01_3_M035,Ses01M,private,train,722;5146;9570,3
Ses01M_script01_3_M036,Ses01M,private,train,723;5147;9571,3
Ses01M_script01_3_M037,Ses01M,private,dev,82,1
Ses01M_script01_3_M038,Ses01M,private,train,724;5148;9572,3
Ses01M_script01_3_M039,Ses01M,private,train,725;5149;9573,3
Ses01M_script01_3_M040,Ses01M,private,train,726;5150;9574,3
Ses01M_script01_3_M041,Ses01M,private,test,88,1
Ses01M_script01_3_M043,Ses01M,private,train,727;5151;9575,3
Ses01M_script02_1_F005,Ses01F,private,train,728;5152;9576,3
Ses01M_script02_1_F007,Ses01F,private,train,729;5153;9577,3
Ses01M_script02_1_F008,Ses01F,private,train,730;5154;9578,3
Ses01M_script02_1_F009,Ses01F,private,train,731;5155;9579,3
Ses01M_script02_1_F014,Ses01F,private,train,732;5156;9580,3
Ses01M_script02_1_F017,Ses01F,private,train,733;5157;9581,3
Ses01M_script02_1_F021,Ses01F,private,test,89,1
Ses01M_script02_1_F022,Ses01F,private,train,734;5158;9582,3
Ses01M_script02_1_F023,Ses01F,private,train,735;5159;9583,3
Ses01M_script02_1_M000,Ses01M,private,train,736;5160;9584,3
Ses01M_script02_1_M001,Ses01M,private,train,737;5161;9585,3
Ses01M_script02_1_M002,Ses01M,private,train,738;5162;9586,3
Ses01M_script02_1_M004,Ses01M,private,test,90,1
Ses01M_script02_1_M005,Ses01M,private,dev,83,1
Ses01M_script02_1_M007,Ses01M,private,train,739;5163;9587,3
Ses01M_script02_1_M009,Ses01M,private,train,740;5164;9588,3
Ses01M_script02_1_M010,Ses01M,private,test,91,1
Ses01M_script02_1_M011,Ses01M,private,train,741;5165;9589,3
Ses01M_script02_1_M014,Ses01M,private,train,742;5166;9590,3
Ses01M_script02_1_M016,Ses01M,private,test,92,1
Ses01M_script02_1_M017,Ses01M,private,train,743;5167;9591,3
Ses01M_script02_1_M022,Ses01M,private,train,744;5168;9592,3
Ses01M_script02_1_M023,Ses01M,private,test,93,1
Ses01M_script02_1_M028,Ses01M,private,train,745;5169;9593,3
Ses01M_script02_1_M030,Ses01M,private,train,746;5170;9594,3
Ses01M_script02_1_M031,Ses01M,private,train,747;5171;9595,3
Ses01M_script02_1_M032,Ses01M,private,train,748;5172;9596,3
Ses01M_script02_1_M037,Ses01M,private,train,749;5173;9597,3
Ses01M_script02_1_M039,Ses01M,private,train,750;5174;9598,3
Ses01M_script02_1_M040,Ses01M,private,train,751;5175;9599,3
Ses01M_script02_1_M041,Ses01M,private,train,752;5176;9600,3
Ses01M_script02_1_M042,Ses01M,private,train,753;5177;9601,3
Ses01M_script02_1_M043,Ses01M,private,train,754;5178;9602,3
Ses01M_script02_1_M044,Ses01M,private,train,755;5179;9603,3
Ses01M_script02_1_M045,Ses01M,private,train,756;5180;9604,3
Ses01M_script02_1_M046,Ses01M,private,train,757;5181;9605,3
Ses01M_script02_2_F000,Ses01F,private,train,758;5182;9606,3
Ses01M_script02_2_F010,Ses01F,private,train,759;5183;9607,3
Ses01M_script02_2_F011,Ses01F,private,train,760;5184;9608,3
Ses01M_script02_2_F013,Ses01F,private,train,761;5185;9609,3
Ses01M_script02_2_F014,Ses01F,private,train,762;5186;9610,3
Ses01M_script02_2_F015,Ses01F,private,train,763;5187;9611,3
Ses01M_script02_2_F016,Ses01F,private,train,764;5188;9612,3
Ses01M_script02_2_F019,Ses01F,private,train,765;5189;9613,3
Ses01M_script02_2_F022,Ses01F,private,train,766;5190;9614,3
Ses01M_script02_2_F024,Ses01F,private,train,767;5191;9615,3
Ses01M_script02_2_F025,Ses01F,private,dev,84,1
Ses01M_script02_2_F026,Ses01F,private,train,768;5192;9616,3
Ses01M_script02_2_F030,Ses01F,private,train,769;5193;9617,3
Ses01M_script02_2_F031,Ses01F,private,train,770;5194;9618,3
Ses01M_script02_2_F032,Ses01F,private,train,771;5195;9619,3
Ses01M_script02_2_F033,Ses01F,private,train,772;5196;9620,3
Ses01M_script02_2_F034,Ses01F,private,train,773;5197;9621,3
Ses01M_script02_2_F035,Ses01F,private,train,774;5198;9622,3
Ses01M_script02_2_F036,Ses01F,private,train,775;5199;9623,3
Ses01M_script02_2_F037,Ses01F,private,train,776;5200;9624,3
Ses01M_script02_2_F040,Ses01F,private,test,94,1
Ses01M_script02_2_F044,Ses01F,private,train,777;5201;9625,3
Ses01M_script02_2_F045,Ses01F,private,train,778;5202;9626,3
Ses01M_script02_2_F046,Ses01F,private,train,779;5203;9627,3
Ses01M_script02_2_F047,Ses01F,private,train,780;5204;9628,3
Ses01M_script02_2_M001,Ses01M,private,train,781;5205;9629,3
Ses01M_script02_2_M002,Ses01M,private,train,782;5206;9630,3
Ses01M_script02_2_M003,Ses01M,private,train,783;5207;9631,3
Ses01M_script02_2_M008,Ses01M,private,train,784;5208;9632,3
Ses01M_script02_2_M013,Ses01M,private,train,785;5209;9633,3
Ses01M_script02_2_M019,Ses01M,private,train,786;5210;9634,3
Ses01M_script02_2_M020,Ses01M,private,dev,85,1
Ses01M_script02_2_M021,Ses01M,private,train,787;5211;9635,3
Ses01M_script02_2_M022,Ses01M,private,train,788;5212;9636,3
Ses01M_script02_2_M023,Ses01M,private,train,789;5213;9637,3
Ses01M_script02_2_M025,Ses01M,private,train,790;5214;9638,3
Ses01M_script02_2_M027,Ses01M,private,test,95,1
Ses01M_script02_2_M028,Ses01M,private,train,791;5215;9639,3
Ses01M_script02_2_M029,Ses01M,private,train,792;5216;9640,3
Ses01M_script02_2_M030,Ses01M,private,train,793;5217;9641,3
Ses01M_script02_2_M033,Ses01M,private,train,794;5218;9642,3
Ses01M_script02_2_M035,Ses01M,private,train,795;5219;9643,3
Ses01M_script02_2_M037,Ses01M,private,train,796;5220;9644,3
Ses01M_script02_2_M038,Ses01M,private,train,797;5221;9645,3
Ses01M_script02_2_M039,Ses01M,private,train,798;5222;9646,3
Ses01M_script02_2_M040,Ses01M,private,dev,86,1
Ses01M_script02_2_M041,Ses01M,private,train,799;5223;9647,3
Ses01M_script02_2_M042,Ses01M,private,train,800;5224;9648,3
Ses01M_script02_2_M043,Ses01M,private,train,801;5225;9649,3
Ses01M_script02_2_M044,Ses01M,private,train,802;5226;9650,3
Ses01M_script02_2_M045,Ses01M,private,test,96,1
Ses01M_script02_2_M049,Ses01M,private,train,803;5227;9651,3
Ses01M_script02_2_M050,Ses01M,private,train,804;5228;9652,3
Ses01M_script02_2_M051,Ses01M,private,train,805;5229;9653,3
Ses01M_script02_2_M052,Ses01M,private,train,806;5230;9654,3
Ses01M_script02_2_M053,Ses01M,private,train,807;5231;9655,3
Ses01M_script02_2_M054,Ses01M,private,test,97,1
Ses01M_script03_1_F003,Ses01F,private,dev,87,1
Ses01M_script03_1_F004,Ses01F,private,train,808;5232;9656,3
Ses01M_script03_1_F007,Ses01F,private,train,809;5233;9657,3
Ses01M_script03_1_F008,Ses01F,private,train,810;5234;9658,3
Ses01M_script03_1_F009,Ses01F,private,train,811;5235;9659,3
Ses01M_script03_1_F010,Ses01F,private,train,812;5236;9660,3
Ses01M_script03_1_F011,Ses01F,private,train,813;5237;9661,3
Ses01M_script03_1_F014,Ses01F,private,test,98,1
Ses01M_script03_1_F015,Ses01F,private,train,814;5238;9662,3
Ses01M_script03_1_F017,Ses01F,private,train,815;5239;9663,3
Ses01M_script03_1_F018,Ses01F,private,train,816;5240;9664,3
Ses01M_script03_1_F019,Ses01F,private,train,817;5241;9665,3
Ses01M_script03_1_F021,Ses01F,private,train,818;5242;9666,3
Ses01M_script03_1_F024,Ses01F,private,train,819;5243;9667,3
Ses01M_script03_1_F030,Ses01F,private,train,820;5244;9668,3
Ses01M_script03_1_F031,Ses01F,private,train,821;5245;9669,3
Ses01M_script03_1_F034,Ses01F,private,train,822;5246;9670,3
Ses01M_script03_1_F036,Ses01F,private,train,823;5247;9671,3
Ses01M_script03_1_F037,Ses01F,private,train,824;5248;9672,3
Ses01M_script03_1_F038,Ses01F,private,train,825;5249;9673,3
Ses01M_script03_1_F039,Ses01F,private,train,826;5250;9674,3
Ses01M_script03_1_F040,Ses01F,private,train,827;5251;9675,3
Ses01M_script03_1_F041,Ses01F,private,train,828;5252;9676,3
Ses01M_script03_1_M004,Ses01M,private,train,829;5253;9677,3
Ses01M_script03_1_M010,Ses01M,private,test,99,1
Ses01M_script03_1_M011,Ses01M,private,train,830;5254;9678,3
Ses01M_script03_1_M012,Ses01M,private,train,831;5255;9679,3
Ses01M_script03_1_M013,Ses01M,private,train,832;5256;9680,3
Ses01M_script03_1_M014,Ses01M,private,test,100,1
Ses01M_script03_1_M016,Ses01M,private,train,833;5257;9681,3
Ses01M_script03_1_M017,Ses01M,private,train,834;5258;9682,3
Ses01M_script03_1_M019,Ses01M,private,train,835;5259;9683,3
Ses01M_script03_1_M021,Ses01M,private,test,101,1
Ses01M_script03_1_M022,Ses01M,private,train,836;5260;9684,3
Ses01M_script03_1_M028,Ses01M,private,train,837;5261;9685,3
Ses01M_script03_1_M029,Ses01M,private,train,838;5262;9686,3
Ses01M_script03_1_M030,Ses01M,private,train,839;5263;9687,3
Ses01M_script03_1_M031,Ses01M,private,train,840;5264;9688,3
Ses01M_script03_1_M033,Ses01M,private,train,841;5265;9689,3
Ses01M_script03_1_M037,Ses01M,private,dev,88,1
Ses01M_script03_1_M039,Ses01M,private,train,842;5266;9690,3
Ses01M_script03_1_M040,Ses01M,private,train,843;5267;9691,3
Ses01M_script03_1_M041,Ses01M,private,train,844;5268;9692,3
Ses01M_script03_2_F006,Ses01F,private,train,845;5269;9693,3
Ses01M_script03_2_F010,Ses01F,private,train,846;5270;9694,3
Ses01M_script03_2_F011,Ses01F,private,train,847;5271;9695,3
Ses01M_script03_2_F015,Ses01F,private,train,848;5272;9696,3
Ses01M_script03_2_F017,Ses01F,private,dev,89,1
Ses01M_script03_2_F022,Ses01F,private,train,849;5273;9697,3
Ses01M_script03_2_F023,Ses01F,private,test,102,1
Ses01M_script03_2_F024,Ses01F,private,train,850;5274;9698,3
Ses01M_script03_2_F025,Ses01F,private,train,851;5275;9699,3
Ses01M_script03_2_F026,Ses01F,private,train,852;5276;9700,3
Ses01M_script03_2_F027,Ses01F,private,train,853;5277;9701,3
Ses01M_script03_2_F028,Ses01F,private,train,854;5278;9702,3
Ses01M_script03_2_F029,Ses01F,private,train,855;5279;9703,3
Ses01M_script03_2_F030,Ses01F,private,train,856;5280;9704,3
Ses01M_script03_2_F031,Ses01F,private,train,857;5281;9705,3
Ses01M_script03_2_F033,Ses01F,private,train,858;5282;9706,3
Ses01M_script03_2_F034,Ses01F,private,train,859;5283;9707,3
Ses01M_script03_2_F035,Ses01F,private,test,103,1
Ses01M_script03_2_F036,Ses01F,private,test,104,1
Ses01M_script03_2_F037,Ses01F,private,train,860;5284;9708,3
Ses01M_script03_2_F038,Ses01F,private,train,861;5285;9709,3
Ses01M_script03_2_F039,Ses01F,private,train,862;5286;9710,3
Ses01M_script03_2_F040,Ses01F,private,dev,90,1
Ses01M_script03_2_F041,Ses01F,private,dev,91,1
Ses01M_script03_2_M012,Ses01M,private,train,863;5287;9711,3
Ses01M_script03_2_M013,Ses01M,private,dev,92,1
Ses01M_script03_2_M018,Ses01M,private,test,105,1
Ses01M_script03_2_M022,Ses01M,private,train,864;5288;9712,3
Ses01M_script03_2_M023,Ses01M,private,train,865;5289;9713,3
Ses01M_script03_2_M024,Ses01M,private,train,866;5290;9714,3
Ses01M_script03_2_M025,Ses01M,private,train,867;5291;9715,3
Ses01M_script03_2_M026,Ses01M,private,train,868;5292;9716,3
Ses01M_script03_2_M027,Ses01M,private,train,869;5293;9717,3
Ses01M_script03_2_M028,Ses01M,private,train,870;5294;9718,3
Ses01M_script03_2_M029,Ses01M,private,train,871;5295;9719,3
Ses01M_script03_2_M030,Ses01M,private,train,872;5296;9720,3
Ses01M_script03_2_M031,Ses01M,private,test,106,1
Ses01M_script03_2_M032,Ses01M,private,dev,93,1
Ses01M_script03_2_M033,Ses01M,private,train,873;5297;9721,3
Ses01M_script03_2_M034,Ses01M,private,test,107,1
Ses01M_script03_2_M035,Ses01M,private,train,874;5298;9722,3
Ses01M_script03_2_M036,Ses01M,private,train,875;5299;9723,3
Ses01M_script03_2_M037,Ses01M,private,train,876;5300;9724,3
Ses01M_script03_2_M038,Ses01M,private,train,877;5301;9725,3
Ses01M_script03_2_M039,Ses01M,private,dev,94,1
Ses01M_script03_2_M040,Ses01M,private,train,878;5302;9726,3
Ses01M_script03_2_M041,Ses01M,private,train,879;5303;9727,3
Ses01M_script03_2_M042,Ses01M,private,train,880;5304;9728,3
Ses01M_script03_2_M043,Ses01M,private,train,881;5305;9729,3
Ses02F_impro01_F000,Ses02F,private,train,882;5306;9730,3
Ses02F_impro01_F018,Ses02F,private,train,883;5307;9731,3
Ses02F_impro01_F019,Ses02F,private,dev,95,1
Ses02F_impro01_F020,Ses02F,private,train,884;5308;9732,3
Ses02F_impro01_F021,Ses02F,private,dev,96,1
Ses02F_impro01_M000,Ses02M,private,test,108,1
Ses02F_impro01_M001,Ses02M,private,test,109,1
Ses02F_impro01_M002,Ses02M,private,train,885;5309;9733,3
Ses02F_impro01_M004,Ses02M,private,train,886;5310;9734,3
Ses02F_impro01_M017,Ses02M,private,dev,97,1
Ses02F_impro01_M019,Ses02M,private,train,887;5311;9735,3
Ses02F_impro02_F000,Ses02F,private,dev,98,1
Ses02F_impro02_F001,Ses02F,private,train,888;5312;9736,3
Ses02F_impro02_F002,Ses02F,private,train,889;5313;9737,3
Ses02F_impro02_F003,Ses02F,private,train,890;5314;9738,3
Ses02F_impro02_F004,Ses02F,private,train,891;5315;9739,3
Ses02F_impro02_F005,Ses02F,private,train,892;5316;9740,3
Ses02F_impro02_F006,Ses02F,private,test,110,1
Ses02F_impro02_F007,Ses02F,private,train,893;5317;9741,3
Ses02F_impro02_F008,Ses02F,private,train,894;5318;9742,3
Ses02F_impro02_F009,Ses02F,private,train,895;5319;9743,3
Ses02F_impro02_F010,Ses02F,private,test,111,1
Ses02F_impro02_F011,Ses02F,private,test,112,1
Ses02F_impro02_F012,Ses02F,private,test,113,1
Ses02F_impro02_F013,Ses02F,private,train,896;5320;9744,3
Ses02F_impro02_M007,Ses02M,private,train,897;5321;9745,3
Ses02F_impro02_M012,Ses02M,private,train,898;5322;9746,3
Ses02F_impro03_F000,Ses02F,private,train,899;5323;9747,3
Ses02F_impro03_F001,Ses02F,private,train,900;5324;9748,3
Ses02F_impro03_F004,Ses02F,private,train,901;5325;9749,3
Ses02F_impro03_F009,Ses02F,private,train,902;5326;9750,3
Ses02F_impro03_F011,Ses02F,private,train,903;5327;9751,3
Ses02F_impro03_F012,Ses02F,private,train,904;5328;9752,3
Ses02F_impro03_F013,Ses02F,private,dev,99,1
Ses02F_impro03_F014,Ses02F,private,dev,100,1
Ses02F_impro03_F015,Ses02F,private,train,905;5329;9753,3
Ses02F_impro03_F016,Ses02F,private,train,906;5330;9754,3
Ses02F_impro03_F017,Ses02F,private,train,907;5331;9755,3
Ses02F_impro03_F018,Ses02F,private,train,908;5332;9756,3
Ses02F_impro03_F019,Ses02F,private,train,909;5333;9757,3
Ses02F_impro03_F021,Ses02F,private,train,910;5334;9758,3
Ses02F_impro03_F023,Ses02F,private,train,911;5335;9759,3
Ses02F_impro03_F024,Ses02F,private,train,912;5336;9760,3
Ses02F_impro03_F026,Ses02F,private,train,913;5337;9761,3
Ses02F_impro03_F027,Ses02F,private,test,114,1
Ses02F_impro03_F028,Ses02F,private,train,914;5338;9762,3
Ses02F_impro03_F029,Ses02F,private,train,915;5339;9763,3
Ses02F_impro03_F030,Ses02F,private,train,916;5340;9764,3
Ses02F_impro03_M001,Ses02M,private,train,917;5341;9765,3
Ses02F_impro03_M004,Ses02M,private,train,918;5342;9766,3
Ses02F_impro03_M005,Ses02M,private,train,919;5343;9767,3
Ses02F_impro03_M009,Ses02M,private,dev,101,1
Ses02F_impro03_M010,Ses02M,private,train,920;5344;9768,3
Ses02F_impro03_M011,Ses02M,private,train,921;5345;9769,3
Ses02F_impro03_M012,Ses02M,private,train,922;5346;9770,3
Ses02F_impro03_M013,Ses02M,private,dev,102,1
Ses02F_impro03_M014,Ses02M,private,train,923;5347;9771,3
Ses02F_impro03_M015,Ses02M,private,dev,103,1
Ses02F_impro03_M016,Ses02M,private,train,924;5348;9772,3
Ses02F_impro03_M017,Ses02M,private,train,925;5349;9773,3
Ses02F_impro03_M018,Ses02M,private,train,926;5350;9774,3
Ses02F_impro03_M019,Ses02M,private,train,927;5351;9775,3
Ses02F_impro03_M020,Ses02M,private,train,928;5352;9776,3
Ses02F_impro03_M022,Ses02M,private,train,929;5353;9777,3
Ses02F_impro03_M023,Ses02M,private,train,930;5354;9778,3
Ses02F_impro03_M024,Ses02M,private,train,931;5355;9779,3
Ses02F_impro03_M025,Ses02M,private,train,932;5356;9780,3
Ses02F_impro03_M026,Ses02M,private,train,933;5357;9781,3
Ses02F_impro04_F009,Ses02F,private,test,115,1
Ses02F_impro04_F016,Ses02F,private,train,934;5358;9782,3
Ses02F_impro04_M000,Ses02M,private,train,935;5359;9783,3
Ses02F_impro04_M001,Ses02M,private,train,936;5360;9784,3
Ses02F_impro04_M003,Ses02M,private,train,937;5361;9785,3
Ses02F_impro04_M004,Ses02M,private,train,938;5362;9786,3
Ses02F_impro04_M005,Ses02M,private,train,939;5363;9787,3
Ses02F_impro04_M006,Ses02M,private,train,940;5364;9788,3
Ses02F_impro04_M007,Ses02M,private,train,941;5365;9789,3
Ses02F_impro04_M008,Ses02M,private,train,942;5366;9790,3
Ses02F_impro04_M009,Ses02M,private,train,943;5367;9791,3
Ses02F_impro04_M010,Ses02M,private,train,944;5368;9792,3
Ses02F_impro04_M011,Ses02M,private,dev,104,1
Ses02F_impro04_M012,Ses02M,private,train,945;5369;9793,3
Ses02F_impro04_M013,Ses02M,private,train,946;5370;9794,3
Ses02F_impro04_M015,Ses02M,private,train,947;5371;9795,3
Ses02F_impro04_M016,Ses02M,private,train,948;5372;9796,3
Ses02F_impro04_M017,Ses02M,private,train,949;5373;9797,3
Ses02F_impro04_M018,Ses02M,private,train,950;5374;9798,3
Ses02F_impro04_M019,Ses02M,private,test,116,1
Ses02F_impro05_F000,Ses02F,private,train,951;5375;9799,3
Ses02F_impro05_F001,Ses02F,private,train,952;5376;9800,3
Ses02F_impro05_F004,Ses02F,private,train,953;5377;9801,3
Ses02F_impro05_F006,Ses02F,private,train,954;5378;9802,3
Ses02F_impro05_F010,Ses02F,private,train,955;5379;9803,3
Ses02F_impro05_F019,Ses02F,private,train,956;5380;9804,3
Ses02F_impro05_M000,Ses02M,private,train,957;5381;9805,3
Ses02F_impro05_M001,Ses02M,private,train,958;5382;9806,3
Ses02F_impro05_M002,Ses02M,private,train,959;5383;9807,3
Ses02F_impro05_M003,Ses02M,private,train,960;5384;9808,3
Ses02F_impro05_M004,Ses02M,private,train,961;5385;9809,3
Ses02F_impro05_M005,Ses02M,private,dev,105,1
Ses02F_impro05_M006,Ses02M,private,dev,106,1
Ses02F_impro05_M007,Ses02M,private,dev,107,1
Ses02F_impro05_M008,Ses02M,private,train,962;5386;9810,3
Ses02F_impro05_M009,Ses02M,private,train,963;5387;9811,3
Ses02F_impro05_M010,Ses02M,private,train,964;5388;9812,3
Ses02F_impro05_M011,Ses02M,private,train,965;5389;9813,3
Ses02F_impro05_M012,Ses02M,private,train,966;5390;9814,3
Ses02F_impro05_M013,Ses02M,private,train,967;5391;9815,3
Ses02F_impro05_M014,Ses02M,private,train,968;5392;9816,3
Ses02F_impro05_M015,Ses02M,private,train,969;5393;9817,3
Ses02F_impro05_M016,Ses02M,private,train,970;5394;9818,3
Ses02F_impro05_M017,Ses02M,private,dev,108,1
Ses02F_impro05_M018,Ses02M,private,train,971;5395;9819,3
Ses02F_impro05_M019,Ses02M,private,train,972;5396;9820,3
Ses02F_impro05_M020,Ses02M,private,train,973;5397;9821,3
Ses02F_impro05_M021,Ses02M,private,train,974;5398;9822,3
Ses02F_impro06_F000,Ses02F,private,train,975;5399;9823,3
Ses02F_impro06_F001,Ses02F,private,train,976;5400;9824,3
Ses02F_impro06_F002,Ses02F,private,train,977;5401;9825,3
Ses02F_impro06_F003,Ses02F,private,train,978;5402;9826,3
Ses02F_impro06_F004,Ses02F,private,train,979;5403;9827,3
Ses02F_impro06_F005,Ses02F,private,train,980;5404;9828,3
Ses02F_impro06_F006,Ses02F,private,train,981;5405;9829,3
Ses02F_impro06_F007,Ses02F,private,test,117,1
Ses02F_impro06_F008,Ses02F,private,test,118,1
Ses02F_impro06_F009,Ses02F,private,dev,109,1
Ses02F_impro06_F010,Ses02F,private,train,982;5406;9830,3
Ses02F_impro06_F011,Ses02F,private,train,983;5407;9831,3
Ses02F_impro06_F012,Ses02F,private,train,984;5408;9832,3
Ses02F_impro06_F013,Ses02F,private,train,985;5409;9833,3
Ses02F_impro06_F014,Ses02F,private,train,986;5410;9834,3
Ses02F_impro06_M000,Ses02M,private,train,987;5411;9835,3
Ses02F_impro06_M001,Ses02M,private,train,988;5412;9836,3
Ses02F_impro06_M002,Ses02M,private,test,119,1
Ses02F_impro06_M003,Ses02M,private,train,989;5413;9837,3
Ses02F_impro06_M004,Ses02M,private,train,990;5414;9838,3
Ses02F_impro06_M005,Ses02M,private,test,120,1
Ses02F_impro06_M006,Ses02M,private,train,991;5415;9839,3
Ses02F_impro06_M007,Ses02M,private,dev,110,1
Ses02F_impro06_M008,Ses02M,private,train,992;5416;9840,3
Ses02F_impro06_M009,Ses02M,private,train,993;5417;9841,3
Ses02F_impro06_M010,Ses02M,private,train,994;5418;9842,3
Ses02F_impro06_M011,Ses02M,private,train,995;5419;9843,3
Ses02F_impro06_M012,Ses02M,private,train,996;5420;9844,3
Ses02F_impro06_M013,Ses02M,private,train,997;5421;9845,3
Ses02F_impro06_M014,Ses02M,private,test,121,1
Ses02F_impro06_M015,Ses02M,private,train,998;5422;9846,3
Ses02F_impro06_M016,Ses02M,private,train,999;5423;9847,3
Ses02F_impro06_M017,Ses02M,private,test,122,1
Ses02F_impro06_M018,Ses02M,private,train,1000;5424;9848,3
Ses02F_impro06_M019,Ses02M,private,train,1001;5425;9849,3
Ses02F_impro07_F001,Ses02F,private,test,123,1
Ses02F_impro07_F002,Ses02F,private,train,1002;5426;9850,3
Ses02F_impro07_F003,Ses02F,private,train,1003;5427;9851,3
Ses02F_impro07_F004,Ses02F,private,train,1004;5428;9852,3
Ses02F_impro07_F005,Ses02F,private,train,1005;5429;9853,3
Ses02F_impro07_F006,Ses02F,private,train,1006;5430;9854,3
Ses02F_impro07_F007,Ses02F,private,train,1007;5431;9855,3
Ses02F_impro07_F008,Ses02F,private,train,1008;5432;9856,3
Ses02F_impro07_F009,Ses02F,private,train,1009;5433;9857,3
Ses02F_impro07_F010,Ses02F,private,train,1010;5434;9858,3
Ses02F_impro07_F011,Ses02F,private,train,1011;5435;9859,3
Ses02F_impro07_F012,Ses02F,private,train,1012;5436;9860,3
Ses02F_impro07_F013,Ses02F,private,train,1013;5437;9861,3
Ses02F_impro07_F014,Ses02F,private,train,1014;5438;9862,3
Ses02F_impro07_F015,Ses02F,private,test,124,1
Ses02F_impro07_F016,Ses02F,private,test,125,1
Ses02F_impro07_F017,Ses02F,private,train,1015;5439;9863,3
Ses02F_impro07_F018,Ses02F,private,test,126,1
Ses02F_impro07_F019,Ses02F,private,train,1016;5440;9864,3
Ses02F_impro07_F020,Ses02F,private,train,1017;5441;9865,3
Ses02F_impro07_F021,Ses02F,private,train,1018;5442;9866,3
Ses02F_impro07_F022,Ses02F,private,train,1019;5443;9867,3
Ses02F_impro07_F023,Ses02F,private,train,1020;5444;9868,3
Ses02F_impro07_F024,Ses02F,private,train,1021;5445;9869,3
Ses02F_impro07_F025,Ses02F,private,train,1022;5446;9870,3
Ses02F_impro07_F026,Ses02F,private,train,1023;5447;9871,3
Ses02F_impro07_F027,Ses02F,private,dev,111,1
Ses02F_impro07_F028,Ses02F,private,train,1024;5448;9872,3
Ses02F_impro07_F029,Ses02F,private,train,1025;5449;9873,3
Ses02F_impro07_F030,Ses02F,private,dev,112,1
Ses02F_impro07_F031,Ses02F,private,train,1026;5450;9874,3
Ses02F_impro07_F032,Ses02F,private,train,1027;5451;9875,3
Ses02F_impro07_F033,Ses02F,private,train,1028;5452;9876,3
Ses02F_impro07_F034,Ses02F,private,test,127,1
Ses02F_impro07_F035,Ses02F,private,dev,113,1
Ses02F_impro07_F036,Ses02F,private,train,1029;5453;9877,3
Ses02F_impro07_F037,Ses02F,private,train,1030;5454;9878,3
Ses02F_impro07_M000,Ses02M,private,dev,114,1
Ses02F_impro07_M001,Ses02M,private,train,1031;5455;9879,3
Ses02F_impro07_M002,Ses02M,private,train,1032;5456;9880,3
Ses02F_impro07_M003,Ses02M,private,train,1033;5457;9881,3
Ses02F_impro07_M004,Ses02M,private,train,1034;5458;9882,3
Ses02F_impro07_M005,Ses02M,private,train,1035;5459;9883,3
Ses02F_impro07_M006,Ses02M,private,train,1036;5460;9884,3
Ses02F_impro07_M007,Ses02M,private,dev,115,1
Ses02F_impro07_M008,Ses02M,private,train,1037;5461;9885,3
Ses02F_impro07_M009,Ses02M,private,train,1038;5462;9886,3
Ses02F_impro07_M010,Ses02M,private,train,1039;5463;9887,3
Ses02F_impro07_M011,Ses02M,private,train,1040;5464;9888,3
Ses02F_impro07_M016,Ses02M,private,train,1041;5465;9889,3
Ses02F_impro07_M017,Ses02M,private,train,1042;5466;9890,3
Ses02F_impro07_M018,Ses02M,private,train,1043;5467;9891,3
Ses02F_impro07_M019,Ses02M,private,test,128,1
Ses02F_impro07_M023,Ses02M,private,train,1044;5468;9892,3
Ses02F_impro07_M027,Ses02M,private,dev,116,1
Ses02F_impro07_M028,Ses02M,private,train,1045;5469;9893,3
Ses02F_impro07_M029,Ses02M,private,train,1046;5470;9894,3
Ses02F_impro07_M034,Ses02M,private,train,1047;5471;9895,3
Ses02F_impro08_F000,Ses02F,private,train,1048;5472;9896,3
Ses02F_impro08_F001,Ses02F,private,train,1049;5473;9897,3
Ses02F_impro08_F002,Ses02F,private,train,1050;5474;9898,3
Ses02F_impro08_F003,Ses02F,private,train,1051;5475;9899,3
Ses02F_impro08_F004,Ses02F,private,train,1052;5476;9900,3
Ses02F_impro08_F005,Ses02F,private,train,1053;5477;9901,3
Ses02F_impro08_F006,Ses02F,private,dev,117,1
Ses02F_impro08_F007,Ses02F,private,train,1054;5478;9902,3
Ses02F_impro08_F008,Ses02F,private,train,1055;5479;9903,3
Ses02F_impro08_F009,Ses02F,private,train,1056;5480;9904,3
Ses02F_impro08_F010,Ses02F,private,train,1057;5481;9905,3
Ses02F_impro08_F011,Ses02F,private,train,1058;5482;9906,3
Ses02F_impro08_F012,Ses02F,private,train,1059;5483;9907,3
Ses02F_impro08_F013,Ses02F,private,train,1060;5484;9908,3
Ses02F_impro08_F014,Ses02F,private,test,129,1
Ses02F_impro08_F015,Ses02F,private,train,1061;5485;9909,3
Ses02F_impro08_F016,Ses02F,private,train,1062;5486;9910,3
Ses02F_impro08_F017,Ses02F,private,train,1063;5487;9911,3
Ses02F_impro08_F018,Ses02F,private,train,1064;5488;9912,3
Ses02F_impro08_F019,Ses02F,private,train,1065;5489;9913,3
Ses02F_impro08_F020,Ses02F,private,train,1066;5490;9914,3
Ses02F_impro08_F021,Ses02F,private,dev,118,1
Ses02F_impro08_F022,Ses02F,private,train,1067;5491;9915,3
Ses02F_impro08_F023,Ses02F,private,test,130,1
Ses02F_impro08_F024,Ses02F,private,dev,119,1
Ses02F_impro08_F025,Ses02F,private,train,1068;5492;9916,3
Ses02F_impro08_F026,Ses02F,private,train,1069;5493;9917,3
Ses02F_impro08_F027,Ses02F,private,train,1070;5494;9918,3
Ses02F_impro08_M003,Ses02M,private,dev,120,1
Ses02F_impro08_M005,Ses02M,private,train,1071;5495;9919,3
Ses02F_impro08_M006,Ses02M,private,dev,121,1
Ses02F_impro08_M007,Ses02M,private,train,1072;5496;9920,3
Ses02F_impro08_M008,Ses02M,private,train,1073;5497;9921,3
Ses02F_impro08_M009,Ses02M,private,train,1074;5498;9922,3
Ses02F_impro08_M010,Ses02M,private,train,1075;5499;9923,3
Ses02F_impro08_M011,Ses02M,private,train,1076;5500;9924,3
Ses02F_impro08_M012,Ses02M,private,train,1077;5501;9925,3
Ses02F_impro08_M013,Ses02M,private,train,1078;5502;9926,3
Ses02F_impro08_M015,Ses02M,private,train,1079;5503;9927,3
Ses02F_impro08_M016,Ses02M,private,dev,122,1
Ses02F_impro08_M018,Ses02M,private,train,1080;5504;9928,3
Ses02F_impro08_M019,Ses02M,private,train,1081;5505;9929,3
Ses02F_script01_1_F004,Ses02F,private,train,1082;5506;9930,3
Ses02F_script01_1_F005,Ses02F,private,train,1083;5507;9931,3
Ses02F_script01_1_F006,Ses02F,private,train,1084;5508;9932,3
Ses02F_script01_1_F017,Ses02F,private,train,1085;5509;9933,3
Ses02F_script01_1_F018,Ses02F,private,dev,123,1
Ses02F_script01_1_F019,Ses02F,private,train,1086;5510;9934,3
Ses02F_script01_1_F021,Ses02F,private,train,1087;5511;9935,3
Ses02F_script01_1_F025,Ses02F,private,train,1088;5512;9936,3
Ses02F_script01_1_F026,Ses02F,private,train,1089;5513;9937,3
Ses02F_script01_1_F027,Ses02F,private,test,131,1
Ses02F_script01_1_F028,Ses02F,private,train,1090;5514;9938,3
Ses02F_script01_1_F036,Ses02F,private,train,1091;5515;9939,3
Ses02F_script01_1_F037,Ses02F,private,test,132,1
Ses02F_script01_1_F038,Ses02F,private,dev,124,1
Ses02F_script01_1_F040,Ses02F,private,dev,125,1
Ses02F_script01_1_F044,Ses02F,private,train,1092;5516;9940,3
Ses02F_script01_1_M011,Ses02M,private,train,1093;5517;9941,3
Ses02F_script01_1_M013,Ses02M,private,train,1094;5518;9942,3
Ses02F_script01_1_M017,Ses02M,private,train,1095;5519;9943,3
Ses02F_script01_1_M021,Ses02M,private,train,1096;5520;9944,3
Ses02F_script01_1_M023,Ses02M,private,train,1097;5521;9945,3
Ses02F_script01_1_M025,Ses02M,private,train,1098;5522;9946,3
Ses02F_script01_1_M027,Ses02M,private,train,1099;5523;9947,3
Ses02F_script01_1_M029,Ses02M,private,train,1100;5524;9948,3
Ses02F_script01_1_M036,Ses02M,private,train,1101;5525;9949,3
Ses02F_script01_1_M037,Ses02M,private,train,1102;5526;9950,3
Ses02F_script01_1_M038,Ses02M,private,train,1103;5527;9951,3
Ses02F_script01_1_M040,Ses02M,private,train,1104;5528;9952,3
Ses02F_script01_1_M043,Ses02M,private,train,1105;5529;9953,3
Ses02F_script01_1_M044,Ses02M,private,train,1106;5530;9954,3
Ses02F_script01_2_F005,Ses02F,private,train,1107;5531;9955,3
Ses02F_script01_2_F012,Ses02F,private,test,133,1
Ses02F_script01_2_F013,Ses02F,private,train,1108;5532;9956,3
Ses02F_script01_2_M001,Ses02M,private,train,1109;5533;9957,3
Ses02F_script01_2_M002,Ses02M,private,train,1110;5534;9958,3
Ses02F_script01_2_M004,Ses02M,private,dev,126,1
Ses02F_script01_2_M005,Ses02M,private,train,1111;5535;9959,3
Ses02F_script01_2_M006,Ses02M,private,train,1112;5536;9960,3
Ses02F_script01_2_M007,Ses02M,private,train,1113;5537;9961,3
Ses02F_script01_2_M008,Ses02M,private,train,1114;5538;9962,3
Ses02F_script01_2_M016,Ses02M,private,train,1115;5539;9963,3
Ses02F_script01_2_M017,Ses02M,private,train,1116;5540;9964,3
Ses02F_script01_2_M018,Ses02M,private,train,1117;5541;9965,3
Ses02F_script01_3_F009,Ses02F,private,test,134,1
Ses02F_script01_3_F012,Ses02F,private,train,1118;5542;9966,3
Ses02F_script01_3_F013,Ses02F,private,train,1119;5543;9967,3
Ses02F_script01_3_F014,Ses02F,private,dev,127,1
Ses02F_script01_3_F016,Ses02F,private,train,1120;5544;9968,3
Ses02F_script01_3_F020,Ses02F,private,train,1121;5545;9969,3
Ses02F_script01_3_F021,Ses02F,private,dev,128,1
Ses02F_script01_3_F022,Ses02F,private,train,1122;5546;9970,3
Ses02F_script01_3_F023,Ses02F,private,dev,129,1
Ses02F_script01_3_F024,Ses02F,private,train,1123;5547;9971,3
Ses02F_script01_3_F025,Ses02F,private,train,1124;5548;9972,3
Ses02F_script01_3_F026,Ses02F,private,train,1125;5549;9973,3
Ses02F_script01_3_F029,Ses02F,private,train,1126;5550;9974,3
Ses02F_script01_3_M001,Ses02M,private,train,1127;5551;9975,3
Ses02F_script01_3_M010,Ses02M,private,train,1128;5552;9976,3
Ses02F_script01_3_M020,Ses02M,private,train,1129;5553;9977,3
Ses02F_script01_3_M021,Ses02M,private,train,1130;5554;9978,3
Ses02F_script01_3_M022,Ses02M,private,test,135,1
Ses02F_script01_3_M023,Ses02M,private,train,1131;5555;9979,3
Ses02F_script01_3_M024,Ses02M,private,train,1132;5556;9980,3
Ses02F_script01_3_M025,Ses02M,private,train,1133;5557;9981,3
Ses02F_script01_3_M026,Ses02M,private,train,1134;5558;9982,3
Ses02F_script01_3_M027,Ses02M,private,test,136,1
Ses02F_script01_3_M028,Ses02M,private,dev,130,1
Ses02F_script01_3_M029,Ses02M,private,train,1135;5559;9983,3
Ses02F_script01_3_M030,Ses02M,private,train,1136;5560;9984,3
Ses02F_script01_3_M031,Ses02M,private,train,1137;5561;9985,3
Ses02F_script01_3_M032,Ses02M,private,train,1138;5562;9986,3
Ses02F_script01_3_M033,Ses02M,private,test,137,1
Ses02F_script01_3_M034,Ses02M,private,train,1139;5563;9987,3
Ses02F_script02_1_F001,Ses02F,private,train,1140;5564;9988,3
Ses02F_script02_1_F005,Ses02F,private,train,1141;5565;9989,3
Ses02F_script02_1_F019,Ses02F,private,train,1142;5566;9990,3
Ses02F_script02_1_F021,Ses02F,private,train,1143;5567;9991,3
Ses02F_script02_1_M000,Ses02M,private,train,1144;5568;9992,3
Ses02F_script02_1_M001,Ses02M,private,train,1145;5569;9993,3
Ses02F_script02_1_M002,Ses02M,private,train,1146;5570;9994,3
Ses02F_script02_1_M003,Ses02M,private,train,1147;5571;9995,3
Ses02F_script02_1_M004,Ses02M,private,train,1148;5572;9996,3
Ses02F_script02_1_M005,Ses02M,private,train,1149;5573;9997,3
Ses02F_script02_1_M006,Ses02M,private,train,1150;5574;9998,3
Ses02F_script02_1_M009,Ses02M,private,train,1151;5575;9999,3
Ses02F_script02_1_M010,Ses02M,private,train,1152;5576;10000,3
Ses02F_script02_1_M012,Ses02M,private,train,1153;5577;10001,3
Ses02F_script02_1_M013,Ses02M,private,test,138,1
Ses02F_script02_1_M014,Ses02M,private,train,1154;5578;10002,3
Ses02F_script02_1_M015,Ses02M,private,train,1155;5579;10003,3
Ses02F_script02_1_M016,Ses02M,private,train,1156;5580;10004,3
Ses02F_script02_1_M017,Ses02M,private,train,1157;5581;10005,3
Ses02F_script02_1_M019,Ses02M,private,train,1158;5582;10006,3
Ses02F_script02_1_M020,Ses02M,private,dev,131,1
Ses02F_script02_1_M021,Ses02M,private,test,139,1
Ses02F_script02_1_M024,Ses02M,private,train,1159;5583;10007,3
Ses02F_script02_1_M025,Ses02M,private,dev,132,1
Ses02F_script02_1_M026,Ses02M,private,train,1160;5584;10008,3
Ses02F_script02_1_M028,Ses02M,private,train,1161;5585;10009,3
Ses02F_script02_1_M031,Ses02M,private,train,1162;5586;10010,3
Ses02F_script02_1_M033,Ses02M,private,train,1163;5587;10011,3
Ses02F_script02_1_M035,Ses02M,private,train,1164;5588;10012,3
Ses02F_script02_1_M036,Ses02M,private,train,1165;5589;10013,3
Ses02F_script02_1_M039,Ses02M,private,train,1166;5590;10014,3
Ses02F_script02_1_M040,Ses02M,private,train,1167;5591;10015,3
Ses02F_script02_1_M041,Ses02M,private,train,1168;5592;10016,3
Ses02F_script02_1_M042,Ses02M,private,train,1169;5593;10017,3
Ses02F_script02_1_M043,Ses02M,private,train,1170;5594;10018,3
Ses02F_script02_1_M044,Ses02M,private,train,1171;5595;10019,3
Ses02F_script02_2_F000,Ses02F,private,train,1172;5596;10020,3
Ses02F_script02_2_F005,Ses02F,private,train,1173;5597;10021,3
Ses02F_script02_2_F006,Ses02F,private,test,140,1
Ses02F_script02_2_F011,Ses02F,private,train,1174;5598;10022,3
Ses02F_script02_2_F015,Ses02F,private,train,1175;5599;10023,3
Ses02F_script02_2_F016,Ses02F,private,train,1176;5600;10024,3
Ses02F_script02_2_F017,Ses02F,private,train,1177;5601;10025,3
Ses02F_script02_2_F018,Ses02F,private,train,1178;5602;10026,3
Ses02F_script02_2_F019,Ses02F,private,train,1179;5603;10027,3
Ses02F_script02_2_F020,Ses02F,private,train,1180;5604;10028,3
Ses02F_script02_2_F021,Ses02F,private,train,1181;5605;10029,3
Ses02F_script02_2_F022,Ses02F,private,dev,133,1
Ses02F_script02_2_F024,Ses02F,private,train,1182;5606;10030,3
Ses02F_script02_2_F031,Ses02F,private,test,141,1
Ses02F_script02_2_F033,Ses02F,private,train,1183;5607;10031,3
Ses02F_script02_2_F034,Ses02F,private,dev,134,1
Ses02F_script02_2_F035,Ses02F,private,train,1184;5608;10032,3
Ses02F_script02_2_F038,Ses02F,private,train,1185;5609;10033,3
Ses02F_script02_2_F041,Ses02F,private,train,1186;5610;10034,3
Ses02F_script02_2_F042,Ses02F,private,dev,135,1
Ses02F_script02_2_F043,Ses02F,private,train,1187;5611;10035,3
Ses02F_script02_2_F044,Ses02F,private,train,1188;5612;10036,3
Ses02F_script02_2_F045,Ses02F,private,train,1189;5613;10037,3
Ses02F_script02_2_M000,Ses02M,private,train,1190;5614;10038,3
Ses02F_script02_2_M001,Ses02M,private,train,1191;5615;10039,3
Ses02F_script02_2_M002,Ses02M,private,train,1192;5616;10040,3
Ses02F_script02_2_M003,Ses02M,private,train,1193;5617;10041,3
Ses02F_script02_2_M005,Ses02M,private,train,1194;5618;10042,3
Ses02F_script02_2_M007,Ses02M,private,train,1195;5619;10043,3
Ses02F_script02_2_M009,Ses02M,private,dev,136,1
Ses02F_script02_2_M010,Ses02M,private,train,1196;5620;10044,3
Ses02F_script02_2_M013,Ses02M,private,test,142,1
Ses02F_script02_2_M016,Ses02M,private,train,1197;5621;10045,3
Ses02F_script02_2_M017,Ses02M,private,dev,137,1
Ses02F_script02_2_M018,Ses02M,private,train,1198;5622;10046,3
Ses02F_script02_2_M019,Ses02M,private,test,143,1
Ses02F_script02_2_M020,Ses02M,private,test,144,1
Ses02F_script02_2_M021,Ses02M,private,train,1199;5623;10047,3
Ses02F_script02_2_M022,Ses02M,private,train,1200;5624;10048,3
Ses02F_script02_2_M023,Ses02M,private,dev,138,1
Ses02F_script02_2_M029,Ses02M,private,train,1201;5625;10049,3
Ses02F_script02_2_M031,Ses02M,private,train,1202;5626;10050,3
Ses02F_script02_2_M033,Ses02M,private,train,1203;5627;10051,3
Ses02F_script02_2_M034,Ses02M,private,train,1204;5628;10052,3
Ses02F_script02_2_M035,Ses02M,private,train,1205;5629;10053,3
Ses02F_script02_2_M036,Ses02M,private,train,1206;5630;10054,3
Ses02F_script02_2_M037,Ses02M,private,train,1207;5631;10055,3
Ses02F_script02_2_M038,Ses02M,private,train,1208;5632;10056,3
Ses02F_script02_2_M041,Ses02M,private,train,1209;5633;10057,3
Ses02F_script02_2_M042,Ses02M,private,train,1210;5634;10058,3
Ses02F_script02_2_M043,Ses02M,private,train,1211;5635;10059,3
Ses02F_script02_2_M045,Ses02M,private,train,1212;5636;10060,3
Ses02F_script02_2_M046,Ses02M,private,train,1213;5637;10061,3
Ses02F_script03_1_F005,Ses02F,private,train,1214;5638;10062,3
Ses02F_script03_1_F006,Ses02F,private,test,145,1
Ses02F_script03_1_F007,Ses02F,private,train,1215;5639;10063,3
Ses02F_script03_1_F008,Ses02F,private,train,1216;5640;10064,3
Ses02F_script03_1_F009,Ses02F,private,train,1217;5641;10065,3
Ses02F_script03_1_F010,Ses02F,private,train,1218;5642;10066,3
Ses02F_script03_1_F012,Ses02F,private,train,1219;5643;10067,3
Ses02F_script03_1_F013,Ses02F,private,test,146,1
Ses02F_script03_1_F014,Ses02F,private,dev,139,1
Ses02F_script03_1_F015,Ses02F,private,train,1220;5644;10068,3
Ses02F_script03_1_F016,Ses02F,private,dev,140,1
Ses02F_script03_1_F017,Ses02F,private,train,1221;5645;10069,3
Ses02F_script03_1_F019,Ses02F,private,train,1222;5646;10070,3
Ses02F_script03_1_F020,Ses02F,private,train,1223;5647;10071,3
Ses02F_script03_1_F021,Ses02F,private,train,1224;5648;10072,3
Ses02F_script03_1_F022,Ses02F,private,train,1225;5649;10073,3
Ses02F_script03_1_F023,Ses02F,private,train,1226;5650;10074,3
Ses02F_script03_1_F024,Ses02F,private,train,1227;5651;10075,3
Ses02F_script03_1_F025,Ses02F,private,train,1228;5652;10076,3
Ses02F_script03_1_F026,Ses02F,private,test,147,1
Ses02F_script03_1_F027,Ses02F,private,train,1229;5653;10077,3
Ses02F_script03_1_F028,Ses02F,private,train,1230;5654;10078,3
Ses02F_script03_1_F029,Ses02F,private,dev,141,1
Ses02F_script03_1_M001,Ses02M,private,train,1231;5655;10079,3
Ses02F_script03_1_M004,Ses02M,private,train,1232;5656;10080,3
Ses02F_script03_1_M005,Ses02M,private,train,1233;5657;10081,3
Ses02F_script03_1_M007,Ses02M,private,dev,142,1
Ses02F_script03_1_M008,Ses02M,private,train,1234;5658;10082,3
Ses02F_script03_1_M009,Ses02M,private,train,1235;5659;10083,3
Ses02F_script03_1_M010,Ses02M,private,train,1236;5660;10084,3
Ses02F_script03_1_M012,Ses02M,private,test,148,1
Ses02F_script03_1_M013,Ses02M,private,train,1237;5661;10085,3
Ses02F_script03_1_M014,Ses02M,private,test,149,1
Ses02F_script03_1_M015,Ses02M,private,train,1238;5662;10086,3
Ses02F_script03_1_M016,Ses02M,private,dev,143,1
Ses02F_script03_1_M017,Ses02M,private,train,1239;5663;10087,3
Ses02F_script03_1_M018,Ses02M,private,train,1240;5664;10088,3
Ses02F_script03_1_M019,Ses02M,private,train,1241;5665;10089,3
Ses02F_script03_1_M020,Ses02M,private,train,1242;5666;10090,3
Ses02F_script03_1_M021,Ses02M,private,train,1243;5667;10091,3
Ses02F_script03_1_M022,Ses02M,private,train,1244;5668;10092,3
Ses02F_script03_1_M023,Ses02M,private,train,1245;5669;10093,3
Ses02F_script03_1_M024,Ses02M,private,train,1246;5670;10094,3
Ses02F_script03_1_M025,Ses02M,private,train,1247;5671;10095,3
Ses02F_script03_1_M026,Ses02M,private,train,1248;5672;10096,3
Ses02F_script03_1_M028,Ses02M,private,dev,144,1
Ses02F_script03_1_M029,Ses02M,private,train,1249;5673;10097,3
Ses02F_script03_1_M031,Ses02M,private,train,1250;5674;10098,3
Ses02F_script03_1_M032,Ses02M,private,train,1251;5675;10099,3
Ses02F_script03_1_M033,Ses02M,private,train,1252;5676;10100,3
Ses02F_script03_1_M034,Ses02M,private,train,1253;5677;10101,3
Ses02F_script03_2_F007,Ses02F,private,train,1254;5678;10102,3
Ses02F_script03_2_F011,Ses02F,private,test,150,1
Ses02F_script03_2_F012,Ses02F,private,train,1255;5679;10103,3
Ses02F_script03_2_F013,Ses02F,private,train,1256;5680;10104,3
Ses02F_script03_2_F014,Ses02F,private,train,1257;5681;10105,3
Ses02F_script03_2_F016,Ses02F,private,train,1258;5682;10106,3
Ses02F_script03_2_F018,Ses02F,private,train,1259;5683;10107,3
Ses02F_script03_2_F020,Ses02F,private,train,1260;5684;10108,3
Ses02F_script03_2_F025,Ses02F,private,train,1261;5685;10109,3
Ses02F_script03_2_F029,Ses02F,private,train,1262;5686;10110,3
Ses02F_script03_2_F031,Ses02F,private,test,151,1
Ses02F_script03_2_F034,Ses02F,private,train,1263;5687;10111,3
Ses02F_script03_2_F035,Ses02F,private,test,152,1
Ses02F_script03_2_F036,Ses02F,private,train,1264;5688;10112,3
Ses02F_script03_2_F037,Ses02F,private,train,1265;5689;10113,3
Ses02F_script03_2_F038,Ses02F,private,train,1266;5690;10114,3
Ses02F_script03_2_F039,Ses02F,private,train,1267;5691;10115,3
Ses02F_script03_2_F040,Ses02F,private,train,1268;5692;10116,3
Ses02F_script03_2_F041,Ses02F,private,train,1269;5693;10117,3
Ses02F_script03_2_F042,Ses02F,private,dev,145,1
Ses02F_script03_2_F043,Ses02F,private,train,1270;5694;10118,3
Ses02F_script03_2_M000,Ses02M,private,train,1271;5695;10119,3
Ses02F_script03_2_M001,Ses02M,private,train,1272;5696;10120,3
Ses02F_script03_2_M006,Ses02M,private,train,1273;5697;10121,3
Ses02F_script03_2_M007,Ses02M,private,train,1274;5698;10122,3
Ses02F_script03_2_M009,Ses02M,private,train,1275;5699;10123,3
Ses02F_script03_2_M011,Ses02M,private,test,153,1
Ses02F_script03_2_M013,Ses02M,private,train,1276;5700;10124,3
Ses02F_script03_2_M027,Ses02M,private,train,1277;5701;10125,3
Ses02F_script03_2_M030,Ses02M,private,dev,146,1
Ses02F_script03_2_M036,Ses02M,private,train,1278;5702;10126,3
Ses02F_script03_2_M037,Ses02M,private,train,1279;5703;10127,3
Ses02F_script03_2_M038,Ses02M,private,train,1280;5704;10128,3
Ses02F_script03_2_M039,Ses02M,private,train,1281;5705;10129,3
Ses02F_script03_2_M041,Ses02M,private,train,1282;5706;10130,3
Ses02F_script03_2_M042,Ses02M,private,test,154,1
Ses02F_script03_2_M043,Ses02M,private,train,1283;5707;10131,3
Ses02F_script03_2_M044,Ses02M,private,train,1284;5708;10132,3
Ses02F_script03_2_M045,Ses02M,private,train,1285;5709;10133,3
Ses02F_script03_2_M046,Ses02M,private,train,1286;5710;10134,3
Ses02F_script03_2_M047,Ses02M,private,train,1287;5711;10135,3
Ses02M_impro01_F000,Ses02F,private,train,1288;5712;10136,3
Ses02M_impro01_F001,Ses02F,private,train,1289;5713;10137,3
Ses02M_impro01_F002,Ses02F,private,dev,147,1
Ses02M_impro01_F003,Ses02F,private,train,1290;5714;10138,3
Ses02M_impro01_F004,Ses02F,private,test,155,1
Ses02M_impro01_F005,Ses02F,private,train,1291;5715;10139,3
Ses02M_impro01_F006,Ses02F,private,train,1292;5716;10140,3
Ses02M_impro01_F015,Ses02F,private,dev,148,1
Ses02M_impro01_F016,Ses02F,private,train,1293;5717;10141,3
Ses02M_impro01_M001,Ses02M,private,train,1294;5718;10142,3
Ses02M_impro01_M002,Ses02M,private,test,156,1
Ses02M_impro01_M003,Ses02M,private,train,1295;5719;10143,3
Ses02M_impro01_M004,Ses02M,private,train,1296;5720;10144,3
Ses02M_impro01_M005,Ses02M,private,train,1297;5721;10145,3
Ses02M_impro01_M007,Ses02M,private,train,1298;5722;10146,3
Ses02M_impro01_M008,Ses02M,private,dev,149,1
Ses02M_impro01_M009,Ses02M,private,train,1299;5723;10147,3
Ses02M_impro01_M010,Ses02M,private,train,1300;5724;10148,3
Ses02M_impro01_M011,Ses02M,private,train,1301;5725;10149,3
Ses02M_impro01_M018,Ses02M,private,train,1302;5726;10150,3
Ses02M_impro01_M019,Ses02M,private,train,1303;5727;10151,3
Ses02M_impro02_F000,Ses02F,private,train,1304;5728;10152,3
Ses02M_impro02_F001,Ses02F,private,train,1305;5729;10153,3
Ses02M_impro02_F002,Ses02F,private,train,1306;5730;10154,3
Ses02M_impro02_F003,Ses02F,private,train,1307;5731;10155,3
Ses02M_impro02_F004,Ses02F,private,train,1308;5732;10156,3
Ses02M_impro02_F005,Ses02F,private,train,1309;5733;10157,3
Ses02M_impro02_F006,Ses02F,private,train,1310;5734;10158,3
Ses02M_impro02_F007,Ses02F,private,train,1311;5735;10159,3
Ses02M_impro02_F008,Ses02F,private,train,1312;5736;10160,3
Ses02M_impro02_F009,Ses02F,private,train,1313;5737;10161,3
Ses02M_impro02_F010,Ses02F,private,train,1314;5738;10162,3
Ses02M_impro02_F012,Ses02F,private,train,1315;5739;10163,3
Ses02M_impro02_F013,Ses02F,private,train,1316;5740;10164,3
Ses02M_impro02_F014,Ses02F,private,train,1317;5741;10165,3
Ses02M_impro02_M000,Ses02M,private,dev,150,1
Ses02M_impro02_M001,Ses02M,private,train,1318;5742;10166,3
Ses02M_impro02_M002,Ses02M,private,train,1319;5743;10167,3
Ses02M_impro02_M007,Ses02M,private,test,157,1
Ses02M_impro02_M008,Ses02M,private,train,1320;5744;10168,3
Ses02M_impro02_M009,Ses02M,private,train,1321;5745;10169,3
Ses02M_impro02_M013,Ses02M,private,train,1322;5746;10170,3
Ses02M_impro02_M014,Ses02M,private,train,1323;5747;10171,3
Ses02M_impro02_M017,Ses02M,private,train,1324;5748;10172,3
Ses02M_impro02_M018,Ses02M,private,test,158,1
Ses02M_impro03_F000,Ses02F,private,train,1325;5749;10173,3
Ses02M_impro03_F001,Ses02F,private,train,1326;5750;10174,3
Ses02M_impro03_F003,Ses02F,private,dev,151,1
Ses02M_impro03_F004,Ses02F,private,train,1327;5751;10175,3
Ses02M_impro03_F005,Ses02F,private,train,1328;5752;10176,3
Ses02M_impro03_F007,Ses02F,private,train,1329;5753;10177,3
Ses02M_impro03_F008,Ses02F,private,train,1330;5754;10178,3
Ses02M_impro03_F011,Ses02F,private,train,1331;5755;10179,3
Ses02M_impro03_F012,Ses02F,private,dev,152,1
Ses02M_impro03_F013,Ses02F,private,train,1332;5756;10180,3
Ses02M_impro03_F014,Ses02F,private,train,1333;5757;10181,3
Ses02M_impro03_F015,Ses02F,private,train,1334;5758;10182,3
Ses02M_impro03_F016,Ses02F,private,train,1335;5759;10183,3
Ses02M_impro03_F017,Ses02F,private,train,1336;5760;10184,3
Ses02M_impro03_F018,Ses02F,private,train,1337;5761;10185,3
Ses02M_impro03_F020,Ses02F,private,dev,153,1
Ses02M_impro03_F023,Ses02F,private,dev,154,1
Ses02M_impro03_F024,Ses02F,private,train,1338;5762;10186,3
Ses02M_impro03_F028,Ses02F,private,train,1339;5763;10187,3
Ses02M_impro03_M000,Ses02M,private,train,1340;5764;10188,3
Ses02M_impro03_M001,Ses02M,private,train,1341;5765;10189,3
Ses02M_impro03_M005,Ses02M,private,train,1342;5766;10190,3
Ses02M_impro03_M008,Ses02M,private,train,1343;5767;10191,3
Ses02M_impro03_M009,Ses02M,private,train,1344;5768;10192,3
Ses02M_impro03_M010,Ses02M,private,train,1345;5769;10193,3
Ses02M_impro03_M011,Ses02M,private,dev,155,1
Ses02M_impro03_M012,Ses02M,private,train,1346;5770;10194,3
Ses02M_impro03_M014,Ses02M,private,train,1347;5771;10195,3
Ses02M_impro03_M015,Ses02M,private,test,159,1
Ses02M_impro03_M016,Ses02M,private,train,1348;5772;10196,3
Ses02M_impro03_M017,Ses02M,private,train,1349;5773;10197,3
Ses02M_impro03_M018,Ses02M,private,train,1350;5774;10198,3
Ses02M_impro03_M019,Ses02M,private,train,1351;5775;10199,3
Ses02M_impro03_M020,Ses02M,private,train,1352;5776;10200,3
Ses02M_impro03_M021,Ses02M,private,train,1353;5777;10201,3
Ses02M_impro03_M024,Ses02M,private,train,1354;5778;10202,3
Ses02M_impro03_M026,Ses02M,private,train,1355;5779;10203,3
Ses02M_impro03_M027,Ses02M,private,train,1356;5780;10204,3
Ses02M_impro03_M028,Ses02M,private,train,1357;5781;10205,3
Ses02M_impro03_M030,Ses02M,private,train,1358;5782;10206,3
Ses02M_impro03_M031,Ses02M,private,train,1359;5783;10207,3
Ses02M_impro04_F000,Ses02F,private,train,1360;5784;10208,3
Ses02M_impro04_F001,Ses02F,private,dev,156,1
Ses02M_impro04_F002,Ses02F,private,test,160,1
Ses02M_impro04_F003,Ses02F,private,test,161,1
Ses02M_impro04_F004,Ses02F,private,dev,157,1
Ses02M_impro04_F005,Ses02F,private,dev,158,1
Ses02M_impro04_F006,Ses02F,private,train,1361;5785;10209,3
Ses02M_impro04_F007,Ses02F,private,train,1362;5786;10210,3
Ses02M_impro04_F008,Ses02F,private,train,1363;5787;10211,3
Ses02M_impro04_F009,Ses02F,private,train,1364;5788;10212,3
Ses02M_impro04_F010,Ses02F,private,test,162,1
Ses02M_impro04_F011,Ses02F,private,train,1365;5789;10213,3
Ses02M_impro04_F012,Ses02F,private,dev,159,1
Ses02M_impro04_F014,Ses02F,private,train,1366;5790;10214,3
Ses02M_impro04_F015,Ses02F,private,train,1367;5791;10215,3
Ses02M_impro04_F016,Ses02F,private,train,1368;5792;10216,3
Ses02M_impro04_M014,Ses02M,private,train,1369;5793;10217,3
Ses02M_impro04_M019,Ses02M,private,train,1370;5794;10218,3
Ses02M_impro04_M022,Ses02M,private,train,1371;5795;10219,3
Ses02M_impro05_F000,Ses02F,private,train,1372;5796;10220,3
Ses02M_impro05_F001,Ses02F,private,train,1373;5797;10221,3
Ses02M_impro05_F002,Ses02F,private,train,1374;5798;10222,3
Ses02M_impro05_F003,Ses02F,private,train,1375;5799;10223,3
Ses02M_impro05_F004,Ses02F,private,dev,160,1
Ses02M_impro05_F005,Ses02F,private,test,163,1
Ses02M_impro05_F006,Ses02F,private,train,1376;5800;10224,3
Ses02M_impro05_F007,Ses02F,private,train,1377;5801;10225,3
Ses02M_impro05_F008,Ses02F,private,test,164,1
Ses02M_impro05_F009,Ses02F,private,train,1378;5802;10226,3
Ses02M_impro05_F010,Ses02F,private,train,1379;5803;10227,3
Ses02M_impro05_F011,Ses02F,private,train,1380;5804;10228,3
Ses02M_impro05_F012,Ses02F,private,train,1381;5805;10229,3
Ses02M_impro05_F013,Ses02F,private,dev,161,1
Ses02M_impro05_F014,Ses02F,private,test,165,1
Ses02M_impro05_F015,Ses02F,private,test,166,1
Ses02M_impro05_F016,Ses02F,private,test,167,1
Ses02M_impro05_F017,Ses02F,private,dev,162,1
Ses02M_impro05_F018,Ses02F,private,train,1382;5806;10230,3
Ses02M_impro05_F019,Ses02F,private,train,1383;5807;10231,3
Ses02M_impro05_F020,Ses02F,private,train,1384;5808;10232,3
Ses02M_impro05_F021,Ses02F,private,dev,163,1
Ses02M_impro05_F023,Ses02F,private,test,168,1
Ses02M_impro05_F024,Ses02F,private,train,1385;5809;10233,3
Ses02M_impro05_F025,Ses02F,private,train,1386;5810;10234,3
Ses02M_impro05_F026,Ses02F,private,test,169,1
Ses02M_impro05_M000,Ses02M,private,train,1387;5811;10235,3
Ses02M_impro05_M001,Ses02M,private,train,1388;5812;10236,3
Ses02M_impro05_M002,Ses02M,private,train,1389;5813;10237,3
Ses02M_impro05_M003,Ses02M,private,train,1390;5814;10238,3
Ses02M_impro05_M013,Ses02M,private,train,1391;5815;10239,3
Ses02M_impro05_M016,Ses02M,private,train,1392;5816;10240,3
Ses02M_impro05_M018,Ses02M,private,train,1393;5817;10241,3
Ses02M_impro05_M025,Ses02M,private,train,1394;5818;10242,3
Ses02M_impro05_M026,Ses02M,private,train,1395;5819;10243,3
Ses02M_impro06_F002,Ses02F,private,train,1396;5820;10244,3
Ses02M_impro06_F003,Ses02F,private,dev,164,1
Ses02M_impro06_F004,Ses02F,private,train,1397;5821;10245,3
Ses02M_impro06_F005,Ses02F,private,train,1398;5822;10246,3
Ses02M_impro06_F006,Ses02F,private,train,1399;5823;10247,3
Ses02M_impro06_F007,Ses02F,private,train,1400;5824;10248,3
Ses02M_impro06_F008,Ses02F,private,train,1401;5825;10249,3
Ses02M_impro06_F009,Ses02F,private,train,1402;5826;10250,3
Ses02M_impro06_F010,Ses02F,private,train,1403;5827;10251,3
Ses02M_impro06_F011,Ses02F,private,train,1404;5828;10252,3
Ses02M_impro06_F012,Ses02F,private,dev,165,1
Ses02M_impro06_F013,Ses02F,private,train,1405;5829;10253,3
Ses02M_impro06_F014,Ses02F,private,train,1406;5830;10254,3
Ses02M_impro06_F015,Ses02F,private,test,170,1
Ses02M_impro06_F016,Ses02F,private,dev,166,1
Ses02M_impro06_F017,Ses02F,private,train,1407;5831;10255,3
Ses02M_impro06_F018,Ses02F,private,train,1408;5832;10256,3
Ses02M_impro06_M000,Ses02M,private,train,1409;5833;10257,3
Ses02M_impro06_M001,Ses02M,private,train,1410;5834;10258,3
Ses02M_impro06_M002,Ses02M,private,dev,167,1
Ses02M_impro06_M003,Ses02M,private,train,1411;5835;10259,3
Ses02M_impro06_M004,Ses02M,private,train,1412;5836;10260,3
Ses02M_impro06_M005,Ses02M,private,train,1413;5837;10261,3
Ses02M_impro06_M006,Ses02M,private,train,1414;5838;10262,3
Ses02M_impro06_M007,Ses02M,private,train,1415;5839;10263,3
Ses02M_impro06_M008,Ses02M,private,train,1416;5840;10264,3
Ses02M_impro06_M009,Ses02M,private,dev,168,1
Ses02M_impro06_M010,Ses02M,private,train,1417;5841;10265,3
Ses02M_impro06_M011,Ses02M,private,train,1418;5842;10266,3
Ses02M_impro06_M012,Ses02M,private,test,171,1
Ses02M_impro06_M013,Ses02M,private,train,1419;5843;10267,3
Ses02M_impro06_M014,Ses02M,private,test,172,1
Ses02M_impro06_M015,Ses02M,private,test,173,1
Ses02M_impro06_M016,Ses02M,private,train,1420;5844;10268,3
Ses02M_impro06_M017,Ses02M,private,train,1421;5845;10269,3
Ses02M_impro06_M018,Ses02M,private,dev,169,1
Ses02M_impro06_M019,Ses02M,private,dev,170,1
Ses02M_impro06_M020,Ses02M,private,train,1422;5846;10270,3
Ses02M_impro06_M021,Ses02M,private,train,1423;5847;10271,3
Ses02M_impro06_M022,Ses02M,private,train,1424;5848;10272,3
Ses02M_impro06_M023,Ses02M,private,train,1425;5849;10273,3
Ses02M_impro07_F000,Ses02F,private,train,1426;5850;10274,3
Ses02M_impro07_F001,Ses02F,private,test,174,1
Ses02M_impro07_F003,Ses02F,private,train,1427;5851;10275,3
Ses02M_impro07_F004,Ses02F,private,test,175,1
Ses02M_impro07_F005,Ses02F,private,train,1428;5852;10276,3
Ses02M_impro07_F006,Ses02F,private,train,1429;5853;10277,3
Ses02M_impro07_F007,Ses02F,private,train,1430;5854;10278,3
Ses02M_impro07_F008,Ses02F,private,test,176,1
Ses02M_impro07_F009,Ses02F,private,test,177,1
Ses02M_impro07_F010,Ses02F,private,train,1431;5855;10279,3
Ses02M_impro07_F011,Ses02F,private,train,1432;5856;10280,3
Ses02M_impro07_F012,Ses02F,private,train,1433;5857;10281,3
Ses02M_impro07_F013,Ses02F,private,train,1434;5858;10282,3
Ses02M_impro07_F014,Ses02F,private,train,1435;5859;10283,3
Ses02M_impro07_F015,Ses02F,private,test,178,1
Ses02M_impro07_F016,Ses02F,private,train,1436;5860;10284,3
Ses02M_impro07_F017,Ses02F,private,train,1437;5861;10285,3
Ses02M_impro07_F018,Ses02F,private,train,1438;5862;10286,3
Ses02M_impro07_F019,Ses02F,private,train,1439;5863;10287,3
Ses02M_impro07_F020,Ses02F,private,train,1440;5864;10288,3
Ses02M_impro07_F021,Ses02F,private,train,1441;5865;10289,3
Ses02M_impro07_F022,Ses02F,private,train,1442;5866;10290,3
Ses02M_impro07_F023,Ses02F,private,train,1443;5867;10291,3
Ses02M_impro07_F024,Ses02F,private,dev,171,1
Ses02M_impro07_F025,Ses02F,private,train,1444;5868;10292,3
Ses02M_impro07_F026,Ses02F,private,train,1445;5869;10293,3
Ses02M_impro07_F027,Ses02F,private,test,179,1
Ses02M_impro07_F028,Ses02F,private,train,1446;5870;10294,3
Ses02M_impro07_F029,Ses02F,private,train,1447;5871;10295,3
Ses02M_impro07_M002,Ses02M,private,train,1448;5872;10296,3
Ses02M_impro07_M006,Ses02M,private,train,1449;5873;10297,3
Ses02M_impro07_M007,Ses02M,private,train,1450;5874;10298,3
Ses02M_impro07_M008,Ses02M,private,train,1451;5875;10299,3
Ses02M_impro07_M009,Ses02M,private,train,1452;5876;10300,3
Ses02M_impro07_M010,Ses02M,private,test,180,1
Ses02M_impro07_M011,Ses02M,private,train,1453;5877;10301,3
Ses02M_impro07_M013,Ses02M,private,train,1454;5878;10302,3
Ses02M_impro07_M014,Ses02M,private,train,1455;5879;10303,3
Ses02M_impro07_M015,Ses02M,private,train,1456;5880;10304,3
Ses02M_impro07_M017,Ses02M,private,train,1457;5881;10305,3
Ses02M_impro07_M018,Ses02M,private,train,1458;5882;10306,3
Ses02M_impro07_M019,Ses02M,private,train,1459;5883;10307,3
Ses02M_impro07_M020,Ses02M,private,train,1460;5884;10308,3
Ses02M_impro07_M021,Ses02M,private,train,1461;5885;10309,3
Ses02M_impro07_M022,Ses02M,private,train,1462;5886;10310,3
Ses02M_impro07_M023,Ses02M,private,train,1463;5887;10311,3
Ses02M_impro07_M024,Ses02M,private,dev,172,1
Ses02M_impro07_M025,Ses02M,private,train,1464;5888;10312,3
Ses02M_impro07_M026,Ses02M,private,train,1465;5889;10313,3
Ses02M_impro07_M029,Ses02M,private,train,1466;5890;10314,3
Ses02M_impro07_M030,Ses02M,private,train,1467;5891;10315,3
Ses02M_impro07_M031,Ses02M,private,train,1468;5892;10316,3
Ses02M_impro07_M032,Ses02M,private,train,1469;5893;10317,3
Ses02M_impro08_F000,Ses02F,private,test,181,1
Ses02M_impro08_F001,Ses02F,private,train,1470;5894;10318,3
Ses02M_impro08_F002,Ses02F,private,train,1471;5895;10319,3
Ses02M_impro08_F006,Ses02F,private,train,1472;5896;10320,3
Ses02M_impro08_F007,Ses02F,private,train,1473;5897;10321,3
Ses02M_impro08_F008,Ses02F,private,train,1474;5898;10322,3
Ses02M_impro08_F010,Ses02F,private,train,1475;5899;10323,3
Ses02M_impro08_F019,Ses02F,private,train,1476;5900;10324,3
Ses02M_impro08_F023,Ses02F,private,test,182,1
Ses02M_impro08_F024,Ses02F,private,train,1477;5901;10325,3
Ses02M_impro08_F025,Ses02F,private,train,1478;5902;10326,3
Ses02M_impro08_F026,Ses02F,private,train,1479;5903;10327,3
Ses02M_impro08_F027,Ses02F,private,train,1480;5904;10328,3
Ses02M_impro08_F028,Ses02F,private,test,183,1
Ses02M_impro08_F030,Ses02F,private,train,1481;5905;10329,3
Ses02M_impro08_M000,Ses02M,private,dev,173,1
Ses02M_impro08_M002,Ses02M,private,train,1482;5906;10330,3
Ses02M_impro08_M003,Ses02M,private,train,1483;5907;10331,3
Ses02M_impro08_M004,Ses02M,private,train,1484;5908;10332,3
Ses02M_impro08_M005,Ses02M,private,train,1485;5909;10333,3
Ses02M_impro08_M007,Ses02M,private,train,1486;5910;10334,3
Ses02M_impro08_M008,Ses02M,private,train,1487;5911;10335,3
Ses02M_impro08_M009,Ses02M,private,train,1488;5912;10336,3
Ses02M_impro08_M010,Ses02M,private,dev,174,1
Ses02M_impro08_M011,Ses02M,private,train,1489;5913;10337,3
Ses02M_impro08_M012,Ses02M,private,test,184,1
Ses02M_impro08_M013,Ses02M,private,train,1490;5914;10338,3
Ses02M_impro08_M014,Ses02M,private,train,1491;5915;10339,3
Ses02M_impro08_M015,Ses02M,private,train,1492;5916;10340,3
Ses02M_impro08_M016,Ses02M,private,train,1493;5917;10341,3
Ses02M_impro08_M017,Ses02M,private,train,1494;5918;10342,3
Ses02M_impro08_M018,Ses02M,private,train,1495;5919;10343,3
Ses02M_impro08_M019,Ses02M,private,dev,175,1
Ses02M_impro08_M020,Ses02M,private,test,185,1
Ses02M_impro08_M021,Ses02M,private,train,1496;5920;10344,3
Ses02M_impro08_M022,Ses02M,private,train,1497;5921;10345,3
Ses02M_impro08_M023,Ses02M,private,train,1498;5922;10346,3
Ses02M_impro08_M024,Ses02M,private,train,1499;5923;10347,3
Ses02M_impro08_M025,Ses02M,private,train,1500;5924;10348,3
Ses02M_impro08_M026,Ses02M,private,dev,176,1
Ses02M_impro08_M027,Ses02M,private,train,1501;5925;10349,3
Ses02M_impro08_M028,Ses02M,private,test,186,1
Ses02M_impro08_M029,Ses02M,private,train,1502;5926;10350,3
Ses02M_impro08_M030,Ses02M,private,dev,177,1
Ses02M_impro08_M031,Ses02M,private,train,1503;5927;10351,3
Ses02M_script01_1_F015,Ses02F,private,train,1504;5928;10352,3
Ses02M_script01_1_F018,Ses02F,private,train,1505;5929;10353,3
Ses02M_script01_1_F021,Ses02F,private,train,1506;5930;10354,3
Ses02M_script01_1_F023,Ses02F,private,train,1507;5931;10355,3
Ses02M_script01_1_F025,Ses02F,private,train,1508;5932;10356,3
Ses02M_script01_1_F026,Ses02F,private,train,1509;5933;10357,3
Ses02M_script01_1_F027,Ses02F,private,train,1510;5934;10358,3
Ses02M_script01_1_F032,Ses02F,private,train,1511;5935;10359,3
Ses02M_script01_1_F033,Ses02F,private,train,1512;5936;10360,3
Ses02M_script01_1_F034,Ses02F,private,train,1513;5937;10361,3
Ses02M_script01_1_F035,Ses02F,private,train,1514;5938;10362,3
Ses02M_script01_1_F036,Ses02F,private,train,1515;5939;10363,3
Ses02M_script01_1_F037,Ses02F,private,train,1516;5940;10364,3
Ses02M_script01_1_F041,Ses02F,private,train,1517;5941;10365,3
Ses02M_script01_1_M003,Ses02M,private,train,1518;5942;10366,3
Ses02M_script01_1_M004,Ses02M,private,train,1519;5943;10367,3
Ses02M_script01_1_M005,Ses02M,private,dev,178,1
Ses02M_script01_1_M012,Ses02M,private,dev,179,1
Ses02M_script01_1_M013,Ses02M,private,train,1520;5944;10368,3
Ses02M_script01_1_M016,Ses02M,private,train,1521;5945;10369,3
Ses02M_script01_1_M017,Ses02M,private,train,1522;5946;10370,3
Ses02M_script01_1_M018,Ses02M,private,train,1523;5947;10371,3
Ses02M_script01_1_M021,Ses02M,private,dev,180,1
Ses02M_script01_1_M024,Ses02M,private,train,1524;5948;10372,3
Ses02M_script01_1_M025,Ses02M,private,train,1525;5949;10373,3
Ses02M_script01_1_M026,Ses02M,private,train,1526;5950;10374,3
Ses02M_script01_1_M027,Ses02M,private,dev,181,1
Ses02M_script01_1_M028,Ses02M,private,train,1527;5951;10375,3
Ses02M_script01_1_M035,Ses02M,private,train,1528;5952;10376,3
Ses02M_script01_1_M036,Ses02M,private,train,1529;5953;10377,3
Ses02M_script01_1_M037,Ses02M,private,train,1530;5954;10378,3
Ses02M_script01_1_M038,Ses02M,private,train,1531;5955;10379,3
Ses02M_script01_1_M039,Ses02M,private,train,1532;5956;10380,3
Ses02M_script01_1_M041,Ses02M,private,train,1533;5957;10381,3
Ses02M_script01_2_F000,Ses02F,private,train,1534;5958;10382,3
Ses02M_script01_2_F001,Ses02F,private,train,1535;5959;10383,3
Ses02M_script01_2_F002,Ses02F,private,train,1536;5960;10384,3
Ses02M_script01_2_F003,Ses02F,private,train,1537;5961;10385,3
Ses02M_script01_2_F005,Ses02F,private,train,1538;5962;10386,3
Ses02M_script01_2_F006,Ses02F,private,train,1539;5963;10387,3
Ses02M_script01_2_F010,Ses02F,private,train,1540;5964;10388,3
Ses02M_script01_2_F013,Ses02F,private,train,1541;5965;10389,3
Ses02M_script01_2_M001,Ses02M,private,test,187,1
Ses02M_script01_2_M004,Ses02M,private,train,1542;5966;10390,3
Ses02M_script01_2_M005,Ses02M,private,dev,182,1
Ses02M_script01_2_M007,Ses02M,private,train,1543;5967;10391,3
Ses02M_script01_2_M016,Ses02M,private,dev,183,1
Ses02M_script01_2_M017,Ses02M,private,train,1544;5968;10392,3
Ses02M_script01_3_F001,Ses02F,private,train,1545;5969;10393,3
Ses02M_script01_3_F002,Ses02F,private,train,1546;5970;10394,3
Ses02M_script01_3_F003,Ses02F,private,train,1547;5971;10395,3
Ses02M_script01_3_F007,Ses02F,private,train,1548;5972;10396,3
Ses02M_script01_3_F008,Ses02F,private,train,1549;5973;10397,3
Ses02M_script01_3_F009,Ses02F,private,train,1550;5974;10398,3
Ses02M_script01_3_F012,Ses02F,private,train,1551;5975;10399,3
Ses02M_script01_3_F013,Ses02F,private,train,1552;5976;10400,3
Ses02M_script01_3_F019,Ses02F,private,train,1553;5977;10401,3
Ses02M_script01_3_F021,Ses02F,private,test,188,1
Ses02M_script01_3_F025,Ses02F,private,train,1554;5978;10402,3
Ses02M_script01_3_F026,Ses02F,private,train,1555;5979;10403,3
Ses02M_script01_3_F027,Ses02F,private,train,1556;5980;10404,3
Ses02M_script01_3_F028,Ses02F,private,train,1557;5981;10405,3
Ses02M_script01_3_M000,Ses02M,private,train,1558;5982;10406,3
Ses02M_script01_3_M010,Ses02M,private,dev,184,1
Ses02M_script01_3_M014,Ses02M,private,train,1559;5983;10407,3
Ses02M_script01_3_M015,Ses02M,private,train,1560;5984;10408,3
Ses02M_script01_3_M020,Ses02M,private,train,1561;5985;10409,3
Ses02M_script01_3_M021,Ses02M,private,train,1562;5986;10410,3
Ses02M_script01_3_M022,Ses02M,private,train,1563;5987;10411,3
Ses02M_script01_3_M025,Ses02M,private,train,1564;5988;10412,3
Ses02M_script01_3_M026,Ses02M,private,train,1565;5989;10413,3
Ses02M_script01_3_M027,Ses02M,private,train,1566;5990;10414,3
Ses02M_script01_3_M028,Ses02M,private,train,1567;5991;10415,3
Ses02M_script01_3_M029,Ses02M,private,train,1568;5992;10416,3
Ses02M_script01_3_M030,Ses02M,private,train,1569;5993;10417,3
Ses02M_script01_3_M031,Ses02M,private,dev,185,1
Ses02M_script01_3_M032,Ses02M,private,test,189,1
Ses02M_script01_3_M033,Ses02M,private,train,1570;5994;10418,3
Ses02M_script01_3_M034,Ses02M,private,dev,186,1
Ses02M_script01_3_M035,Ses02M,private,train,1571;5995;10419,3
Ses02M_script01_3_M036,Ses02M,private,train,1572;5996;10420,3
Ses02M_script02_1_F000,Ses02F,private,train,1573;5997;10421,3
Ses02M_script02_1_F001,Ses02F,private,dev,187,1
Ses02M_script02_1_F005,Ses02F,private,train,1574;5998;10422,3
Ses02M_script02_1_F006,Ses02F,private,train,1575;5999;10423,3
Ses02M_script02_1_F011,Ses02F,private,train,1576;6000;10424,3
Ses02M_script02_1_F016,Ses02F,private,train,1577;6001;10425,3
Ses02M_script02_1_F017,Ses02F,private,train,1578;6002;10426,3
Ses02M_script02_1_F018,Ses02F,private,train,1579;6003;10427,3
Ses02M_script02_1_F020,Ses02F,private,train,1580;6004;10428,3
Ses02M_script02_1_F021,Ses02F,private,train,1581;6005;10429,3
Ses02M_script02_1_M000,Ses02M,private,train,1582;6006;10430,3
Ses02M_script02_1_M001,Ses02M,private,train,1583;6007;10431,3
Ses02M_script02_1_M003,Ses02M,private,train,1584;6008;10432,3
Ses02M_script02_1_M004,Ses02M,private,train,1585;6009;10433,3
Ses02M_script02_1_M005,Ses02M,private,train,1586;6010;10434,3
Ses02M_script02_1_M006,Ses02M,private,train,1587;6011;10435,3
Ses02M_script02_1_M013,Ses02M,private,train,1588;6012;10436,3
Ses02M_script02_1_M014,Ses02M,private,train,1589;6013;10437,3
Ses02M_script02_1_M015,Ses02M,private,train,1590;6014;10438,3
Ses02M_script02_1_M016,Ses02M,private,train,1591;6015;10439,3
Ses02M_script02_1_M023,Ses02M,private,dev,188,1
Ses02M_script02_1_M024,Ses02M,private,train,1592;6016;10440,3
Ses02M_script02_1_M025,Ses02M,private,dev,189,1
Ses02M_script02_1_M026,Ses02M,private,train,1593;6017;10441,3
Ses02M_script02_1_M028,Ses02M,private,train,1594;6018;10442,3
Ses02M_script02_1_M029,Ses02M,private,train,1595;6019;10443,3
Ses02M_script02_1_M035,Ses02M,private,train,1596;6020;10444,3
Ses02M_script02_1_M036,Ses02M,private,train,1597;6021;10445,3
Ses02M_script02_1_M037,Ses02M,private,train,1598;6022;10446,3
Ses02M_script02_1_M038,Ses02M,private,train,1599;6023;10447,3
Ses02M_script02_1_M039,Ses02M,private,train,1600;6024;10448,3
Ses02M_script02_1_M040,Ses02M,private,dev,190,1
Ses02M_script02_1_M041,Ses02M,private,train,1601;6025;10449,3
Ses02M_script02_1_M042,Ses02M,private,train,1602;6026;10450,3
Ses02M_script02_2_F005,Ses02F,private,train,1603;6027;10451,3
Ses02M_script02_2_F006,Ses02F,private,train,1604;6028;10452,3
Ses02M_script02_2_F011,Ses02F,private,train,1605;6029;10453,3
Ses02M_script02_2_F013,Ses02F,private,train,1606;6030;10454,3
Ses02M_script02_2_F015,Ses02F,private,train,1607;6031;10455,3
Ses02M_script02_2_F016,Ses02F,private,train,1608;6032;10456,3
Ses02M_script02_2_F017,Ses02F,private,train,1609;6033;10457,3
Ses02M_script02_2_F018,Ses02F,private,train,1610;6034;10458,3
Ses02M_script02_2_F019,Ses02F,private,dev,191,1
Ses02M_script02_2_F020,Ses02F,private,train,1611;6035;10459,3
Ses02M_script02_2_F021,Ses02F,private,train,1612;6036;10460,3
Ses02M_script02_2_F022,Ses02F,private,train,1613;6037;10461,3
Ses02M_script02_2_F031,Ses02F,private,train,1614;6038;10462,3
Ses02M_script02_2_F034,Ses02F,private,train,1615;6039;10463,3
Ses02M_script02_2_F037,Ses02F,private,train,1616;6040;10464,3
Ses02M_script02_2_F038,Ses02F,private,dev,192,1
Ses02M_script02_2_F042,Ses02F,private,train,1617;6041;10465,3
Ses02M_script02_2_F044,Ses02F,private,train,1618;6042;10466,3
Ses02M_script02_2_F045,Ses02F,private,train,1619;6043;10467,3
Ses02M_script02_2_F046,Ses02F,private,train,1620;6044;10468,3
Ses02M_script02_2_M000,Ses02M,private,train,1621;6045;10469,3
Ses02M_script02_2_M001,Ses02M,private,train,1622;6046;10470,3
Ses02M_script02_2_M002,Ses02M,private,train,1623;6047;10471,3
Ses02M_script02_2_M010,Ses02M,private,train,1624;6048;10472,3
Ses02M_script02_2_M015,Ses02M,private,train,1625;6049;10473,3
Ses02M_script02_2_M016,Ses02M,private,train,1626;6050;10474,3
Ses02M_script02_2_M017,Ses02M,private,train,1627;6051;10475,3
Ses02M_script02_2_M019,Ses02M,private,dev,193,1
Ses02M_script02_2_M020,Ses02M,private,train,1628;6052;10476,3
Ses02M_script02_2_M021,Ses02M,private,dev,194,1
Ses02M_script02_2_M022,Ses02M,private,dev,195,1
Ses02M_script02_2_M023,Ses02M,private,train,1629;6053;10477,3
Ses02M_script02_2_M025,Ses02M,private,train,1630;6054;10478,3
Ses02M_script02_2_M029,Ses02M,private,test,190,1
Ses02M_script02_2_M035,Ses02M,private,dev,196,1
Ses02M_script02_2_M037,Ses02M,private,train,1631;6055;10479,3
Ses02M_script02_2_M038,Ses02M,private,test,191,1
Ses02M_script02_2_M040,Ses02M,private,train,1632;6056;10480,3
Ses02M_script02_2_M041,Ses02M,private,train,1633;6057;10481,3
Ses02M_script02_2_M042,Ses02M,private,train,1634;6058;10482,3
Ses02M_script02_2_M045,Ses02M,private,train,1635;6059;10483,3
Ses02M_script02_2_M046,Ses02M,private,train,1636;6060;10484,3
Ses02M_script03_1_F002,Ses02F,private,train,1637;6061;10485,3
Ses02M_script03_1_F003,Ses02F,private,test,192,1
Ses02M_script03_1_F005,Ses02F,private,train,1638;6062;10486,3
Ses02M_script03_1_F006,Ses02F,private,train,1639;6063;10487,3
Ses02M_script03_1_F007,Ses02F,private,train,1640;6064;10488,3
Ses02M_script03_1_F012,Ses02F,private,test,193,1
Ses02M_script03_1_F015,Ses02F,private,train,1641;6065;10489,3
Ses02M_script03_1_F021,Ses02F,private,train,1642;6066;10490,3
Ses02M_script03_1_F022,Ses02F,private,train,1643;6067;10491,3
Ses02M_script03_1_F023,Ses02F,private,train,1644;6068;10492,3
Ses02M_script03_1_F024,Ses02F,private,train,1645;6069;10493,3
Ses02M_script03_1_F025,Ses02F,private,train,1646;6070;10494,3
Ses02M_script03_1_F027,Ses02F,private,train,1647;6071;10495,3
Ses02M_script03_1_F028,Ses02F,private,train,1648;6072;10496,3
Ses02M_script03_1_F029,Ses02F,private,train,1649;6073;10497,3
Ses02M_script03_1_M005,Ses02M,private,dev,197,1
Ses02M_script03_1_M007,Ses02M,private,train,1650;6074;10498,3
Ses02M_script03_1_M008,Ses02M,private,dev,198,1
Ses02M_script03_1_M009,Ses02M,private,train,1651;6075;10499,3
Ses02M_script03_1_M010,Ses02M,private,train,1652;6076;10500,3
Ses02M_script03_1_M011,Ses02M,private,train,1653;6077;10501,3
Ses02M_script03_1_M012,Ses02M,private,test,194,1
Ses02M_script03_1_M014,Ses02M,private,train,1654;6078;10502,3
Ses02M_script03_1_M015,Ses02M,private,train,1655;6079;10503,3
Ses02M_script03_1_M016,Ses02M,private,train,1656;6080;10504,3
Ses02M_script03_1_M018,Ses02M,private,train,1657;6081;10505,3
Ses02M_script03_1_M019,Ses02M,private,train,1658;6082;10506,3
Ses02M_script03_1_M020,Ses02M,private,train,1659;6083;10507,3
Ses02M_script03_1_M021,Ses02M,private,train,1660;6084;10508,3
Ses02M_script03_1_M022,Ses02M,private,train,1661;6085;10509,3
Ses02M_script03_1_M024,Ses02M,private,train,1662;6086;10510,3
Ses02M_script03_1_M029,Ses02M,private,train,1663;6087;10511,3
Ses02M_script03_1_M031,Ses02M,private,train,1664;6088;10512,3
Ses02M_script03_2_F000,Ses02F,private,test,195,1
Ses02M_script03_2_F001,Ses02F,private,train,1665;6089;10513,3
Ses02M_script03_2_F002,Ses02F,private,train,1666;6090;10514,3
Ses02M_script03_2_F003,Ses02F,private,train,1667;6091;10515,3
Ses02M_script03_2_F005,Ses02F,private,train,1668;6092;10516,3
Ses02M_script03_2_F006,Ses02F,private,train,1669;6093;10517,3
Ses02M_script03_2_F007,Ses02F,private,train,1670;6094;10518,3
Ses02M_script03_2_F009,Ses02F,private,train,1671;6095;10519,3
Ses02M_script03_2_F011,Ses02F,private,train,1672;6096;10520,3
Ses02M_script03_2_F012,Ses02F,private,train,1673;6097;10521,3
Ses02M_script03_2_F014,Ses02F,private,train,1674;6098;10522,3
Ses02M_script03_2_F015,Ses02F,private,train,1675;6099;10523,3
Ses02M_script03_2_F019,Ses02F,private,test,196,1
Ses02M_script03_2_F023,Ses02F,private,train,1676;6100;10524,3
Ses02M_script03_2_F024,Ses02F,private,train,1677;6101;10525,3
Ses02M_script03_2_F028,Ses02F,private,train,1678;6102;10526,3
Ses02M_script03_2_F035,Ses02F,private,train,1679;6103;10527,3
Ses02M_script03_2_F036,Ses02F,private,dev,199,1
Ses02M_script03_2_F037,Ses02F,private,train,1680;6104;10528,3
Ses02M_script03_2_F038,Ses02F,private,train,1681;6105;10529,3
Ses02M_script03_2_F039,Ses02F,private,train,1682;6106;10530,3
Ses02M_script03_2_F040,Ses02F,private,dev,200,1
Ses02M_script03_2_F041,Ses02F,private,train,1683;6107;10531,3
Ses02M_script03_2_F042,Ses02F,private,train,1684;6108;10532,3
Ses02M_script03_2_M000,Ses02M,private,train,1685;6109;10533,3
Ses02M_script03_2_M001,Ses02M,private,train,1686;6110;10534,3
Ses02M_script03_2_M003,Ses02M,private,train,1687;6111;10535,3
Ses02M_script03_2_M005,Ses02M,private,train,1688;6112;10536,3
Ses02M_script03_2_M007,Ses02M,private,train,1689;6113;10537,3
Ses02M_script03_2_M010,Ses02M,private,train,1690;6114;10538,3
Ses02M_script03_2_M011,Ses02M,private,train,1691;6115;10539,3
Ses02M_script03_2_M012,Ses02M,private,train,1692;6116;10540,3
Ses02M_script03_2_M016,Ses02M,private,train,1693;6117;10541,3
Ses02M_script03_2_M018,Ses02M,private,test,197,1
Ses02M_script03_2_M024,Ses02M,private,dev,201,1
Ses02M_script03_2_M026,Ses02M,private,train,1694;6118;10542,3
Ses02M_script03_2_M027,Ses02M,private,train,1695;6119;10543,3
Ses02M_script03_2_M031,Ses02M,private,train,1696;6120;10544,3
Ses02M_script03_2_M032,Ses02M,private,train,1697;6121;10545,3
Ses02M_script03_2_M033,Ses02M,private,train,1698;6122;10546,3
Ses02M_script03_2_M039,Ses02M,private,train,1699;6123;10547,3
Ses02M_script03_2_M040,Ses02M,private,dev,202,1
Ses02M_script03_2_M041,Ses02M,private,train,1700;6124;10548,3
Ses02M_script03_2_M042,Ses02M,private,train,1701;6125;10549,3
Ses02M_script03_2_M043,Ses02M,private,train,1702;6126;10550,3
Ses02M_script03_2_M044,Ses02M,private,train,1703;6127;10551,3
Ses02M_script03_2_M045,Ses02M,private,train,1704;6128;10552,3
Ses02M_script03_2_M046,Ses02M,private,train,1705;6129;10553,3
Ses02M_script03_2_M047,Ses02M,private,train,1706;6130;10554,3
Ses03F_impro01_F002,Ses03F,private,train,1707;6131;10555,3
Ses03F_impro01_M001,Ses03M,private,train,1708;6132;10556,3
Ses03F_impro01_M002,Ses03M,private,train,1709;6133;10557,3
Ses03F_impro01_M003,Ses03M,private,train,1710;6134;10558,3
Ses03F_impro01_M004,Ses03M,private,train,1711;6135;10559,3
Ses03F_impro01_M005,Ses03M,private,train,1712;6136;10560,3
Ses03F_impro02_F000,Ses03F,private,train,1713;6137;10561,3
Ses03F_impro02_F001,Ses03F,private,train,1714;6138;10562,3
Ses03F_impro02_F005,Ses03F,private,train,1715;6139;10563,3
Ses03F_impro02_F007,Ses03F,private,train,1716;6140;10564,3
Ses03F_impro02_F008,Ses03F,private,train,1717;6141;10565,3
Ses03F_impro02_F010,Ses03F,private,train,1718;6142;10566,3
Ses03F_impro02_F011,Ses03F,private,train,1719;6143;10567,3
Ses03F_impro02_F012,Ses03F,private,test,198,1
Ses03F_impro02_F015,Ses03F,private,dev,203,1
Ses03F_impro02_F018,Ses03F,private,train,1720;6144;10568,3
Ses03F_impro02_F019,Ses03F,private,train,1721;6145;10569,3
Ses03F_impro02_F020,Ses03F,private,train,1722;6146;10570,3
Ses03F_impro02_F021,Ses03F,private,test,199,1
Ses03F_impro02_F023,Ses03F,private,test,200,1
Ses03F_impro02_F024,Ses03F,private,train,1723;6147;10571,3
Ses03F_impro02_F025,Ses03F,private,train,1724;6148;10572,3
Ses03F_impro02_F026,Ses03F,private,train,1725;6149;10573,3
Ses03F_impro02_F027,Ses03F,private,train,1726;6150;10574,3
Ses03F_impro02_F028,Ses03F,private,train,1727;6151;10575,3
Ses03F_impro02_F029,Ses03F,private,train,1728;6152;10576,3
Ses03F_impro02_F031,Ses03F,private,train,1729;6153;10577,3
Ses03F_impro02_F032,Ses03F,private,dev,204,1
Ses03F_impro02_F034,Ses03F,private,train,1730;6154;10578,3
Ses03F_impro02_F035,Ses03F,private,train,1731;6155;10579,3
Ses03F_impro02_F036,Ses03F,private,train,1732;6156;10580,3
Ses03F_impro02_F037,Ses03F,private,train,1733;6157;10581,3
Ses03F_impro02_F038,Ses03F,private,test,201,1
Ses03F_impro02_F039,Ses03F,private,train,1734;6158;10582,3
Ses03F_impro02_F040,Ses03F,private,dev,205,1
Ses03F_impro02_F041,Ses03F,private,train,1735;6159;10583,3
Ses03F_impro02_F042,Ses03F,private,train,1736;6160;10584,3
Ses03F_impro02_F043,Ses03F,private,train,1737;6161;10585,3
Ses03F_impro02_M000,Ses03M,private,train,1738;6162;10586,3
Ses03F_impro02_M001,Ses03M,private,train,1739;6163;10587,3
Ses03F_impro02_M007,Ses03M,private,train,1740;6164;10588,3
Ses03F_impro02_M014,Ses03M,private,train,1741;6165;10589,3
Ses03F_impro02_M016,Ses03M,private,train,1742;6166;10590,3
Ses03F_impro02_M017,Ses03M,private,train,1743;6167;10591,3
Ses03F_impro02_M018,Ses03M,private,train,1744;6168;10592,3
Ses03F_impro02_M019,Ses03M,private,train,1745;6169;10593,3
Ses03F_impro02_M020,Ses03M,private,dev,206,1
Ses03F_impro02_M021,Ses03M,private,train,1746;6170;10594,3
Ses03F_impro02_M024,Ses03M,private,train,1747;6171;10595,3
Ses03F_impro02_M025,Ses03M,private,train,1748;6172;10596,3
Ses03F_impro02_M027,Ses03M,private,train,1749;6173;10597,3
Ses03F_impro02_M028,Ses03M,private,dev,207,1
Ses03F_impro02_M029,Ses03M,private,train,1750;6174;10598,3
Ses03F_impro02_M031,Ses03M,private,train,1751;6175;10599,3
Ses03F_impro03_F004,Ses03F,private,train,1752;6176;10600,3
Ses03F_impro03_F005,Ses03F,private,dev,208,1
Ses03F_impro03_F006,Ses03F,private,train,1753;6177;10601,3
Ses03F_impro03_F007,Ses03F,private,train,1754;6178;10602,3
Ses03F_impro03_F008,Ses03F,private,train,1755;6179;10603,3
Ses03F_impro03_F009,Ses03F,private,train,1756;6180;10604,3
Ses03F_impro03_F011,Ses03F,private,train,1757;6181;10605,3
Ses03F_impro03_F012,Ses03F,private,train,1758;6182;10606,3
Ses03F_impro03_F013,Ses03F,private,train,1759;6183;10607,3
Ses03F_impro03_F014,Ses03F,private,train,1760;6184;10608,3
Ses03F_impro03_F015,Ses03F,private,train,1761;6185;10609,3
Ses03F_impro03_F016,Ses03F,private,train,1762;6186;10610,3
Ses03F_impro03_F017,Ses03F,private,train,1763;6187;10611,3
Ses03F_impro03_F018,Ses03F,private,train,1764;6188;10612,3
Ses03F_impro03_F019,Ses03F,private,dev,209,1
Ses03F_impro03_F020,Ses03F,private,train,1765;6189;10613,3
Ses03F_impro03_F021,Ses03F,private,train,1766;6190;10614,3
Ses03F_impro03_F024,Ses03F,private,train,1767;6191;10615,3
Ses03F_impro03_M000,Ses03M,private,train,1768;6192;10616,3
Ses03F_impro03_M001,Ses03M,private,train,1769;6193;10617,3
Ses03F_impro03_M002,Ses03M,private,train,1770;6194;10618,3
Ses03F_impro03_M005,Ses03M,private,train,1771;6195;10619,3
Ses03F_impro03_M006,Ses03M,private,train,1772;6196;10620,3
Ses03F_impro03_M007,Ses03M,private,dev,210,1
Ses03F_impro03_M010,Ses03M,private,train,1773;6197;10621,3
Ses03F_impro03_M015,Ses03M,private,dev,211,1
Ses03F_impro03_M021,Ses03M,private,train,1774;6198;10622,3
Ses03F_impro04_F002,Ses03F,private,train,1775;6199;10623,3
Ses03F_impro04_F022,Ses03F,private,train,1776;6200;10624,3
Ses03F_impro04_F023,Ses03F,private,train,1777;6201;10625,3
Ses03F_impro04_F024,Ses03F,private,test,202,1
Ses03F_impro04_M000,Ses03M,private,train,1778;6202;10626,3
Ses03F_impro04_M001,Ses03M,private,train,1779;6203;10627,3
Ses03F_impro04_M002,Ses03M,private,train,1780;6204;10628,3
Ses03F_impro04_M003,Ses03M,private,train,1781;6205;10629,3
Ses03F_impro04_M004,Ses03M,private,train,1782;6206;10630,3
Ses03F_impro04_M005,Ses03M,private,train,1783;6207;10631,3
Ses03F_impro04_M006,Ses03M,private,train,1784;6208;10632,3
Ses03F_impro04_M007,Ses03M,private,train,1785;6209;10633,3
Ses03F_impro04_M008,Ses03M,private,train,1786;6210;10634,3
Ses03F_impro04_M009,Ses03M,private,train,1787;6211;10635,3
Ses03F_impro04_M010,Ses03M,private,train,1788;6212;10636,3
Ses03F_impro04_M011,Ses03M,private,train,1789;6213;10637,3
Ses03F_impro04_M012,Ses03M,private,train,1790;6214;10638,3
Ses03F_impro04_M013,Ses03M,private,train,1791;6215;10639,3
Ses03F_impro04_M014,Ses03M,private,train,1792;6216;10640,3
Ses03F_impro04_M015,Ses03M,private,train,1793;6217;10641,3
Ses03F_impro04_M016,Ses03M,private,train,1794;6218;10642,3
Ses03F_impro04_M017,Ses03M,private,train,1795;6219;10643,3
Ses03F_impro04_M018,Ses03M,private,test,203,1
Ses03F_impro04_M019,Ses03M,private,test,204,1
Ses03F_impro05_F002,Ses03F,private,train,1796;6220;10644,3
Ses03F_impro05_F005,Ses03F,private,train,1797;6221;10645,3
Ses03F_impro05_F007,Ses03F,private,train,1798;6222;10646,3
Ses03F_impro05_F008,Ses03F,private,train,1799;6223;10647,3
Ses03F_impro05_F009,Ses03F,private,train,1800;6224;10648,3
Ses03F_impro05_F010,Ses03F,private,test,205,1
Ses03F_impro05_F011,Ses03F,private,train,1801;6225;10649,3
Ses03F_impro05_F015,Ses03F,private,train,1802;6226;10650,3
Ses03F_impro05_F016,Ses03F,private,dev,212,1
Ses03F_impro05_F017,Ses03F,private,train,1803;6227;10651,3
Ses03F_impro05_M003,Ses03M,private,train,1804;6228;10652,3
Ses03F_impro05_M008,Ses03M,private,train,1805;6229;10653,3
Ses03F_impro05_M009,Ses03M,private,train,1806;6230;10654,3
Ses03F_impro05_M011,Ses03M,private,test,206,1
Ses03F_impro05_M013,Ses03M,private,train,1807;6231;10655,3
Ses03F_impro05_M014,Ses03M,private,train,1808;6232;10656,3
Ses03F_impro06_F000,Ses03F,private,train,1809;6233;10657,3
Ses03F_impro06_F001,Ses03F,private,test,207,1
Ses03F_impro06_F002,Ses03F,private,train,1810;6234;10658,3
Ses03F_impro06_F003,Ses03F,private,train,1811;6235;10659,3
Ses03F_impro06_F004,Ses03F,private,train,1812;6236;10660,3
Ses03F_impro06_F005,Ses03F,private,train,1813;6237;10661,3
Ses03F_impro06_F006,Ses03F,private,dev,213,1
Ses03F_impro06_F007,Ses03F,private,train,1814;6238;10662,3
Ses03F_impro06_F008,Ses03F,private,train,1815;6239;10663,3
Ses03F_impro06_F009,Ses03F,private,dev,214,1
Ses03F_impro06_F010,Ses03F,private,train,1816;6240;10664,3
Ses03F_impro06_F011,Ses03F,private,train,1817;6241;10665,3
Ses03F_impro06_F012,Ses03F,private,train,1818;6242;10666,3
Ses03F_impro06_F013,Ses03F,private,test,208,1
Ses03F_impro06_F014,Ses03F,private,train,1819;6243;10667,3
Ses03F_impro06_F015,Ses03F,private,train,1820;6244;10668,3
Ses03F_impro06_F016,Ses03F,private,train,1821;6245;10669,3
Ses03F_impro06_F017,Ses03F,private,train,1822;6246;10670,3
Ses03F_impro06_F018,Ses03F,private,train,1823;6247;10671,3
Ses03F_impro06_F019,Ses03F,private,train,1824;6248;10672,3
Ses03F_impro06_F020,Ses03F,private,train,1825;6249;10673,3
Ses03F_impro06_F021,Ses03F,private,train,1826;6250;10674,3
Ses03F_impro06_F022,Ses03F,private,train,1827;6251;10675,3
Ses03F_impro06_F023,Ses03F,private,train,1828;6252;10676,3
Ses03F_impro06_F024,Ses03F,private,train,1829;6253;10677,3
Ses03F_impro06_F025,Ses03F,private,train,1830;6254;10678,3
Ses03F_impro06_F026,Ses03F,private,train,1831;6255;10679,3
Ses03F_impro06_F027,Ses03F,private,train,1832;6256;10680,3
Ses03F_impro06_F028,Ses03F,private,train,1833;6257;10681,3
Ses03F_impro06_F029,Ses03F,private,train,1834;6258;10682,3
Ses03F_impro06_F030,Ses03F,private,train,1835;6259;10683,3
Ses03F_impro06_F031,Ses03F,private,train,1836;6260;10684,3
Ses03F_impro06_F032,Ses03F,private,train,1837;6261;10685,3
Ses03F_impro06_F033,Ses03F,private,train,1838;6262;10686,3
Ses03F_impro06_F034,Ses03F,private,dev,215,1
Ses03F_impro06_F035,Ses03F,private,train,1839;6263;10687,3
Ses03F_impro06_M000,Ses03M,private,test,209,1
Ses03F_impro06_M001,Ses03M,private,train,1840;6264;10688,3
Ses03F_impro06_M002,Ses03M,private,train,1841;6265;10689,3
Ses03F_impro06_M003,Ses03M,private,train,1842;6266;10690,3
Ses03F_impro06_M004,Ses03M,private,train,1843;6267;10691,3
Ses03F_impro06_M005,Ses03M,private,train,1844;6268;10692,3
Ses03F_impro06_M006,Ses03M,private,train,1845;6269;10693,3
Ses03F_impro06_M007,Ses03M,private,train,1846;6270;10694,3
Ses03F_impro06_M008,Ses03M,private,train,1847;6271;10695,3
Ses03F_impro06_M009,Ses03M,private,train,1848;6272;10696,3
Ses03F_impro06_M010,Ses03M,private,test,210,1
Ses03F_impro06_M011,Ses03M,private,dev,216,1
Ses03F_impro06_M012,Ses03M,private,train,1849;6273;10697,3
Ses03F_impro06_M013,Ses03M,private,dev,217,1
Ses03F_impro06_M014,Ses03M,private,train,1850;6274;10698,3
Ses03F_impro06_M015,Ses03M,private,train,1851;6275;10699,3
Ses03F_impro06_M016,Ses03M,private,dev,218,1
Ses03F_impro07_F001,Ses03F,private,train,1852;6276;10700,3
Ses03F_impro07_F004,Ses03F,private,train,1853;6277;10701,3
Ses03F_impro07_F005,Ses03F,private,train,1854;6278;10702,3
Ses03F_impro07_F007,Ses03F,private,train,1855;6279;10703,3
Ses03F_impro07_F008,Ses03F,private,dev,219,1
Ses03F_impro07_F009,Ses03F,private,train,1856;6280;10704,3
Ses03F_impro07_F011,Ses03F,private,train,1857;6281;10705,3
Ses03F_impro07_F012,Ses03F,private,train,1858;6282;10706,3
Ses03F_impro07_F013,Ses03F,private,train,1859;6283;10707,3
Ses03F_impro07_F014,Ses03F,private,train,1860;6284;10708,3
Ses03F_impro07_F015,Ses03F,private,train,1861;6285;10709,3
Ses03F_impro07_F016,Ses03F,private,test,211,1
Ses03F_impro07_F017,Ses03F,private,train,1862;6286;10710,3
Ses03F_impro07_F019,Ses03F,private,train,1863;6287;10711,3
Ses03F_impro07_F020,Ses03F,private,train,1864;6288;10712,3
Ses03F_impro07_F021,Ses03F,private,train,1865;6289;10713,3
Ses03F_impro07_F022,Ses03F,private,train,1866;6290;10714,3
Ses03F_impro07_F023,Ses03F,private,train,1867;6291;10715,3
Ses03F_impro07_F025,Ses03F,private,train,1868;6292;10716,3
Ses03F_impro07_F026,Ses03F,private,train,1869;6293;10717,3
Ses03F_impro07_F027,Ses03F,private,train,1870;6294;10718,3
Ses03F_impro07_F028,Ses03F,private,train,1871;6295;10719,3
Ses03F_impro07_F029,Ses03F,private,train,1872;6296;10720,3
Ses03F_impro07_F031,Ses03F,private,train,1873;6297;10721,3
Ses03F_impro07_F032,Ses03F,private,train,1874;6298;10722,3
Ses03F_impro07_F034,Ses03F,private,train,1875;6299;10723,3
Ses03F_impro07_F035,Ses03F,private,train,1876;6300;10724,3
Ses03F_impro07_M000,Ses03M,private,train,1877;6301;10725,3
Ses03F_impro07_M001,Ses03M,private,train,1878;6302;10726,3
Ses03F_impro07_M003,Ses03M,private,train,1879;6303;10727,3
Ses03F_impro07_M004,Ses03M,private,train,1880;6304;10728,3
Ses03F_impro07_M008,Ses03M,private,dev,220,1
Ses03F_impro07_M011,Ses03M,private,dev,221,1
Ses03F_impro07_M012,Ses03M,private,train,1881;6305;10729,3
Ses03F_impro07_M013,Ses03M,private,train,1882;6306;10730,3
Ses03F_impro07_M014,Ses03M,private,test,212,1
Ses03F_impro07_M015,Ses03M,private,train,1883;6307;10731,3
Ses03F_impro07_M019,Ses03M,private,test,213,1
Ses03F_impro07_M021,Ses03M,private,test,214,1
Ses03F_impro07_M022,Ses03M,private,train,1884;6308;10732,3
Ses03F_impro07_M023,Ses03M,private,train,1885;6309;10733,3
Ses03F_impro07_M025,Ses03M,private,train,1886;6310;10734,3
Ses03F_impro07_M026,Ses03M,private,train,1887;6311;10735,3
Ses03F_impro07_M027,Ses03M,private,train,1888;6312;10736,3
Ses03F_impro07_M028,Ses03M,private,test,215,1
Ses03F_impro07_M029,Ses03M,private,train,1889;6313;10737,3
Ses03F_impro07_M032,Ses03M,private,train,1890;6314;10738,3
Ses03F_impro07_M033,Ses03M,private,train,1891;6315;10739,3
Ses03F_impro07_M034,Ses03M,private,train,1892;6316;10740,3
Ses03F_impro07_M035,Ses03M,private,train,1893;6317;10741,3
Ses03F_impro08_F000,Ses03F,private,train,1894;6318;10742,3
Ses03F_impro08_F001,Ses03F,private,train,1895;6319;10743,3
Ses03F_impro08_F002,Ses03F,private,train,1896;6320;10744,3
Ses03F_impro08_F003,Ses03F,private,train,1897;6321;10745,3
Ses03F_impro08_F004,Ses03F,private,train,1898;6322;10746,3
Ses03F_impro08_F005,Ses03F,private,train,1899;6323;10747,3
Ses03F_impro08_F006,Ses03F,private,train,1900;6324;10748,3
Ses03F_impro08_F007,Ses03F,private,train,1901;6325;10749,3
Ses03F_impro08_F008,Ses03F,private,train,1902;6326;10750,3
Ses03F_impro08_F009,Ses03F,private,train,1903;6327;10751,3
Ses03F_impro08_F010,Ses03F,private,train,1904;6328;10752,3
Ses03F_impro08_F011,Ses03F,private,train,1905;6329;10753,3
Ses03F_impro08_F012,Ses03F,private,train,1906;6330;10754,3
Ses03F_impro08_F013,Ses03F,private,test,216,1
Ses03F_impro08_F014,Ses03F,private,train,1907;6331;10755,3
Ses03F_impro08_F015,Ses03F,private,train,1908;6332;10756,3
Ses03F_impro08_F016,Ses03F,private,train,1909;6333;10757,3
Ses03F_impro08_F020,Ses03F,private,train,1910;6334;10758,3
Ses03F_impro08_F021,Ses03F,private,dev,222,1
Ses03F_impro08_F022,Ses03F,private,train,1911;6335;10759,3
Ses03F_impro08_F023,Ses03F,private,train,1912;6336;10760,3
Ses03F_impro08_F024,Ses03F,private,train,1913;6337;10761,3
Ses03F_impro08_F025,Ses03F,private,train,1914;6338;10762,3
Ses03F_impro08_F026,Ses03F,private,train,1915;6339;10763,3
Ses03F_impro08_F027,Ses03F,private,train,1916;6340;10764,3
Ses03F_impro08_F028,Ses03F,private,train,1917;6341;10765,3
Ses03F_impro08_F029,Ses03F,private,train,1918;6342;10766,3
Ses03F_impro08_M000,Ses03M,private,dev,223,1
Ses03F_impro08_M006,Ses03M,private,dev,224,1
Ses03F_impro08_M007,Ses03M,private,train,1919;6343;10767,3
Ses03F_impro08_M008,Ses03M,private,train,1920;6344;10768,3
Ses03F_impro08_M009,Ses03M,private,train,1921;6345;10769,3
Ses03F_impro08_M010,Ses03M,private,train,1922;6346;10770,3
Ses03F_impro08_M011,Ses03M,private,dev,225,1
Ses03F_impro08_M012,Ses03M,private,dev,226,1
Ses03F_impro08_M014,Ses03M,private,dev,227,1
Ses03F_impro08_M015,Ses03M,private,test,217,1
Ses03F_impro08_M021,Ses03M,private,train,1923;6347;10771,3
Ses03F_script01_1_F004,Ses03F,private,train,1924;6348;10772,3
Ses03F_script01_1_F005,Ses03F,private,train,1925;6349;10773,3
Ses03F_script01_1_F007,Ses03F,private,train,1926;6350;10774,3
Ses03F_script01_1_F010,Ses03F,private,train,1927;6351;10775,3
Ses03F_script01_1_F014,Ses03F,private,test,218,1
Ses03F_script01_1_F017,Ses03F,private,train,1928;6352;10776,3
Ses03F_script01_1_F019,Ses03F,private,train,1929;6353;10777,3
Ses03F_script01_1_F021,Ses03F,private,train,1930;6354;10778,3
Ses03F_script01_1_F030,Ses03F,private,train,1931;6355;10779,3
Ses03F_script01_1_F031,Ses03F,private,train,1932;6356;10780,3
Ses03F_script01_1_F045,Ses03F,private,train,1933;6357;10781,3
Ses03F_script01_1_F046,Ses03F,private,train,1934;6358;10782,3
Ses03F_script01_1_F050,Ses03F,private,train,1935;6359;10783,3
Ses03F_script01_1_F052,Ses03F,private,train,1936;6360;10784,3
Ses03F_script01_1_F053,Ses03F,private,test,219,1
Ses03F_script01_1_M000,Ses03M,private,train,1937;6361;10785,3
Ses03F_script01_1_M001,Ses03M,private,train,1938;6362;10786,3
Ses03F_script01_1_M002,Ses03M,private,dev,228,1
Ses03F_script01_1_M003,Ses03M,private,test,220,1
Ses03F_script01_1_M004,Ses03M,private,test,221,1
Ses03F_script01_1_M005,Ses03M,private,train,1939;6363;10787,3
Ses03F_script01_1_M006,Ses03M,private,train,1940;6364;10788,3
Ses03F_script01_1_M007,Ses03M,private,dev,229,1
Ses03F_script01_1_M008,Ses03M,private,train,1941;6365;10789,3
Ses03F_script01_1_M009,Ses03M,private,train,1942;6366;10790,3
Ses03F_script01_1_M016,Ses03M,private,dev,230,1
Ses03F_script01_1_M017,Ses03M,private,train,1943;6367;10791,3
Ses03F_script01_1_M018,Ses03M,private,train,1944;6368;10792,3
Ses03F_script01_1_M020,Ses03M,private,train,1945;6369;10793,3
Ses03F_script01_1_M021,Ses03M,private,train,1946;6370;10794,3
Ses03F_script01_1_M022,Ses03M,private,train,1947;6371;10795,3
Ses03F_script01_1_M026,Ses03M,private,train,1948;6372;10796,3
Ses03F_script01_1_M027,Ses03M,private,dev,231,1
Ses03F_script01_1_M028,Ses03M,private,train,1949;6373;10797,3
Ses03F_script01_1_M029,Ses03M,private,test,222,1
Ses03F_script01_1_M030,Ses03M,private,train,1950;6374;10798,3
Ses03F_script01_1_M031,Ses03M,private,test,223,1
Ses03F_script01_1_M034,Ses03M,private,test,224,1
Ses03F_script01_1_M036,Ses03M,private,train,1951;6375;10799,3
Ses03F_script01_1_M041,Ses03M,private,train,1952;6376;10800,3
Ses03F_script01_1_M042,Ses03M,private,train,1953;6377;10801,3
Ses03F_script01_1_M045,Ses03M,private,dev,232,1
Ses03F_script01_1_M046,Ses03M,private,train,1954;6378;10802,3
Ses03F_script01_1_M047,Ses03M,private,train,1955;6379;10803,3
Ses03F_script01_1_M048,Ses03M,private,train,1956;6380;10804,3
Ses03F_script01_1_M049,Ses03M,private,dev,233,1
Ses03F_script01_1_M050,Ses03M,private,train,1957;6381;10805,3
Ses03F_script01_1_M052,Ses03M,private,train,1958;6382;10806,3
Ses03F_script01_1_M053,Ses03M,private,train,1959;6383;10807,3
Ses03F_script01_2_F000,Ses03F,private,train,1960;6384;10808,3
Ses03F_script01_2_F001,Ses03F,private,train,1961;6385;10809,3
Ses03F_script01_2_F002,Ses03F,private,train,1962;6386;10810,3
Ses03F_script01_2_F004,Ses03F,private,dev,234,1
Ses03F_script01_2_F006,Ses03F,private,train,1963;6387;10811,3
Ses03F_script01_2_F011,Ses03F,private,train,1964;6388;10812,3
Ses03F_script01_2_F013,Ses03F,private,train,1965;6389;10813,3
Ses03F_script01_2_F015,Ses03F,private,train,1966;6390;10814,3
Ses03F_script01_2_F016,Ses03F,private,dev,235,1
Ses03F_script01_2_F018,Ses03F,private,train,1967;6391;10815,3
Ses03F_script01_2_F020,Ses03F,private,train,1968;6392;10816,3
Ses03F_script01_2_F021,Ses03F,private,test,225,1
Ses03F_script01_2_M001,Ses03M,private,train,1969;6393;10817,3
Ses03F_script01_2_M003,Ses03M,private,train,1970;6394;10818,3
Ses03F_script01_2_M004,Ses03M,private,train,1971;6395;10819,3
Ses03F_script01_2_M006,Ses03M,private,train,1972;6396;10820,3
Ses03F_script01_2_M007,Ses03M,private,train,1973;6397;10821,3
Ses03F_script01_2_M008,Ses03M,private,train,1974;6398;10822,3
Ses03F_script01_2_M009,Ses03M,private,train,1975;6399;10823,3
Ses03F_script01_2_M011,Ses03M,private,dev,236,1
Ses03F_script01_2_M013,Ses03M,private,train,1976;6400;10824,3
Ses03F_script01_2_M014,Ses03M,private,train,1977;6401;10825,3
Ses03F_script01_2_M015,Ses03M,private,train,1978;6402;10826,3
Ses03F_script01_2_M016,Ses03M,private,dev,237,1
Ses03F_script01_2_M017,Ses03M,private,train,1979;6403;10827,3
Ses03F_script01_2_M018,Ses03M,private,train,1980;6404;10828,3
Ses03F_script01_3_F000,Ses03F,private,train,1981;6405;10829,3
Ses03F_script01_3_F001,Ses03F,private,dev,238,1
Ses03F_script01_3_F002,Ses03F,private,train,1982;6406;10830,3
Ses03F_script01_3_F003,Ses03F,private,train,1983;6407;10831,3
Ses03F_script01_3_F008,Ses03F,private,train,1984;6408;10832,3
Ses03F_script01_3_F011,Ses03F,private,train,1985;6409;10833,3
Ses03F_script01_3_F012,Ses03F,private,train,1986;6410;10834,3
Ses03F_script01_3_F013,Ses03F,private,train,1987;6411;10835,3
Ses03F_script01_3_F014,Ses03F,private,train,1988;6412;10836,3
Ses03F_script01_3_F018,Ses03F,private,train,1989;6413;10837,3
Ses03F_script01_3_F021,Ses03F,private,test,226,1
Ses03F_script01_3_F023,Ses03F,private,train,1990;6414;10838,3
Ses03F_script01_3_F025,Ses03F,private,train,1991;6415;10839,3
Ses03F_script01_3_F026,Ses03F,private,train,1992;6416;10840,3
Ses03F_script01_3_F027,Ses03F,private,train,1993;6417;10841,3
Ses03F_script01_3_F028,Ses03F,private,train,1994;6418;10842,3
Ses03F_script01_3_F029,Ses03F,private,train,1995;6419;10843,3
Ses03F_script01_3_F030,Ses03F,private,train,1996;6420;10844,3
Ses03F_script01_3_F031,Ses03F,private,dev,239,1
Ses03F_script01_3_F032,Ses03F,private,dev,240,1
Ses03F_script01_3_F033,Ses03F,private,train,1997;6421;10845,3
Ses03F_script01_3_F035,Ses03F,private,train,1998;6422;10846,3
Ses03F_script01_3_M000,Ses03M,private,train,1999;6423;10847,3
Ses03F_script01_3_M001,Ses03M,private,train,2000;6424;10848,3
Ses03F_script01_3_M003,Ses03M,private,train,2001;6425;10849,3
Ses03F_script01_3_M004,Ses03M,private,test,227,1
Ses03F_script01_3_M006,Ses03M,private,train,2002;6426;10850,3
Ses03F_script01_3_M009,Ses03M,private,train,2003;6427;10851,3
Ses03F_script01_3_M010,Ses03M,private,dev,241,1
Ses03F_script01_3_M011,Ses03M,private,train,2004;6428;10852,3
Ses03F_script01_3_M012,Ses03M,private,train,2005;6429;10853,3
Ses03F_script01_3_M013,Ses03M,private,train,2006;6430;10854,3
Ses03F_script01_3_M014,Ses03M,private,test,228,1
Ses03F_script01_3_M015,Ses03M,private,train,2007;6431;10855,3
Ses03F_script01_3_M018,Ses03M,private,train,2008;6432;10856,3
Ses03F_script01_3_M019,Ses03M,private,train,2009;6433;10857,3
Ses03F_script01_3_M020,Ses03M,private,train,2010;6434;10858,3
Ses03F_script01_3_M021,Ses03M,private,train,2011;6435;10859,3
Ses03F_script01_3_M023,Ses03M,private,train,2012;6436;10860,3
Ses03F_script01_3_M024,Ses03M,private,dev,242,1
Ses03F_script01_3_M025,Ses03M,private,train,2013;6437;10861,3
Ses03F_script01_3_M026,Ses03M,private,dev,243,1
Ses03F_script01_3_M027,Ses03M,private,train,2014;6438;10862,3
Ses03F_script01_3_M028,Ses03M,private,dev,244,1
Ses03F_script01_3_M029,Ses03M,private,test,229,1
Ses03F_script01_3_M030,Ses03M,private,train,2015;6439;10863,3
Ses03F_script01_3_M031,Ses03M,private,dev,245,1
Ses03F_script01_3_M032,Ses03M,private,train,2016;6440;10864,3
Ses03F_script01_3_M033,Ses03M,private,train,2017;6441;10865,3
Ses03F_script01_3_M034,Ses03M,private,train,2018;6442;10866,3
Ses03F_script01_3_M035,Ses03M,private,train,2019;6443;10867,3
Ses03F_script01_3_M036,Ses03M,private,train,2020;6444;10868,3
Ses03F_script01_3_M037,Ses03M,private,train,2021;6445;10869,3
Ses03F_script01_3_M038,Ses03M,private,test,230,1
Ses03F_script01_3_M039,Ses03M,private,train,2022;6446;10870,3
Ses03F_script01_3_M040,Ses03M,private,train,2023;6447;10871,3
Ses03F_script01_3_M041,Ses03M,private,train,2024;6448;10872,3
Ses03F_script01_3_M042,Ses03M,private,dev,246,1
Ses03F_script01_3_M043,Ses03M,private,train,2025;6449;10873,3
Ses03F_script01_3_M045,Ses03M,private,train,2026;6450;10874,3
Ses03F_script01_3_M046,Ses03M,private,test,231,1
Ses03F_script02_1_F000,Ses03F,private,dev,247,1
Ses03F_script02_1_F003,Ses03F,private,train,2027;6451;10875,3
Ses03F_script02_1_F010,Ses03F,private,train,2028;6452;10876,3
Ses03F_script02_1_F011,Ses03F,private,train,2029;6453;10877,3
Ses03F_script02_1_F012,Ses03F,private,dev,248,1
Ses03F_script02_1_M000,Ses03M,private,train,2030;6454;10878,3
Ses03F_script02_1_M001,Ses03M,private,train,2031;6455;10879,3
Ses03F_script02_1_M002,Ses03M,private,train,2032;6456;10880,3
Ses03F_script02_1_M003,Ses03M,private,train,2033;6457;10881,3
Ses03F_script02_1_M004,Ses03M,private,dev,249,1
Ses03F_script02_1_M005,Ses03M,private,train,2034;6458;10882,3
Ses03F_script02_1_M006,Ses03M,private,test,232,1
Ses03F_script02_1_M009,Ses03M,private,test,233,1
Ses03F_script02_1_M010,Ses03M,private,train,2035;6459;10883,3
Ses03F_script02_1_M011,Ses03M,private,dev,250,1
Ses03F_script02_1_M013,Ses03M,private,test,234,1
Ses03F_script02_1_M014,Ses03M,private,dev,251,1
Ses03F_script02_1_M015,Ses03M,private,train,2036;6460;10884,3
Ses03F_script02_1_M016,Ses03M,private,train,2037;6461;10885,3
Ses03F_script02_1_M017,Ses03M,private,test,235,1
Ses03F_script02_1_M019,Ses03M,private,train,2038;6462;10886,3
Ses03F_script02_1_M020,Ses03M,private,train,2039;6463;10887,3
Ses03F_script02_1_M021,Ses03M,private,train,2040;6464;10888,3
Ses03F_script02_1_M022,Ses03M,private,train,2041;6465;10889,3
Ses03F_script02_1_M023,Ses03M,private,dev,252,1
Ses03F_script02_1_M036,Ses03M,private,train,2042;6466;10890,3
Ses03F_script02_1_M038,Ses03M,private,train,2043;6467;10891,3
Ses03F_script02_1_M039,Ses03M,private,train,2044;6468;10892,3
Ses03F_script02_1_M040,Ses03M,private,test,236,1
Ses03F_script02_1_M041,Ses03M,private,train,2045;6469;10893,3
Ses03F_script02_1_M042,Ses03M,private,dev,253,1
Ses03F_script02_1_M044,Ses03M,private,train,2046;6470;10894,3
Ses03F_script02_2_F000,Ses03F,private,train,2047;6471;10895,3
Ses03F_script02_2_F005,Ses03F,private,train,2048;6472;10896,3
Ses03F_script02_2_F012,Ses03F,private,train,2049;6473;10897,3
Ses03F_script02_2_F016,Ses03F,private,train,2050;6474;10898,3
Ses03F_script02_2_F017,Ses03F,private,train,2051;6475;10899,3
Ses03F_script02_2_F018,Ses03F,private,train,2052;6476;10900,3
Ses03F_script02_2_F019,Ses03F,private,train,2053;6477;10901,3
Ses03F_script02_2_F020,Ses03F,private,train,2054;6478;10902,3
Ses03F_script02_2_F021,Ses03F,private,train,2055;6479;10903,3
Ses03F_script02_2_F022,Ses03F,private,train,2056;6480;10904,3
Ses03F_script02_2_F023,Ses03F,private,train,2057;6481;10905,3
Ses03F_script02_2_F024,Ses03F,private,train,2058;6482;10906,3
Ses03F_script02_2_F025,Ses03F,private,test,237,1
Ses03F_script02_2_F026,Ses03F,private,test,238,1
Ses03F_script02_2_F027,Ses03F,private,train,2059;6483;10907,3
Ses03F_script02_2_F028,Ses03F,private,train,2060;6484;10908,3
Ses03F_script02_2_F031,Ses03F,private,train,2061;6485;10909,3
Ses03F_script02_2_F035,Ses03F,private,train,2062;6486;10910,3
Ses03F_script02_2_F036,Ses03F,private,dev,254,1
Ses03F_script02_2_F038,Ses03F,private,train,2063;6487;10911,3
Ses03F_script02_2_F039,Ses03F,private,test,239,1
Ses03F_script02_2_F040,Ses03F,private,train,2064;6488;10912,3
Ses03F_script02_2_F043,Ses03F,private,train,2065;6489;10913,3
Ses03F_script02_2_F044,Ses03F,private,train,2066;6490;10914,3
Ses03F_script02_2_F045,Ses03F,private,train,2067;6491;10915,3
Ses03F_script02_2_F048,Ses03F,private,dev,255,1
Ses03F_script02_2_F050,Ses03F,private,train,2068;6492;10916,3
Ses03F_script02_2_F051,Ses03F,private,train,2069;6493;10917,3
Ses03F_script02_2_M001,Ses03M,private,dev,256,1
Ses03F_script02_2_M005,Ses03M,private,train,2070;6494;10918,3
Ses03F_script02_2_M008,Ses03M,private,train,2071;6495;10919,3
Ses03F_script02_2_M016,Ses03M,private,train,2072;6496;10920,3
Ses03F_script02_2_M026,Ses03M,private,train,2073;6497;10921,3
Ses03F_script02_2_M038,Ses03M,private,train,2074;6498;10922,3
Ses03F_script02_2_M039,Ses03M,private,train,2075;6499;10923,3
Ses03F_script02_2_M040,Ses03M,private,dev,257,1
Ses03F_script02_2_M041,Ses03M,private,test,240,1
Ses03F_script02_2_M042,Ses03M,private,dev,258,1
Ses03F_script02_2_M043,Ses03M,private,train,2076;6500;10924,3
Ses03F_script02_2_M044,Ses03M,private,train,2077;6501;10925,3
Ses03F_script02_2_M045,Ses03M,private,train,2078;6502;10926,3
Ses03F_script03_1_F000,Ses03F,private,train,2079;6503;10927,3
Ses03F_script03_1_F001,Ses03F,private,train,2080;6504;10928,3
Ses03F_script03_1_F009,Ses03F,private,train,2081;6505;10929,3
Ses03F_script03_1_F014,Ses03F,private,train,2082;6506;10930,3
Ses03F_script03_1_F015,Ses03F,private,train,2083;6507;10931,3
Ses03F_script03_1_F019,Ses03F,private,train,2084;6508;10932,3
Ses03F_script03_1_F021,Ses03F,private,train,2085;6509;10933,3
Ses03F_script03_1_F025,Ses03F,private,train,2086;6510;10934,3
Ses03F_script03_1_F026,Ses03F,private,train,2087;6511;10935,3
Ses03F_script03_1_F027,Ses03F,private,test,241,1
Ses03F_script03_1_M004,Ses03M,private,train,2088;6512;10936,3
Ses03F_script03_1_M005,Ses03M,private,test,242,1
Ses03F_script03_1_M007,Ses03M,private,train,2089;6513;10937,3
Ses03F_script03_1_M011,Ses03M,private,dev,259,1
Ses03F_script03_1_M013,Ses03M,private,train,2090;6514;10938,3
Ses03F_script03_1_M020,Ses03M,private,train,2091;6515;10939,3
Ses03F_script03_1_M022,Ses03M,private,train,2092;6516;10940,3
Ses03F_script03_1_M027,Ses03M,private,train,2093;6517;10941,3
Ses03F_script03_2_F004,Ses03F,private,train,2094;6518;10942,3
Ses03F_script03_2_F008,Ses03F,private,dev,260,1
Ses03F_script03_2_F013,Ses03F,private,test,243,1
Ses03F_script03_2_F014,Ses03F,private,train,2095;6519;10943,3
Ses03F_script03_2_F015,Ses03F,private,train,2096;6520;10944,3
Ses03F_script03_2_F017,Ses03F,private,train,2097;6521;10945,3
Ses03F_script03_2_F018,Ses03F,private,dev,261,1
Ses03F_script03_2_F023,Ses03F,private,train,2098;6522;10946,3
Ses03F_script03_2_F026,Ses03F,private,train,2099;6523;10947,3
Ses03F_script03_2_F035,Ses03F,private,train,2100;6524;10948,3
Ses03F_script03_2_F037,Ses03F,private,train,2101;6525;10949,3
Ses03F_script03_2_F038,Ses03F,private,train,2102;6526;10950,3
Ses03F_script03_2_F039,Ses03F,private,train,2103;6527;10951,3
Ses03F_script03_2_F040,Ses03F,private,train,2104;6528;10952,3
Ses03F_script03_2_F041,Ses03F,private,train,2105;6529;10953,3
Ses03F_script03_2_F042,Ses03F,private,train,2106;6530;10954,3
Ses03F_script03_2_F043,Ses03F,private,train,2107;6531;10955,3
Ses03F_script03_2_M000,Ses03M,private,train,2108;6532;10956,3
Ses03F_script03_2_M001,Ses03M,private,train,2109;6533;10957,3
Ses03F_script03_2_M002,Ses03M,private,train,2110;6534;10958,3
Ses03F_script03_2_M005,Ses03M,private,train,2111;6535;10959,3
Ses03F_script03_2_M007,Ses03M,private,train,2112;6536;10960,3
Ses03F_script03_2_M008,Ses03M,private,train,2113;6537;10961,3
Ses03F_script03_2_M009,Ses03M,private,train,2114;6538;10962,3
Ses03F_script03_2_M010,Ses03M,private,dev,262,1
Ses03F_script03_2_M011,Ses03M,private,train,2115;6539;10963,3
Ses03F_script03_2_M012,Ses03M,private,train,2116;6540;10964,3
Ses03F_script03_2_M014,Ses03M,private,train,2117;6541;10965,3
Ses03F_script03_2_M015,Ses03M,private,train,2118;6542;10966,3
Ses03F_script03_2_M016,Ses03M,private,train,2119;6543;10967,3
Ses03F_script03_2_M017,Ses03M,private,train,2120;6544;10968,3
Ses03F_script03_2_M020,Ses03M,private,train,2121;6545;10969,3
Ses03F_script03_2_M024,Ses03M,private,train,2122;6546;10970,3
Ses03F_script03_2_M026,Ses03M,private,dev,263,1
Ses03F_script03_2_M027,Ses03M,private,train,2123;6547;10971,3
Ses03F_script03_2_M028,Ses03M,private,train,2124;6548;10972,3
Ses03F_script03_2_M029,Ses03M,private,train,2125;6549;10973,3
Ses03F_script03_2_M030,Ses03M,private,train,2126;6550;10974,3
Ses03F_script03_2_M034,Ses03M,private,train,2127;6551;10975,3
Ses03F_script03_2_M035,Ses03M,private,train,2128;6552;10976,3
Ses03F_script03_2_M038,Ses03M,private,train,2129;6553;10977,3
Ses03F_script03_2_M039,Ses03M,private,train,2130;6554;10978,3
Ses03F_script03_2_M040,Ses03M,private,train,2131;6555;10979,3
Ses03F_script03_2_M041,Ses03M,private,train,2132;6556;10980,3
Ses03F_script03_2_M042,Ses03M,private,train,2133;6557;10981,3
Ses03F_script03_2_M043,Ses03M,private,train,2134;6558;10982,3
Ses03F_script03_2_M044,Ses03M,private,train,2135;6559;10983,3
Ses03M_impro01_F000,Ses03F,private,dev,264,1
Ses03M_impro01_F003,Ses03F,private,train,2136;6560;10984,3
Ses03M_impro01_F022,Ses03F,private,train,2137;6561;10985,3
Ses03M_impro01_F025,Ses03F,private,dev,265,1
Ses03M_impro01_M004,Ses03M,private,train,2138;6562;10986,3
Ses03M_impro01_M011,Ses03M,private,train,2139;6563;10987,3
Ses03M_impro01_M012,Ses03M,private,train,2140;6564;10988,3
Ses03M_impro01_M014,Ses03M,private,test,244,1
Ses03M_impro01_M015,Ses03M,private,test,245,1
Ses03M_impro01_M017,Ses03M,private,test,246,1
Ses03M_impro01_M019,Ses03M,private,train,2141;6565;10989,3
Ses03M_impro01_M023,Ses03M,private,train,2142;6566;10990,3
Ses03M_impro01_M028,Ses03M,private,train,2143;6567;10991,3
Ses03M_impro01_M029,Ses03M,private,train,2144;6568;10992,3
Ses03M_impro02_F000,Ses03F,private,test,247,1
Ses03M_impro02_F003,Ses03F,private,train,2145;6569;10993,3
Ses03M_impro02_F013,Ses03F,private,train,2146;6570;10994,3
Ses03M_impro02_F014,Ses03F,private,train,2147;6571;10995,3
Ses03M_impro02_F015,Ses03F,private,test,248,1
Ses03M_impro02_F016,Ses03F,private,dev,266,1
Ses03M_impro02_F017,Ses03F,private,train,2148;6572;10996,3
Ses03M_impro02_F022,Ses03F,private,train,2149;6573;10997,3
Ses03M_impro02_F023,Ses03F,private,train,2150;6574;10998,3
Ses03M_impro02_F024,Ses03F,private,train,2151;6575;10999,3
Ses03M_impro02_F025,Ses03F,private,train,2152;6576;11000,3
Ses03M_impro02_F026,Ses03F,private,train,2153;6577;11001,3
Ses03M_impro02_F027,Ses03F,private,train,2154;6578;11002,3
Ses03M_impro02_F028,Ses03F,private,train,2155;6579;11003,3
Ses03M_impro02_F029,Ses03F,private,train,2156;6580;11004,3
Ses03M_impro02_F030,Ses03F,private,train,2157;6581;11005,3
Ses03M_impro02_F031,Ses03F,private,train,2158;6582;11006,3
Ses03M_impro02_F032,Ses03F,private,train,2159;6583;11007,3
Ses03M_impro02_F033,Ses03F,private,train,2160;6584;11008,3
Ses03M_impro02_F034,Ses03F,private,train,2161;6585;11009,3
Ses03M_impro02_M000,Ses03M,private,test,249,1
Ses03M_impro02_M001,Ses03M,private,train,2162;6586;11010,3
Ses03M_impro02_M002,Ses03M,private,train,2163;6587;11011,3
Ses03M_impro02_M003,Ses03M,private,test,250,1
Ses03M_impro02_M004,Ses03M,private,dev,267,1
Ses03M_impro02_M005,Ses03M,private,train,2164;6588;11012,3
Ses03M_impro02_M006,Ses03M,private,train,2165;6589;11013,3
Ses03M_impro02_M011,Ses03M,private,train,2166;6590;11014,3
Ses03M_impro02_M012,Ses03M,private,train,2167;6591;11015,3
Ses03M_impro02_M013,Ses03M,private,dev,268,1
Ses03M_impro02_M015,Ses03M,private,test,251,1
Ses03M_impro02_M016,Ses03M,private,train,2168;6592;11016,3
Ses03M_impro02_M019,Ses03M,private,train,2169;6593;11017,3
Ses03M_impro02_M024,Ses03M,private,train,2170;6594;11018,3
Ses03M_impro02_M025,Ses03M,private,train,2171;6595;11019,3
Ses03M_impro02_M026,Ses03M,private,train,2172;6596;11020,3
Ses03M_impro02_M027,Ses03M,private,test,252,1
Ses03M_impro02_M028,Ses03M,private,test,253,1
Ses03M_impro02_M029,Ses03M,private,train,2173;6597;11021,3
Ses03M_impro02_M030,Ses03M,private,dev,269,1
Ses03M_impro02_M031,Ses03M,private,train,2174;6598;11022,3
Ses03M_impro03_F001,Ses03F,private,train,2175;6599;11023,3
Ses03M_impro03_F003,Ses03F,private,train,2176;6600;11024,3
Ses03M_impro03_F004,Ses03F,private,train,2177;6601;11025,3
Ses03M_impro03_F005,Ses03F,private,train,2178;6602;11026,3
Ses03M_impro03_F006,Ses03F,private,train,2179;6603;11027,3
Ses03M_impro03_F010,Ses03F,private,test,254,1
Ses03M_impro03_F012,Ses03F,private,test,255,1
Ses03M_impro03_F015,Ses03F,private,train,2180;6604;11028,3
Ses03M_impro03_F016,Ses03F,private,train,2181;6605;11029,3
Ses03M_impro03_F017,Ses03F,private,dev,270,1
Ses03M_impro03_F018,Ses03F,private,train,2182;6606;11030,3
Ses03M_impro03_F021,Ses03F,private,train,2183;6607;11031,3
Ses03M_impro03_F022,Ses03F,private,dev,271,1
Ses03M_impro03_F023,Ses03F,private,train,2184;6608;11032,3
Ses03M_impro03_F024,Ses03F,private,train,2185;6609;11033,3
Ses03M_impro03_F025,Ses03F,private,train,2186;6610;11034,3
Ses03M_impro03_F026,Ses03F,private,train,2187;6611;11035,3
Ses03M_impro03_F027,Ses03F,private,train,2188;6612;11036,3
Ses03M_impro03_F033,Ses03F,private,dev,272,1
Ses03M_impro03_F036,Ses03F,private,train,2189;6613;11037,3
Ses03M_impro03_M000,Ses03M,private,train,2190;6614;11038,3
Ses03M_impro03_M001,Ses03M,private,train,2191;6615;11039,3
Ses03M_impro03_M002,Ses03M,private,train,2192;6616;11040,3
Ses03M_impro03_M003,Ses03M,private,train,2193;6617;11041,3
Ses03M_impro03_M004,Ses03M,private,train,2194;6618;11042,3
Ses03M_impro03_M011,Ses03M,private,dev,273,1
Ses03M_impro03_M012,Ses03M,private,train,2195;6619;11043,3
Ses03M_impro03_M013,Ses03M,private,train,2196;6620;11044,3
Ses03M_impro03_M014,Ses03M,private,test,256,1
Ses03M_impro03_M015,Ses03M,private,dev,274,1
Ses03M_impro03_M016,Ses03M,private,train,2197;6621;11045,3
Ses03M_impro03_M017,Ses03M,private,train,2198;6622;11046,3
Ses03M_impro03_M018,Ses03M,private,train,2199;6623;11047,3
Ses03M_impro03_M019,Ses03M,private,train,2200;6624;11048,3
Ses03M_impro03_M020,Ses03M,private,train,2201;6625;11049,3
Ses03M_impro03_M021,Ses03M,private,train,2202;6626;11050,3
Ses03M_impro03_M028,Ses03M,private,train,2203;6627;11051,3
Ses03M_impro03_M029,Ses03M,private,train,2204;6628;11052,3
Ses03M_impro03_M030,Ses03M,private,train,2205;6629;11053,3
Ses03M_impro03_M031,Ses03M,private,train,2206;6630;11054,3
Ses03M_impro03_M032,Ses03M,private,train,2207;6631;11055,3
Ses03M_impro03_M033,Ses03M,private,train,2208;6632;11056,3
Ses03M_impro03_M035,Ses03M,private,train,2209;6633;11057,3
Ses03M_impro03_M038,Ses03M,private,train,2210;6634;11058,3
Ses03M_impro03_M039,Ses03M,private,train,2211;6635;11059,3
Ses03M_impro04_F001,Ses03F,private,train,2212;6636;11060,3
Ses03M_impro04_F003,Ses03F,private,train,2213;6637;11061,3
Ses03M_impro04_F004,Ses03F,private,train,2214;6638;11062,3
Ses03M_impro04_F007,Ses03F,private,dev,275,1
Ses03M_impro04_F008,Ses03F,private,train,2215;6639;11063,3
Ses03M_impro04_F010,Ses03F,private,train,2216;6640;11064,3
Ses03M_impro04_F014,Ses03F,private,train,2217;6641;11065,3
Ses03M_impro04_F015,Ses03F,private,dev,276,1
Ses03M_impro04_F023,Ses03F,private,train,2218;6642;11066,3
Ses03M_impro04_F025,Ses03F,private,train,2219;6643;11067,3
Ses03M_impro04_F029,Ses03F,private,train,2220;6644;11068,3
Ses03M_impro04_F030,Ses03F,private,train,2221;6645;11069,3
Ses03M_impro04_F031,Ses03F,private,train,2222;6646;11070,3
Ses03M_impro04_F032,Ses03F,private,train,2223;6647;11071,3
Ses03M_impro04_M000,Ses03M,private,train,2224;6648;11072,3
Ses03M_impro04_M004,Ses03M,private,dev,277,1
Ses03M_impro04_M008,Ses03M,private,train,2225;6649;11073,3
Ses03M_impro04_M014,Ses03M,private,dev,278,1
Ses03M_impro04_M024,Ses03M,private,train,2226;6650;11074,3
Ses03M_impro04_M026,Ses03M,private,train,2227;6651;11075,3
Ses03M_impro04_M030,Ses03M,private,train,2228;6652;11076,3
Ses03M_impro04_M031,Ses03M,private,train,2229;6653;11077,3
Ses03M_impro04_M038,Ses03M,private,test,257,1
Ses03M_impro04_M041,Ses03M,private,train,2230;6654;11078,3
Ses03M_impro05a_F000,Ses03F,private,train,2231;6655;11079,3
Ses03M_impro05a_F001,Ses03F,private,test,258,1
Ses03M_impro05a_F002,Ses03F,private,test,259,1
Ses03M_impro05a_F005,Ses03F,private,dev,279,1
Ses03M_impro05a_F007,Ses03F,private,test,260,1
Ses03M_impro05a_F008,Ses03F,private,train,2232;6656;11080,3
Ses03M_impro05a_F009,Ses03F,private,train,2233;6657;11081,3
Ses03M_impro05a_F011,Ses03F,private,train,2234;6658;11082,3
Ses03M_impro05a_F012,Ses03F,private,train,2235;6659;11083,3
Ses03M_impro05a_F014,Ses03F,private,dev,280,1
Ses03M_impro05a_F016,Ses03F,private,train,2236;6660;11084,3
Ses03M_impro05a_F018,Ses03F,private,train,2237;6661;11085,3
Ses03M_impro05a_F021,Ses03F,private,train,2238;6662;11086,3
Ses03M_impro05a_F023,Ses03F,private,train,2239;6663;11087,3
Ses03M_impro05a_F024,Ses03F,private,train,2240;6664;11088,3
Ses03M_impro05a_F025,Ses03F,private,train,2241;6665;11089,3
Ses03M_impro05a_F028,Ses03F,private,train,2242;6666;11090,3
Ses03M_impro05a_M000,Ses03M,private,train,2243;6667;11091,3
Ses03M_impro05a_M001,Ses03M,private,test,261,1
Ses03M_impro05a_M002,Ses03M,private,test,262,1
Ses03M_impro05a_M003,Ses03M,private,train,2244;6668;11092,3
Ses03M_impro05a_M004,Ses03M,private,test,263,1
Ses03M_impro05a_M005,Ses03M,private,train,2245;6669;11093,3
Ses03M_impro05a_M006,Ses03M,private,train,2246;6670;11094,3
Ses03M_impro05a_M007,Ses03M,private,train,2247;6671;11095,3
Ses03M_impro05a_M010,Ses03M,private,train,2248;6672;11096,3
Ses03M_impro05a_M011,Ses03M,private,train,2249;6673;11097,3
Ses03M_impro05a_M012,Ses03M,private,train,2250;6674;11098,3
Ses03M_impro05a_M013,Ses03M,private,train,2251;6675;11099,3
Ses03M_impro05a_M014,Ses03M,private,train,2252;6676;11100,3
Ses03M_impro05a_M016,Ses03M,private,train,2253;6677;11101,3
Ses03M_impro05a_M017,Ses03M,private,dev,281,1
Ses03M_impro05a_M018,Ses03M,private,train,2254;6678;11102,3
Ses03M_impro05a_M020,Ses03M,private,train,2255;6679;11103,3
Ses03M_impro05a_M021,Ses03M,private,train,2256;6680;11104,3
Ses03M_impro05a_M022,Ses03M,private,train,2257;6681;11105,3
Ses03M_impro05a_M023,Ses03M,private,test,264,1
Ses03M_impro05a_M024,Ses03M,private,train,2258;6682;11106,3
Ses03M_impro05a_M025,Ses03M,private,train,2259;6683;11107,3
Ses03M_impro05a_M026,Ses03M,private,test,265,1
Ses03M_impro05a_M027,Ses03M,private,train,2260;6684;11108,3
Ses03M_impro05a_M028,Ses03M,private,train,2261;6685;11109,3
Ses03M_impro05a_M029,Ses03M,private,train,2262;6686;11110,3
Ses03M_impro05a_M030,Ses03M,private,test,266,1
Ses03M_impro05b_F000,Ses03F,private,train,2263;6687;11111,3
Ses03M_impro05b_F001,Ses03F,private,dev,282,1
Ses03M_impro05b_F002,Ses03F,private,test,267,1
Ses03M_impro05b_F003,Ses03F,private,train,2264;6688;11112,3
Ses03M_impro05b_F004,Ses03F,private,train,2265;6689;11113,3
Ses03M_impro05b_F005,Ses03F,private,dev,283,1
Ses03M_impro05b_F006,Ses03F,private,train,2266;6690;11114,3
Ses03M_impro05b_F007,Ses03F,private,test,268,1
Ses03M_impro05b_F008,Ses03F,private,train,2267;6691;11115,3
Ses03M_impro05b_F009,Ses03F,private,train,2268;6692;11116,3
Ses03M_impro05b_F010,Ses03F,private,train,2269;6693;11117,3
Ses03M_impro05b_F011,Ses03F,private,dev,284,1
Ses03M_impro05b_F012,Ses03F,private,dev,285,1
Ses03M_impro05b_F013,Ses03F,private,train,2270;6694;11118,3
Ses03M_impro05b_F014,Ses03F,private,train,2271;6695;11119,3
Ses03M_impro05b_F015,Ses03F,private,train,2272;6696;11120,3
Ses03M_impro05b_F016,Ses03F,private,train,2273;6697;11121,3
Ses03M_impro05b_F018,Ses03F,private,train,2274;6698;11122,3
Ses03M_impro05b_F019,Ses03F,private,dev,286,1
Ses03M_impro05b_F020,Ses03F,private,train,2275;6699;11123,3
Ses03M_impro05b_F021,Ses03F,private,train,2276;6700;11124,3
Ses03M_impro05b_F022,Ses03F,private,train,2277;6701;11125,3
Ses03M_impro05b_F023,Ses03F,private,train,2278;6702;11126,3
Ses03M_impro05b_F027,Ses03F,private,train,2279;6703;11127,3
Ses03M_impro05b_F028,Ses03F,private,test,269,1
Ses03M_impro05b_F029,Ses03F,private,train,2280;6704;11128,3
Ses03M_impro05b_F030,Ses03F,private,dev,287,1
Ses03M_impro05b_M008,Ses03M,private,test,270,1
Ses03M_impro05b_M011,Ses03M,private,train,2281;6705;11129,3
Ses03M_impro05b_M013,Ses03M,private,train,2282;6706;11130,3
Ses03M_impro05b_M014,Ses03M,private,train,2283;6707;11131,3
Ses03M_impro05b_M015,Ses03M,private,train,2284;6708;11132,3
Ses03M_impro05b_M016,Ses03M,private,train,2285;6709;11133,3
Ses03M_impro05b_M019,Ses03M,private,train,2286;6710;11134,3
Ses03M_impro05b_M020,Ses03M,private,dev,288,1
Ses03M_impro05b_M021,Ses03M,private,train,2287;6711;11135,3
Ses03M_impro05b_M022,Ses03M,private,train,2288;6712;11136,3
Ses03M_impro05b_M023,Ses03M,private,test,271,1
Ses03M_impro05b_M024,Ses03M,private,train,2289;6713;11137,3
Ses03M_impro05b_M025,Ses03M,private,train,2290;6714;11138,3
Ses03M_impro05b_M026,Ses03M,private,test,272,1
Ses03M_impro05b_M027,Ses03M,private,test,273,1
Ses03M_impro05b_M029,Ses03M,private,dev,289,1
Ses03M_impro05b_M031,Ses03M,private,train,2291;6715;11139,3
Ses03M_impro05b_M032,Ses03M,private,train,2292;6716;11140,3
Ses03M_impro05b_M033,Ses03M,private,train,2293;6717;11141,3
Ses03M_impro06_F000,Ses03F,private,train,2294;6718;11142,3
Ses03M_impro06_F001,Ses03F,private,dev,290,1
Ses03M_impro06_F002,Ses03F,private,train,2295;6719;11143,3
Ses03M_impro06_F003,Ses03F,private,train,2296;6720;11144,3
Ses03M_impro06_F004,Ses03F,private,test,274,1
Ses03M_impro06_F005,Ses03F,private,train,2297;6721;11145,3
Ses03M_impro06_F007,Ses03F,private,train,2298;6722;11146,3
Ses03M_impro06_F008,Ses03F,private,train,2299;6723;11147,3
Ses03M_impro06_F009,Ses03F,private,train,2300;6724;11148,3
Ses03M_impro06_F010,Ses03F,private,train,2301;6725;11149,3
Ses03M_impro06_F011,Ses03F,private,train,2302;6726;11150,3
Ses03M_impro06_F012,Ses03F,private,dev,291,1
Ses03M_impro06_F013,Ses03F,private,train,2303;6727;11151,3
Ses03M_impro06_F014,Ses03F,private,train,2304;6728;11152,3
Ses03M_impro06_F015,Ses03F,private,train,2305;6729;11153,3
Ses03M_impro06_F016,Ses03F,private,train,2306;6730;11154,3
Ses03M_impro06_F017,Ses03F,private,train,2307;6731;11155,3
Ses03M_impro06_F018,Ses03F,private,train,2308;6732;11156,3
Ses03M_impro06_F019,Ses03F,private,train,2309;6733;11157,3
Ses03M_impro06_F020,Ses03F,private,train,2310;6734;11158,3
Ses03M_impro06_M000,Ses03M,private,train,2311;6735;11159,3
Ses03M_impro06_M001,Ses03M,private,train,2312;6736;11160,3
Ses03M_impro06_M002,Ses03M,private,train,2313;6737;11161,3
Ses03M_impro06_M003,Ses03M,private,train,2314;6738;11162,3
Ses03M_impro06_M004,Ses03M,private,dev,292,1
Ses03M_impro06_M005,Ses03M,private,train,2315;6739;11163,3
Ses03M_impro06_M006,Ses03M,private,train,2316;6740;11164,3
Ses03M_impro06_M007,Ses03M,private,train,2317;6741;11165,3
Ses03M_impro06_M008,Ses03M,private,train,2318;6742;11166,3
Ses03M_impro06_M009,Ses03M,private,train,2319;6743;11167,3
Ses03M_impro06_M010,Ses03M,private,train,2320;6744;11168,3
Ses03M_impro06_M011,Ses03M,private,train,2321;6745;11169,3
Ses03M_impro06_M012,Ses03M,private,train,2322;6746;11170,3
Ses03M_impro06_M013,Ses03M,private,train,2323;6747;11171,3
Ses03M_impro06_M014,Ses03M,private,dev,293,1
Ses03M_impro06_M015,Ses03M,private,train,2324;6748;11172,3
Ses03M_impro06_M016,Ses03M,private,train,2325;6749;11173,3
Ses03M_impro06_M017,Ses03M,private,test,275,1
Ses03M_impro06_M018,Ses03M,private,train,2326;6750;11174,3
Ses03M_impro06_M019,Ses03M,private,train,2327;6751;11175,3
Ses03M_impro06_M020,Ses03M,private,test,276,1
Ses03M_impro06_M021,Ses03M,private,train,2328;6752;11176,3
Ses03M_impro06_M022,Ses03M,private,train,2329;6753;11177,3
Ses03M_impro06_M023,Ses03M,private,train,2330;6754;11178,3
Ses03M_impro06_M024,Ses03M,private,train,2331;6755;11179,3
Ses03M_impro06_M025,Ses03M,private,train,2332;6756;11180,3
Ses03M_impro06_M026,Ses03M,private,train,2333;6757;11181,3
Ses03M_impro06_M027,Ses03M,private,train,2334;6758;11182,3
Ses03M_impro06_M028,Ses03M,private,test,277,1
Ses03M_impro06_M029,Ses03M,private,train,2335;6759;11183,3
Ses03M_impro06_M030,Ses03M,private,test,278,1
Ses03M_impro06_M031,Ses03M,private,train,2336;6760;11184,3
Ses03M_impro06_M032,Ses03M,private,train,2337;6761;11185,3
Ses03M_impro07_F000,Ses03F,private,train,2338;6762;11186,3
Ses03M_impro07_F001,Ses03F,private,train,2339;6763;11187,3
Ses03M_impro07_F006,Ses03F,private,train,2340;6764;11188,3
Ses03M_impro07_F007,Ses03F,private,train,2341;6765;11189,3
Ses03M_impro07_F008,Ses03F,private,train,2342;6766;11190,3
Ses03M_impro07_F009,Ses03F,private,test,279,1
Ses03M_impro07_F010,Ses03F,private,train,2343;6767;11191,3
Ses03M_impro07_F011,Ses03F,private,train,2344;6768;11192,3
Ses03M_impro07_F012,Ses03F,private,train,2345;6769;11193,3
Ses03M_impro07_F013,Ses03F,private,train,2346;6770;11194,3
Ses03M_impro07_F014,Ses03F,private,test,280,1
Ses03M_impro07_F016,Ses03F,private,train,2347;6771;11195,3
Ses03M_impro07_F017,Ses03F,private,dev,294,1
Ses03M_impro07_F018,Ses03F,private,train,2348;6772;11196,3
Ses03M_impro07_F019,Ses03F,private,train,2349;6773;11197,3
Ses03M_impro07_F023,Ses03F,private,train,2350;6774;11198,3
Ses03M_impro07_M002,Ses03M,private,train,2351;6775;11199,3
Ses03M_impro07_M003,Ses03M,private,train,2352;6776;11200,3
Ses03M_impro07_M004,Ses03M,private,train,2353;6777;11201,3
Ses03M_impro07_M005,Ses03M,private,train,2354;6778;11202,3
Ses03M_impro07_M006,Ses03M,private,dev,295,1
Ses03M_impro07_M007,Ses03M,private,test,281,1
Ses03M_impro07_M008,Ses03M,private,train,2355;6779;11203,3
Ses03M_impro07_M009,Ses03M,private,train,2356;6780;11204,3
Ses03M_impro07_M010,Ses03M,private,dev,296,1
Ses03M_impro07_M011,Ses03M,private,train,2357;6781;11205,3
Ses03M_impro07_M013,Ses03M,private,dev,297,1
Ses03M_impro07_M014,Ses03M,private,train,2358;6782;11206,3
Ses03M_impro07_M015,Ses03M,private,dev,298,1
Ses03M_impro07_M016,Ses03M,private,train,2359;6783;11207,3
Ses03M_impro07_M017,Ses03M,private,dev,299,1
Ses03M_impro07_M018,Ses03M,private,train,2360;6784;11208,3
Ses03M_impro07_M019,Ses03M,private,dev,300,1
Ses03M_impro07_M020,Ses03M,private,train,2361;6785;11209,3
Ses03M_impro07_M022,Ses03M,private,train,2362;6786;11210,3
Ses03M_impro07_M023,Ses03M,private,test,282,1
Ses03M_impro07_M024,Ses03M,private,train,2363;6787;11211,3
Ses03M_impro07_M025,Ses03M,private,train,2364;6788;11212,3
Ses03M_impro08a_F004,Ses03F,private,train,2365;6789;11213,3
Ses03M_impro08a_F013,Ses03F,private,train,2366;6790;11214,3
Ses03M_impro08a_F014,Ses03F,private,train,2367;6791;11215,3
Ses03M_impro08a_F015,Ses03F,private,train,2368;6792;11216,3
Ses03M_impro08a_F020,Ses03F,private,train,2369;6793;11217,3
Ses03M_impro08a_F021,Ses03F,private,train,2370;6794;11218,3
Ses03M_impro08a_F022,Ses03F,private,train,2371;6795;11219,3
Ses03M_impro08a_M000,Ses03M,private,train,2372;6796;11220,3
Ses03M_impro08a_M001,Ses03M,private,train,2373;6797;11221,3
Ses03M_impro08a_M002,Ses03M,private,train,2374;6798;11222,3
Ses03M_impro08a_M003,Ses03M,private,train,2375;6799;11223,3
Ses03M_impro08a_M004,Ses03M,private,train,2376;6800;11224,3
Ses03M_impro08a_M005,Ses03M,private,train,2377;6801;11225,3
Ses03M_impro08a_M006,Ses03M,private,train,2378;6802;11226,3
Ses03M_impro08a_M007,Ses03M,private,dev,301,1
Ses03M_impro08a_M008,Ses03M,private,dev,302,1
Ses03M_impro08a_M009,Ses03M,private,dev,303,1
Ses03M_impro08a_M010,Ses03M,private,train,2379;6803;11227,3
Ses03M_impro08a_M012,Ses03M,private,test,283,1
Ses03M_impro08a_M013,Ses03M,private,test,284,1
Ses03M_impro08a_M016,Ses03M,private,dev,304,1
Ses03M_impro08a_M017,Ses03M,private,train,2380;6804;11228,3
Ses03M_impro08a_M018,Ses03M,private,train,2381;6805;11229,3
Ses03M_impro08a_M019,Ses03M,private,train,2382;6806;11230,3
Ses03M_impro08a_M020,Ses03M,private,test,285,1
Ses03M_impro08a_M021,Ses03M,private,train,2383;6807;11231,3
Ses03M_impro08a_M022,Ses03M,private,train,2384;6808;11232,3
Ses03M_impro08a_M023,Ses03M,private,train,2385;6809;11233,3
Ses03M_impro08a_M024,Ses03M,private,train,2386;6810;11234,3
Ses03M_impro08a_M025,Ses03M,private,train,2387;6811;11235,3
Ses03M_impro08a_M026,Ses03M,private,train,2388;6812;11236,3
Ses03M_impro08a_M027,Ses03M,private,train,2389;6813;11237,3
Ses03M_impro08b_F005,Ses03F,private,test,286,1
Ses03M_impro08b_F006,Ses03F,private,train,2390;6814;11238,3
Ses03M_impro08b_F021,Ses03F,private,train,2391;6815;11239,3
Ses03M_impro08b_F023,Ses03F,private,train,2392;6816;11240,3
Ses03M_impro08b_F024,Ses03F,private,train,2393;6817;11241,3
Ses03M_impro08b_M000,Ses03M,private,dev,305,1
Ses03M_impro08b_M001,Ses03M,private,train,2394;6818;11242,3
Ses03M_impro08b_M002,Ses03M,private,train,2395;6819;11243,3
Ses03M_impro08b_M003,Ses03M,private,train,2396;6820;11244,3
Ses03M_impro08b_M004,Ses03M,private,train,2397;6821;11245,3
Ses03M_impro08b_M005,Ses03M,private,train,2398;6822;11246,3
Ses03M_impro08b_M006,Ses03M,private,train,2399;6823;11247,3
Ses03M_impro08b_M007,Ses03M,private,train,2400;6824;11248,3
Ses03M_impro08b_M008,Ses03M,private,train,2401;6825;11249,3
Ses03M_impro08b_M009,Ses03M,private,test,287,1
Ses03M_impro08b_M010,Ses03M,private,train,2402;6826;11250,3
Ses03M_impro08b_M011,Ses03M,private,test,288,1
Ses03M_impro08b_M012,Ses03M,private,test,289,1
Ses03M_impro08b_M013,Ses03M,private,train,2403;6827;11251,3
Ses03M_impro08b_M014,Ses03M,private,dev,306,1
Ses03M_impro08b_M015,Ses03M,private,train,2404;6828;11252,3
Ses03M_impro08b_M016,Ses03M,private,test,290,1
Ses03M_impro08b_M017,Ses03M,private,train,2405;6829;11253,3
Ses03M_impro08b_M018,Ses03M,private,train,2406;6830;11254,3
Ses03M_impro08b_M019,Ses03M,private,train,2407;6831;11255,3
Ses03M_impro08b_M020,Ses03M,private,train,2408;6832;11256,3
Ses03M_impro08b_M021,Ses03M,private,test,291,1
Ses03M_impro08b_M022,Ses03M,private,train,2409;6833;11257,3
Ses03M_script01_1_F000,Ses03F,private,dev,307,1
Ses03M_script01_1_F004,Ses03F,private,dev,308,1
Ses03M_script01_1_F005,Ses03F,private,train,2410;6834;11258,3
Ses03M_script01_1_F008,Ses03F,private,train,2411;6835;11259,3
Ses03M_script01_1_F016,Ses03F,private,train,2412;6836;11260,3
Ses03M_script01_1_F017,Ses03F,private,train,2413;6837;11261,3
Ses03M_script01_1_F020,Ses03F,private,dev,309,1
Ses03M_script01_1_F021,Ses03F,private,train,2414;6838;11262,3
Ses03M_script01_1_F028,Ses03F,private,train,2415;6839;11263,3
Ses03M_script01_1_F030,Ses03F,private,train,2416;6840;11264,3
Ses03M_script01_1_F038,Ses03F,private,train,2417;6841;11265,3
Ses03M_script01_1_F040,Ses03F,private,train,2418;6842;11266,3
Ses03M_script01_1_F043,Ses03F,private,train,2419;6843;11267,3
Ses03M_script01_1_F045,Ses03F,private,train,2420;6844;11268,3
Ses03M_script01_1_F046,Ses03F,private,test,292,1
Ses03M_script01_1_M000,Ses03M,private,train,2421;6845;11269,3
Ses03M_script01_1_M001,Ses03M,private,train,2422;6846;11270,3
Ses03M_script01_1_M002,Ses03M,private,train,2423;6847;11271,3
Ses03M_script01_1_M003,Ses03M,private,test,293,1
Ses03M_script01_1_M004,Ses03M,private,train,2424;6848;11272,3
Ses03M_script01_1_M005,Ses03M,private,train,2425;6849;11273,3
Ses03M_script01_1_M006,Ses03M,private,train,2426;6850;11274,3
Ses03M_script01_1_M007,Ses03M,private,train,2427;6851;11275,3
Ses03M_script01_1_M009,Ses03M,private,train,2428;6852;11276,3
Ses03M_script01_1_M011,Ses03M,private,train,2429;6853;11277,3
Ses03M_script01_1_M012,Ses03M,private,train,2430;6854;11278,3
Ses03M_script01_1_M017,Ses03M,private,train,2431;6855;11279,3
Ses03M_script01_1_M019,Ses03M,private,train,2432;6856;11280,3
Ses03M_script01_1_M021,Ses03M,private,train,2433;6857;11281,3
Ses03M_script01_1_M022,Ses03M,private,train,2434;6858;11282,3
Ses03M_script01_1_M027,Ses03M,private,train,2435;6859;11283,3
Ses03M_script01_1_M028,Ses03M,private,train,2436;6860;11284,3
Ses03M_script01_1_M029,Ses03M,private,train,2437;6861;11285,3
Ses03M_script01_1_M030,Ses03M,private,train,2438;6862;11286,3
Ses03M_script01_1_M031,Ses03M,private,train,2439;6863;11287,3
Ses03M_script01_1_M036,Ses03M,private,test,294,1
Ses03M_script01_1_M037,Ses03M,private,train,2440;6864;11288,3
Ses03M_script01_1_M038,Ses03M,private,train,2441;6865;11289,3
Ses03M_script01_1_M039,Ses03M,private,train,2442;6866;11290,3
Ses03M_script01_1_M040,Ses03M,private,train,2443;6867;11291,3
Ses03M_script01_1_M041,Ses03M,private,train,2444;6868;11292,3
Ses03M_script01_1_M043,Ses03M,private,train,2445;6869;11293,3
Ses03M_script01_1_M045,Ses03M,private,train,2446;6870;11294,3
Ses03M_script01_1_M046,Ses03M,private,train,2447;6871;11295,3
Ses03M_script01_1_M047,Ses03M,private,train,2448;6872;11296,3
Ses03M_script01_2_F000,Ses03F,private,train,2449;6873;11297,3
Ses03M_script01_2_F001,Ses03F,private,train,2450;6874;11298,3
Ses03M_script01_2_F006,Ses03F,private,train,2451;6875;11299,3
Ses03M_script01_2_F009,Ses03F,private,train,2452;6876;11300,3
Ses03M_script01_2_F010,Ses03F,private,train,2453;6877;11301,3
Ses03M_script01_2_F011,Ses03F,private,train,2454;6878;11302,3
Ses03M_script01_2_F012,Ses03F,private,train,2455;6879;11303,3
Ses03M_script01_2_F015,Ses03F,private,test,295,1
Ses03M_script01_2_F017,Ses03F,private,train,2456;6880;11304,3
Ses03M_script01_2_F019,Ses03F,private,train,2457;6881;11305,3
Ses03M_script01_2_M001,Ses03M,private,train,2458;6882;11306,3
Ses03M_script01_2_M004,Ses03M,private,train,2459;6883;11307,3
Ses03M_script01_2_M005,Ses03M,private,train,2460;6884;11308,3
Ses03M_script01_2_M008,Ses03M,private,test,296,1
Ses03M_script01_2_M014,Ses03M,private,train,2461;6885;11309,3
Ses03M_script01_2_M015,Ses03M,private,train,2462;6886;11310,3
Ses03M_script01_2_M016,Ses03M,private,train,2463;6887;11311,3
Ses03M_script01_2_M017,Ses03M,private,train,2464;6888;11312,3
Ses03M_script01_3_F004,Ses03F,private,dev,310,1
Ses03M_script01_3_F006,Ses03F,private,dev,311,1
Ses03M_script01_3_F007,Ses03F,private,train,2465;6889;11313,3
Ses03M_script01_3_F008,Ses03F,private,train,2466;6890;11314,3
Ses03M_script01_3_F011,Ses03F,private,dev,312,1
Ses03M_script01_3_F012,Ses03F,private,train,2467;6891;11315,3
Ses03M_script01_3_F013,Ses03F,private,test,297,1
Ses03M_script01_3_F014,Ses03F,private,train,2468;6892;11316,3
Ses03M_script01_3_F015,Ses03F,private,train,2469;6893;11317,3
Ses03M_script01_3_F016,Ses03F,private,train,2470;6894;11318,3
Ses03M_script01_3_F017,Ses03F,private,train,2471;6895;11319,3
Ses03M_script01_3_F018,Ses03F,private,dev,313,1
Ses03M_script01_3_F019,Ses03F,private,train,2472;6896;11320,3
Ses03M_script01_3_F020,Ses03F,private,train,2473;6897;11321,3
Ses03M_script01_3_F021,Ses03F,private,train,2474;6898;11322,3
Ses03M_script01_3_F029,Ses03F,private,train,2475;6899;11323,3
Ses03M_script01_3_F030,Ses03F,private,train,2476;6900;11324,3
Ses03M_script01_3_F031,Ses03F,private,train,2477;6901;11325,3
Ses03M_script01_3_F033,Ses03F,private,train,2478;6902;11326,3
Ses03M_script01_3_F034,Ses03F,private,train,2479;6903;11327,3
Ses03M_script01_3_M001,Ses03M,private,train,2480;6904;11328,3
Ses03M_script01_3_M004,Ses03M,private,train,2481;6905;11329,3
Ses03M_script01_3_M008,Ses03M,private,train,2482;6906;11330,3
Ses03M_script01_3_M010,Ses03M,private,train,2483;6907;11331,3
Ses03M_script01_3_M016,Ses03M,private,train,2484;6908;11332,3
Ses03M_script01_3_M018,Ses03M,private,train,2485;6909;11333,3
Ses03M_script01_3_M019,Ses03M,private,train,2486;6910;11334,3
Ses03M_script01_3_M021,Ses03M,private,train,2487;6911;11335,3
Ses03M_script01_3_M023,Ses03M,private,train,2488;6912;11336,3
Ses03M_script01_3_M027,Ses03M,private,train,2489;6913;11337,3
Ses03M_script01_3_M028,Ses03M,private,test,298,1
Ses03M_script01_3_M029,Ses03M,private,train,2490;6914;11338,3
Ses03M_script01_3_M030,Ses03M,private,train,2491;6915;11339,3
Ses03M_script01_3_M031,Ses03M,private,dev,314,1
Ses03M_script01_3_M032,Ses03M,private,train,2492;6916;11340,3
Ses03M_script01_3_M033,Ses03M,private,train,2493;6917;11341,3
Ses03M_script01_3_M034,Ses03M,private,train,2494;6918;11342,3
Ses03M_script01_3_M035,Ses03M,private,train,2495;6919;11343,3
Ses03M_script01_3_M036,Ses03M,private,train,2496;6920;11344,3
Ses03M_script01_3_M037,Ses03M,private,train,2497;6921;11345,3
Ses03M_script01_3_M038,Ses03M,private,dev,315,1
Ses03M_script01_3_M039,Ses03M,private,train,2498;6922;11346,3
Ses03M_script01_3_M040,Ses03M,private,train,2499;6923;11347,3
Ses03M_script01_3_M041,Ses03M,private,train,2500;6924;11348,3
Ses03M_script01_3_M042,Ses03M,private,dev,316,1
Ses03M_script01_3_M045,Ses03M,private,dev,317,1
Ses03M_script01_3_M046,Ses03M,private,train,2501;6925;11349,3
Ses03M_script02_1_F005,Ses03F,private,train,2502;6926;11350,3
Ses03M_script02_1_F016,Ses03F,private,train,2503;6927;11351,3
Ses03M_script02_1_M000,Ses03M,private,train,2504;6928;11352,3
Ses03M_script02_1_M001,Ses03M,private,train,2505;6929;11353,3
Ses03M_script02_1_M002,Ses03M,private,train,2506;6930;11354,3
Ses03M_script02_1_M003,Ses03M,private,dev,318,1
Ses03M_script02_1_M004,Ses03M,private,train,2507;6931;11355,3
Ses03M_script02_1_M005,Ses03M,private,train,2508;6932;11356,3
Ses03M_script02_1_M014,Ses03M,private,train,2509;6933;11357,3
Ses03M_script02_1_M015,Ses03M,private,train,2510;6934;11358,3
Ses03M_script02_1_M016,Ses03M,private,train,2511;6935;11359,3
Ses03M_script02_1_M017,Ses03M,private,train,2512;6936;11360,3
Ses03M_script02_1_M023,Ses03M,private,train,2513;6937;11361,3
Ses03M_script02_1_M024,Ses03M,private,train,2514;6938;11362,3
Ses03M_script02_1_M025,Ses03M,private,train,2515;6939;11363,3
Ses03M_script02_1_M026,Ses03M,private,train,2516;6940;11364,3
Ses03M_script02_1_M027,Ses03M,private,train,2517;6941;11365,3
Ses03M_script02_1_M034,Ses03M,private,train,2518;6942;11366,3
Ses03M_script02_1_M035,Ses03M,private,test,299,1
Ses03M_script02_1_M036,Ses03M,private,train,2519;6943;11367,3
Ses03M_script02_1_M037,Ses03M,private,train,2520;6944;11368,3
Ses03M_script02_1_M038,Ses03M,private,train,2521;6945;11369,3
Ses03M_script02_1_M039,Ses03M,private,train,2522;6946;11370,3
Ses03M_script02_1_M040,Ses03M,private,train,2523;6947;11371,3
Ses03M_script02_1_M041,Ses03M,private,test,300,1
Ses03M_script02_1_M042,Ses03M,private,train,2524;6948;11372,3
Ses03M_script02_1_M043,Ses03M,private,train,2525;6949;11373,3
Ses03M_script02_2_F000,Ses03F,private,train,2526;6950;11374,3
Ses03M_script02_2_F001,Ses03F,private,dev,319,1
Ses03M_script02_2_F002,Ses03F,private,train,2527;6951;11375,3
Ses03M_script02_2_F003,Ses03F,private,train,2528;6952;11376,3
Ses03M_script02_2_F004,Ses03F,private,train,2529;6953;11377,3
Ses03M_script02_2_F009,Ses03F,private,train,2530;6954;11378,3
Ses03M_script02_2_F011,Ses03F,private,train,2531;6955;11379,3
Ses03M_script02_2_F013,Ses03F,private,train,2532;6956;11380,3
Ses03M_script02_2_F016,Ses03F,private,test,301,1
Ses03M_script02_2_F018,Ses03F,private,train,2533;6957;11381,3
Ses03M_script02_2_F023,Ses03F,private,train,2534;6958;11382,3
Ses03M_script02_2_F024,Ses03F,private,test,302,1
Ses03M_script02_2_F025,Ses03F,private,train,2535;6959;11383,3
Ses03M_script02_2_F031,Ses03F,private,train,2536;6960;11384,3
Ses03M_script02_2_F033,Ses03F,private,test,303,1
Ses03M_script02_2_F034,Ses03F,private,train,2537;6961;11385,3
Ses03M_script02_2_F035,Ses03F,private,train,2538;6962;11386,3
Ses03M_script02_2_F036,Ses03F,private,train,2539;6963;11387,3
Ses03M_script02_2_F037,Ses03F,private,train,2540;6964;11388,3
Ses03M_script02_2_F038,Ses03F,private,train,2541;6965;11389,3
Ses03M_script02_2_F040,Ses03F,private,train,2542;6966;11390,3
Ses03M_script02_2_F041,Ses03F,private,train,2543;6967;11391,3
Ses03M_script02_2_F042,Ses03F,private,train,2544;6968;11392,3
Ses03M_script02_2_F044,Ses03F,private,test,304,1
Ses03M_script02_2_F046,Ses03F,private,train,2545;6969;11393,3
Ses03M_script02_2_F047,Ses03F,private,train,2546;6970;11394,3
Ses03M_script02_2_F048,Ses03F,private,train,2547;6971;11395,3
Ses03M_script02_2_F049,Ses03F,private,train,2548;6972;11396,3
Ses03M_script02_2_M000,Ses03M,private,train,2549;6973;11397,3
Ses03M_script02_2_M014,Ses03M,private,train,2550;6974;11398,3
Ses03M_script02_2_M017,Ses03M,private,train,2551;6975;11399,3
Ses03M_script02_2_M019,Ses03M,private,train,2552;6976;11400,3
Ses03M_script02_2_M020,Ses03M,private,train,2553;6977;11401,3
Ses03M_script02_2_M021,Ses03M,private,test,305,1
Ses03M_script02_2_M022,Ses03M,private,train,2554;6978;11402,3
Ses03M_script02_2_M028,Ses03M,private,dev,320,1
Ses03M_script02_2_M029,Ses03M,private,train,2555;6979;11403,3
Ses03M_script02_2_M030,Ses03M,private,train,2556;6980;11404,3
Ses03M_script02_2_M031,Ses03M,private,train,2557;6981;11405,3
Ses03M_script02_2_M032,Ses03M,private,train,2558;6982;11406,3
Ses03M_script02_2_M033,Ses03M,private,train,2559;6983;11407,3
Ses03M_script02_2_M036,Ses03M,private,test,306,1
Ses03M_script02_2_M037,Ses03M,private,train,2560;6984;11408,3
Ses03M_script02_2_M041,Ses03M,private,train,2561;6985;11409,3
Ses03M_script02_2_M042,Ses03M,private,train,2562;6986;11410,3
Ses03M_script02_2_M045,Ses03M,private,train,2563;6987;11411,3
Ses03M_script02_2_M046,Ses03M,private,train,2564;6988;11412,3
Ses03M_script03_1_F003,Ses03F,private,train,2565;6989;11413,3
Ses03M_script03_1_F004,Ses03F,private,train,2566;6990;11414,3
Ses03M_script03_1_F005,Ses03F,private,test,307,1
Ses03M_script03_1_F006,Ses03F,private,train,2567;6991;11415,3
Ses03M_script03_1_F018,Ses03F,private,train,2568;6992;11416,3
Ses03M_script03_1_M004,Ses03M,private,train,2569;6993;11417,3
Ses03M_script03_1_M006,Ses03M,private,train,2570;6994;11418,3
Ses03M_script03_1_M035,Ses03M,private,train,2571;6995;11419,3
Ses03M_script03_2_F000,Ses03F,private,train,2572;6996;11420,3
Ses03M_script03_2_F001,Ses03F,private,dev,321,1
Ses03M_script03_2_F003,Ses03F,private,train,2573;6997;11421,3
Ses03M_script03_2_F004,Ses03F,private,train,2574;6998;11422,3
Ses03M_script03_2_F006,Ses03F,private,train,2575;6999;11423,3
Ses03M_script03_2_F010,Ses03F,private,dev,322,1
Ses03M_script03_2_F011,Ses03F,private,dev,323,1
Ses03M_script03_2_F012,Ses03F,private,train,2576;7000;11424,3
Ses03M_script03_2_F014,Ses03F,private,test,308,1
Ses03M_script03_2_F016,Ses03F,private,train,2577;7001;11425,3
Ses03M_script03_2_F017,Ses03F,private,train,2578;7002;11426,3
Ses03M_script03_2_F024,Ses03F,private,train,2579;7003;11427,3
Ses03M_script03_2_F025,Ses03F,private,train,2580;7004;11428,3
Ses03M_script03_2_F028,Ses03F,private,train,2581;7005;11429,3
Ses03M_script03_2_F029,Ses03F,private,train,2582;7006;11430,3
Ses03M_script03_2_F030,Ses03F,private,train,2583;7007;11431,3
Ses03M_script03_2_F031,Ses03F,private,train,2584;7008;11432,3
Ses03M_script03_2_F032,Ses03F,private,train,2585;7009;11433,3
Ses03M_script03_2_F033,Ses03F,private,dev,324,1
Ses03M_script03_2_F036,Ses03F,private,train,2586;7010;11434,3
Ses03M_script03_2_F038,Ses03F,private,test,309,1
Ses03M_script03_2_F039,Ses03F,private,train,2587;7011;11435,3
Ses03M_script03_2_F040,Ses03F,private,train,2588;7012;11436,3
Ses03M_script03_2_F041,Ses03F,private,test,310,1
Ses03M_script03_2_F042,Ses03F,private,train,2589;7013;11437,3
Ses03M_script03_2_F043,Ses03F,private,train,2590;7014;11438,3
Ses03M_script03_2_F044,Ses03F,private,train,2591;7015;11439,3
Ses03M_script03_2_F045,Ses03F,private,train,2592;7016;11440,3
Ses03M_script03_2_M000,Ses03M,private,train,2593;7017;11441,3
Ses03M_script03_2_M003,Ses03M,private,train,2594;7018;11442,3
Ses03M_script03_2_M004,Ses03M,private,train,2595;7019;11443,3
Ses03M_script03_2_M005,Ses03M,private,train,2596;7020;11444,3
Ses03M_script03_2_M006,Ses03M,private,train,2597;7021;11445,3
Ses03M_script03_2_M007,Ses03M,private,train,2598;7022;11446,3
Ses03M_script03_2_M008,Ses03M,private,train,2599;7023;11447,3
Ses03M_script03_2_M009,Ses03M,private,train,2600;7024;11448,3
Ses03M_script03_2_M010,Ses03M,private,train,2601;7025;11449,3
Ses03M_script03_2_M011,Ses03M,private,train,2602;7026;11450,3
Ses03M_script03_2_M012,Ses03M,private,train,2603;7027;11451,3
Ses03M_script03_2_M014,Ses03M,private,train,2604;7028;11452,3
Ses03M_script03_2_M019,Ses03M,private,train,2605;7029;11453,3
Ses03M_script03_2_M020,Ses03M,private,train,2606;7030;11454,3
Ses03M_script03_2_M021,Ses03M,private,train,2607;7031;11455,3
Ses03M_script03_2_M029,Ses03M,private,train,2608;7032;11456,3
Ses03M_script03_2_M030,Ses03M,private,test,311,1
Ses03M_script03_2_M031,Ses03M,private,train,2609;7033;11457,3
Ses03M_script03_2_M032,Ses03M,private,train,2610;7034;11458,3
Ses03M_script03_2_M033,Ses03M,private,train,2611;7035;11459,3
Ses03M_script03_2_M034,Ses03M,private,train,2612;7036;11460,3
Ses03M_script03_2_M038,Ses03M,private,train,2613;7037;11461,3
Ses03M_script03_2_M039,Ses03M,private,train,2614;7038;11462,3
Ses03M_script03_2_M040,Ses03M,private,train,2615;7039;11463,3
Ses03M_script03_2_M041,Ses03M,private,test,312,1
Ses03M_script03_2_M042,Ses03M,private,train,2616;7040;11464,3
Ses03M_script03_2_M043,Ses03M,private,train,2617;7041;11465,3
Ses03M_script03_2_M044,Ses03M,private,train,2618;7042;11466,3
Ses03M_script03_2_M045,Ses03M,private,train,2619;7043;11467,3
Ses03M_script03_2_M046,Ses03M,private,train,2620;7044;11468,3
Ses04F_impro01_F004,Ses04F,auxiliary,train,2621;7045;11469,3
Ses04F_impro01_F008,Ses04F,auxiliary,test,313,1
Ses04F_impro01_F009,Ses04F,auxiliary,train,2622;7046;11470,3
Ses04F_impro01_F010,Ses04F,auxiliary,train,2623;7047;11471,3
Ses04F_impro01_F012,Ses04F,auxiliary,train,2624;7048;11472,3
Ses04F_impro01_F014,Ses04F,auxiliary,train,2625;7049;11473,3
Ses04F_impro01_F016,Ses04F,auxiliary,dev,325,1
Ses04F_impro01_F019,Ses04F,auxiliary,train,2626;7050;11474,3
Ses04F_impro01_F021,Ses04F,auxiliary,train,2627;7051;11475,3
Ses04F_impro01_F022,Ses04F,auxiliary,train,2628;7052;11476,3
Ses04F_impro01_M005,Ses04M,auxiliary,train,2629;7053;11477,3
Ses04F_impro01_M008,Ses04M,auxiliary,train,2630;7054;11478,3
Ses04F_impro01_M011,Ses04M,auxiliary,train,2631;7055;11479,3
Ses04F_impro01_M014,Ses04M,auxiliary,dev,326,1
Ses04F_impro01_M021,Ses04M,auxiliary,train,2632;7056;11480,3
Ses04F_impro01_M023,Ses04M,auxiliary,train,2633;7057;11481,3
Ses04F_impro01_M024,Ses04M,auxiliary,train,2634;7058;11482,3
Ses04F_impro02_F000,Ses04F,auxiliary,train,2635;7059;11483,3
Ses04F_impro02_F001,Ses04F,auxiliary,train,2636;7060;11484,3
Ses04F_impro02_F002,Ses04F,auxiliary,train,2637;7061;11485,3
Ses04F_impro02_F003,Ses04F,auxiliary,train,2638;7062;11486,3
Ses04F_impro02_F005,Ses04F,auxiliary,train,2639;7063;11487,3
Ses04F_impro02_F006,Ses04F,auxiliary,train,2640;7064;11488,3
Ses04F_impro02_F007,Ses04F,auxiliary,train,2641;7065;11489,3
Ses04F_impro02_F009,Ses04F,auxiliary,test,314,1
Ses04F_impro02_F011,Ses04F,auxiliary,train,2642;7066;11490,3
Ses04F_impro02_F012,Ses04F,auxiliary,train,2643;7067;11491,3
Ses04F_impro02_F017,Ses04F,auxiliary,dev,327,1
Ses04F_impro02_F018,Ses04F,auxiliary,train,2644;7068;11492,3
Ses04F_impro02_F022,Ses04F,auxiliary,train,2645;7069;11493,3
Ses04F_impro02_F023,Ses04F,auxiliary,train,2646;7070;11494,3
Ses04F_impro02_F024,Ses04F,auxiliary,train,2647;7071;11495,3
Ses04F_impro02_M000,Ses04M,auxiliary,train,2648;7072;11496,3
Ses04F_impro02_M001,Ses04M,auxiliary,train,2649;7073;11497,3
Ses04F_impro02_M004,Ses04M,auxiliary,train,2650;7074;11498,3
Ses04F_impro02_M012,Ses04M,auxiliary,train,2651;7075;11499,3
Ses04F_impro02_M018,Ses04M,auxiliary,test,315,1
Ses04F_impro02_M020,Ses04M,auxiliary,train,2652;7076;11500,3
Ses04F_impro02_M021,Ses04M,auxiliary,train,2653;7077;11501,3
Ses04F_impro02_M024,Ses04M,auxiliary,train,2654;7078;11502,3
Ses04F_impro02_M025,Ses04M,auxiliary,train,2655;7079;11503,3
Ses04F_impro02_M026,Ses04M,auxiliary,train,2656;7080;11504,3
Ses04F_impro03_F000,Ses04F,auxiliary,train,2657;7081;11505,3
Ses04F_impro03_F001,Ses04F,auxiliary,train,2658;7082;11506,3
Ses04F_impro03_F002,Ses04F,auxiliary,train,2659;7083;11507,3
Ses04F_impro03_F003,Ses04F,auxiliary,train,2660;7084;11508,3
Ses04F_impro03_F004,Ses04F,auxiliary,train,2661;7085;11509,3
Ses04F_impro03_F005,Ses04F,auxiliary,train,2662;7086;11510,3
Ses04F_impro03_F006,Ses04F,auxiliary,train,2663;7087;11511,3
Ses04F_impro03_F007,Ses04F,auxiliary,train,2664;7088;11512,3
Ses04F_impro03_F009,Ses04F,auxiliary,train,2665;7089;11513,3
Ses04F_impro03_F010,Ses04F,auxiliary,train,2666;7090;11514,3
Ses04F_impro03_F011,Ses04F,auxiliary,train,2667;7091;11515,3
Ses04F_impro03_F012,Ses04F,auxiliary,train,2668;7092;11516,3
Ses04F_impro03_F013,Ses04F,auxiliary,train,2669;7093;11517,3
Ses04F_impro03_F014,Ses04F,auxiliary,test,316,1
Ses04F_impro03_F015,Ses04F,auxiliary,test,317,1
Ses04F_impro03_F016,Ses04F,auxiliary,train,2670;7094;11518,3
Ses04F_impro03_F017,Ses04F,auxiliary,train,2671;7095;11519,3
Ses04F_impro03_F018,Ses04F,auxiliary,train,2672;7096;11520,3
Ses04F_impro03_F034,Ses04F,auxiliary,dev,328,1
Ses04F_impro03_F036,Ses04F,auxiliary,train,2673;7097;11521,3
Ses04F_impro03_F038,Ses04F,auxiliary,train,2674;7098;11522,3
Ses04F_impro03_F040,Ses04F,auxiliary,train,2675;7099;11523,3
Ses04F_impro03_F041,Ses04F,auxiliary,train,2676;7100;11524,3
Ses04F_impro03_F042,Ses04F,auxiliary,test,318,1
Ses04F_impro03_F043,Ses04F,auxiliary,train,2677;7101;11525,3
Ses04F_impro03_F044,Ses04F,auxiliary,train,2678;7102;11526,3
Ses04F_impro03_F045,Ses04F,auxiliary,train,2679;7103;11527,3
Ses04F_impro03_F047,Ses04F,auxiliary,train,2680;7104;11528,3
Ses04F_impro03_F048,Ses04F,auxiliary,train,2681;7105;11529,3
Ses04F_impro03_F050,Ses04F,auxiliary,train,2682;7106;11530,3
Ses04F_impro03_F051,Ses04F,auxiliary,dev,329,1
Ses04F_impro03_F052,Ses04F,auxiliary,train,2683;7107;11531,3
Ses04F_impro03_M000,Ses04M,auxiliary,train,2684;7108;11532,3
Ses04F_impro03_M001,Ses04M,auxiliary,dev,330,1
Ses04F_impro03_M003,Ses04M,auxiliary,train,2685;7109;11533,3
Ses04F_impro03_M004,Ses04M,auxiliary,dev,331,1
Ses04F_impro03_M005,Ses04M,auxiliary,train,2686;7110;11534,3
Ses04F_impro03_M014,Ses04M,auxiliary,train,2687;7111;11535,3
Ses04F_impro03_M018,Ses04M,auxiliary,train,2688;7112;11536,3
Ses04F_impro03_M019,Ses04M,auxiliary,train,2689;7113;11537,3
Ses04F_impro03_M020,Ses04M,auxiliary,dev,332,1
Ses04F_impro03_M021,Ses04M,auxiliary,train,2690;7114;11538,3
Ses04F_impro03_M027,Ses04M,auxiliary,train,2691;7115;11539,3
Ses04F_impro03_M028,Ses04M,auxiliary,train,2692;7116;11540,3
Ses04F_impro03_M029,Ses04M,auxiliary,train,2693;7117;11541,3
Ses04F_impro03_M030,Ses04M,auxiliary,train,2694;7118;11542,3
Ses04F_impro03_M031,Ses04M,auxiliary,train,2695;7119;11543,3
Ses04F_impro03_M032,Ses04M,auxiliary,train,2696;7120;11544,3
Ses04F_impro03_M033,Ses04M,auxiliary,train,2697;7121;11545,3
Ses04F_impro03_M034,Ses04M,auxiliary,train,2698;7122;11546,3
Ses04F_impro03_M035,Ses04M,auxiliary,dev,333,1
Ses04F_impro03_M036,Ses04M,auxiliary,train,2699;7123;11547,3
Ses04F_impro03_M037,Ses04M,auxiliary,train,2700;7124;11548,3
Ses04F_impro03_M038,Ses04M,auxiliary,train,2701;7125;11549,3
Ses04F_impro03_M039,Ses04M,auxiliary,train,2702;7126;11550,3
Ses04F_impro03_M040,Ses04M,auxiliary,train,2703;7127;11551,3
Ses04F_impro03_M041,Ses04M,auxiliary,train,2704;7128;11552,3
Ses04F_impro03_M042,Ses04M,auxiliary,dev,334,1
Ses04F_impro03_M043,Ses04M,auxiliary,train,2705;7129;11553,3
Ses04F_impro03_M047,Ses04M,auxiliary,train,2706;7130;11554,3
Ses04F_impro04_F000,Ses04F,auxiliary,train,2707;7131;11555,3
Ses04F_impro04_F005,Ses04F,auxiliary,train,2708;7132;11556,3
Ses04F_impro04_F006,Ses04F,auxiliary,train,2709;7133;11557,3
Ses04F_impro04_F008,Ses04F,auxiliary,test,319,1
Ses04F_impro04_F011,Ses04F,auxiliary,train,2710;7134;11558,3
Ses04F_impro04_F013,Ses04F,auxiliary,train,2711;7135;11559,3
Ses04F_impro04_F014,Ses04F,auxiliary,train,2712;7136;11560,3
Ses04F_impro04_F015,Ses04F,auxiliary,train,2713;7137;11561,3
Ses04F_impro04_F016,Ses04F,auxiliary,test,320,1
Ses04F_impro04_F017,Ses04F,auxiliary,train,2714;7138;11562,3
Ses04F_impro04_F018,Ses04F,auxiliary,test,321,1
Ses04F_impro04_F025,Ses04F,auxiliary,train,2715;7139;11563,3
Ses04F_impro04_F030,Ses04F,auxiliary,dev,335,1
Ses04F_impro04_F031,Ses04F,auxiliary,dev,336,1
Ses04F_impro04_M001,Ses04M,auxiliary,train,2716;7140;11564,3
Ses04F_impro04_M002,Ses04M,auxiliary,train,2717;7141;11565,3
Ses04F_impro04_M003,Ses04M,auxiliary,train,2718;7142;11566,3
Ses04F_impro04_M004,Ses04M,auxiliary,dev,337,1
Ses04F_impro04_M005,Ses04M,auxiliary,train,2719;7143;11567,3
Ses04F_impro04_M006,Ses04M,auxiliary,train,2720;7144;11568,3
Ses04F_impro04_M007,Ses04M,auxiliary,dev,338,1
Ses04F_impro04_M008,Ses04M,auxiliary,train,2721;7145;11569,3
Ses04F_impro04_M009,Ses04M,auxiliary,dev,339,1
Ses04F_impro04_M013,Ses04M,auxiliary,train,2722;7146;11570,3
Ses04F_impro04_M014,Ses04M,auxiliary,test,322,1
Ses04F_impro04_M015,Ses04M,auxiliary,train,2723;7147;11571,3
Ses04F_impro04_M016,Ses04M,auxiliary,dev,340,1
Ses04F_impro04_M017,Ses04M,auxiliary,test,323,1
Ses04F_impro04_M018,Ses04M,auxiliary,test,324,1
Ses04F_impro04_M019,Ses04M,auxiliary,dev,341,1
Ses04F_impro04_M020,Ses04M,auxiliary,train,2724;7148;11572,3
Ses04F_impro04_M021,Ses04M,auxiliary,train,2725;7149;11573,3
Ses04F_impro04_M022,Ses04M,auxiliary,train,2726;7150;11574,3
Ses04F_impro04_M023,Ses04M,auxiliary,train,2727;7151;11575,3
Ses04F_impro04_M026,Ses04M,auxiliary,train,2728;7152;11576,3
Ses04F_impro04_M028,Ses04M,auxiliary,train,2729;7153;11577,3
Ses04F_impro04_M030,Ses04M,auxiliary,test,325,1
Ses04F_impro04_M031,Ses04M,auxiliary,train,2730;7154;11578,3
Ses04F_impro04_M033,Ses04M,auxiliary,train,2731;7155;11579,3
Ses04F_impro05_F004,Ses04F,auxiliary,train,2732;7156;11580,3
Ses04F_impro05_F005,Ses04F,auxiliary,train,2733;7157;11581,3
Ses04F_impro05_F006,Ses04F,auxiliary,dev,342,1
Ses04F_impro05_F008,Ses04F,auxiliary,test,326,1
Ses04F_impro05_F009,Ses04F,auxiliary,test,327,1
Ses04F_impro05_F010,Ses04F,auxiliary,test,328,1
Ses04F_impro05_F011,Ses04F,auxiliary,train,2734;7158;11582,3
Ses04F_impro05_F012,Ses04F,auxiliary,train,2735;7159;11583,3
Ses04F_impro05_F013,Ses04F,auxiliary,train,2736;7160;11584,3
Ses04F_impro05_F014,Ses04F,auxiliary,train,2737;7161;11585,3
Ses04F_impro05_F015,Ses04F,auxiliary,train,2738;7162;11586,3
Ses04F_impro05_F016,Ses04F,auxiliary,test,329,1
Ses04F_impro05_F017,Ses04F,auxiliary,train,2739;7163;11587,3
Ses04F_impro05_F018,Ses04F,auxiliary,train,2740;7164;11588,3
Ses04F_impro05_F019,Ses04F,auxiliary,train,2741;7165;11589,3
Ses04F_impro06_F000,Ses04F,auxiliary,train,2742;7166;11590,3
Ses04F_impro06_F001,Ses04F,auxiliary,test,330,1
Ses04F_impro06_F002,Ses04F,auxiliary,train,2743;7167;11591,3
Ses04F_impro06_F003,Ses04F,auxiliary,dev,343,1
Ses04F_impro06_F004,Ses04F,auxiliary,dev,344,1
Ses04F_impro06_F005,Ses04F,auxiliary,train,2744;7168;11592,3
Ses04F_impro06_F006,Ses04F,auxiliary,dev,345,1
Ses04F_impro06_F007,Ses04F,auxiliary,train,2745;7169;11593,3
Ses04F_impro06_F008,Ses04F,auxiliary,test,331,1
Ses04F_impro06_F009,Ses04F,auxiliary,dev,346,1
Ses04F_impro06_F010,Ses04F,auxiliary,train,2746;7170;11594,3
Ses04F_impro06_M000,Ses04M,auxiliary,train,2747;7171;11595,3
Ses04F_impro06_M001,Ses04M,auxiliary,train,2748;7172;11596,3
Ses04F_impro06_M002,Ses04M,auxiliary,train,2749;7173;11597,3
Ses04F_impro06_M003,Ses04M,auxiliary,dev,347,1
Ses04F_impro06_M004,Ses04M,auxiliary,train,2750;7174;11598,3
Ses04F_impro06_M005,Ses04M,auxiliary,train,2751;7175;11599,3
Ses04F_impro06_M006,Ses04M,auxiliary,dev,348,1
Ses04F_impro06_M007,Ses04M,auxiliary,train,2752;7176;11600,3
Ses04F_impro06_M008,Ses04M,auxiliary,train,2753;7177;11601,3
Ses04F_impro06_M009,Ses04M,auxiliary,dev,349,1
Ses04F_impro06_M010,Ses04M,auxiliary,train,2754;7178;11602,3
Ses04F_impro06_M011,Ses04M,auxiliary,test,332,1
Ses04F_impro06_M012,Ses04M,auxiliary,train,2755;7179;11603,3
Ses04F_impro06_M013,Ses04M,auxiliary,test,333,1
Ses04F_impro06_M014,Ses04M,auxiliary,test,334,1
Ses04F_impro07_F000,Ses04F,auxiliary,train,2756;7180;11604,3
Ses04F_impro07_F001,Ses04F,auxiliary,dev,350,1
Ses04F_impro07_F002,Ses04F,auxiliary,dev,351,1
Ses04F_impro07_F003,Ses04F,auxiliary,train,2757;7181;11605,3
Ses04F_impro07_F004,Ses04F,auxiliary,train,2758;7182;11606,3
Ses04F_impro07_F005,Ses04F,auxiliary,train,2759;7183;11607,3
Ses04F_impro07_F006,Ses04F,auxiliary,dev,352,1
Ses04F_impro07_F007,Ses04F,auxiliary,train,2760;7184;11608,3
Ses04F_impro07_F008,Ses04F,auxiliary,train,2761;7185;11609,3
Ses04F_impro07_F009,Ses04F,auxiliary,test,335,1
Ses04F_impro07_F010,Ses04F,auxiliary,train,2762;7186;11610,3
Ses04F_impro07_F011,Ses04F,auxiliary,train,2763;7187;11611,3
Ses04F_impro07_F012,Ses04F,auxiliary,train,2764;7188;11612,3
Ses04F_impro07_F013,Ses04F,auxiliary,train,2765;7189;11613,3
Ses04F_impro07_F014,Ses04F,auxiliary,test,336,1
Ses04F_impro07_F015,Ses04F,auxiliary,train,2766;7190;11614,3
Ses04F_impro07_F016,Ses04F,auxiliary,train,2767;7191;11615,3
Ses04F_impro07_F017,Ses04F,auxiliary,test,337,1
Ses04F_impro07_F018,Ses04F,auxiliary,train,2768;7192;11616,3
Ses04F_impro07_F021,Ses04F,auxiliary,test,338,1
Ses04F_impro07_F022,Ses04F,auxiliary,test,339,1
Ses04F_impro07_F024,Ses04F,auxiliary,train,2769;7193;11617,3
Ses04F_impro07_F027,Ses04F,auxiliary,train,2770;7194;11618,3
Ses04F_impro07_F028,Ses04F,auxiliary,train,2771;7195;11619,3
Ses04F_impro07_F029,Ses04F,auxiliary,train,2772;7196;11620,3
Ses04F_impro07_F030,Ses04F,auxiliary,train,2773;7197;11621,3
Ses04F_impro07_F031,Ses04F,auxiliary,train,2774;7198;11622,3
Ses04F_impro07_F032,Ses04F,auxiliary,train,2775;7199;11623,3
Ses04F_impro07_F033,Ses04F,auxiliary,train,2776;7200;11624,3
Ses04F_impro07_F035,Ses04F,auxiliary,test,340,1
Ses04F_impro07_F036,Ses04F,auxiliary,train,2777;7201;11625,3
Ses04F_impro07_F038,Ses04F,auxiliary,test,341,1
Ses04F_impro07_F039,Ses04F,auxiliary,train,2778;7202;11626,3
Ses04F_impro07_F040,Ses04F,auxiliary,train,2779;7203;11627,3
Ses04F_impro07_F041,Ses04F,auxiliary,train,2780;7204;11628,3
Ses04F_impro07_F042,Ses04F,auxiliary,train,2781;7205;11629,3
Ses04F_impro07_F044,Ses04F,auxiliary,train,2782;7206;11630,3
Ses04F_impro07_F047,Ses04F,auxiliary,train,2783;7207;11631,3
Ses04F_impro07_F048,Ses04F,auxiliary,train,2784;7208;11632,3
Ses04F_impro07_F049,Ses04F,auxiliary,train,2785;7209;11633,3
Ses04F_impro07_F050,Ses04F,auxiliary,train,2786;7210;11634,3
Ses04F_impro07_F051,Ses04F,auxiliary,train,2787;7211;11635,3
Ses04F_impro07_F052,Ses04F,auxiliary,train,2788;7212;11636,3
Ses04F_impro07_F058,Ses04F,auxiliary,dev,353,1
Ses04F_impro07_F059,Ses04F,auxiliary,train,2789;7213;11637,3
Ses04F_impro07_F060,Ses04F,auxiliary,dev,354,1
Ses04F_impro07_F061,Ses04F,auxiliary,train,2790;7214;11638,3
Ses04F_impro07_F062,Ses04F,auxiliary,test,342,1
Ses04F_impro07_F063,Ses04F,auxiliary,train,2791;7215;11639,3
Ses04F_impro07_F064,Ses04F,auxiliary,train,2792;7216;11640,3
Ses04F_impro07_F065,Ses04F,auxiliary,dev,355,1
Ses04F_impro07_F066,Ses04F,auxiliary,train,2793;7217;11641,3
Ses04F_impro07_F070,Ses04F,auxiliary,test,343,1
Ses04F_impro07_F074,Ses04F,auxiliary,train,2794;7218;11642,3
Ses04F_impro07_F078,Ses04F,auxiliary,train,2795;7219;11643,3
Ses04F_impro07_F079,Ses04F,auxiliary,test,344,1
Ses04F_impro07_M000,Ses04M,auxiliary,train,2796;7220;11644,3
Ses04F_impro07_M001,Ses04M,auxiliary,train,2797;7221;11645,3
Ses04F_impro07_M005,Ses04M,auxiliary,train,2798;7222;11646,3
Ses04F_impro07_M006,Ses04M,auxiliary,train,2799;7223;11647,3
Ses04F_impro07_M009,Ses04M,auxiliary,train,2800;7224;11648,3
Ses04F_impro07_M013,Ses04M,auxiliary,train,2801;7225;11649,3
Ses04F_impro07_M016,Ses04M,auxiliary,train,2802;7226;11650,3
Ses04F_impro07_M017,Ses04M,auxiliary,train,2803;7227;11651,3
Ses04F_impro07_M018,Ses04M,auxiliary,train,2804;7228;11652,3
Ses04F_impro07_M019,Ses04M,auxiliary,train,2805;7229;11653,3
Ses04F_impro07_M020,Ses04M,auxiliary,train,2806;7230;11654,3
Ses04F_impro07_M021,Ses04M,auxiliary,test,345,1
Ses04F_impro07_M022,Ses04M,auxiliary,train,2807;7231;11655,3
Ses04F_impro07_M023,Ses04M,auxiliary,train,2808;7232;11656,3
Ses04F_impro07_M026,Ses04M,auxiliary,train,2809;7233;11657,3
Ses04F_impro07_M028,Ses04M,auxiliary,train,2810;7234;11658,3
Ses04F_impro07_M031,Ses04M,auxiliary,train,2811;7235;11659,3
Ses04F_impro07_M032,Ses04M,auxiliary,test,346,1
Ses04F_impro07_M033,Ses04M,auxiliary,train,2812;7236;11660,3
Ses04F_impro07_M034,Ses04M,auxiliary,test,347,1
Ses04F_impro07_M035,Ses04M,auxiliary,test,348,1
Ses04F_impro07_M036,Ses04M,auxiliary,train,2813;7237;11661,3
Ses04F_impro07_M037,Ses04M,auxiliary,train,2814;7238;11662,3
Ses04F_impro07_M038,Ses04M,auxiliary,train,2815;7239;11663,3
Ses04F_impro07_M039,Ses04M,auxiliary,train,2816;7240;11664,3
Ses04F_impro07_M040,Ses04M,auxiliary,test,349,1
Ses04F_impro07_M041,Ses04M,auxiliary,test,350,1
Ses04F_impro07_M042,Ses04M,auxiliary,train,2817;7241;11665,3
Ses04F_impro07_M043,Ses04M,auxiliary,train,2818;7242;11666,3
Ses04F_impro07_M044,Ses04M,auxiliary,train,2819;7243;11667,3
Ses04F_impro07_M045,Ses04M,auxiliary,test,351,1
Ses04F_impro07_M046,Ses04M,auxiliary,dev,356,1
Ses04F_impro07_M049,Ses04M,auxiliary,dev,357,1
Ses04F_impro07_M050,Ses04M,auxiliary,test,352,1
Ses04F_impro07_M051,Ses04M,auxiliary,train,2820;7244;11668,3
Ses04F_impro07_M057,Ses04M,auxiliary,train,2821;7245;11669,3
Ses04F_impro07_M058,Ses04M,auxiliary,train,2822;7246;11670,3
Ses04F_impro07_M059,Ses04M,auxiliary,test,353,1
Ses04F_impro07_M060,Ses04M,auxiliary,train,2823;7247;11671,3
Ses04F_impro07_M061,Ses04M,auxiliary,train,2824;7248;11672,3
Ses04F_impro07_M062,Ses04M,auxiliary,test,354,1
Ses04F_impro07_M063,Ses04M,auxiliary,train,2825;7249;11673,3
Ses04F_impro07_M064,Ses04M,auxiliary,train,2826;7250;11674,3
Ses04F_impro07_M066,Ses04M,auxiliary,test,355,1
Ses04F_impro07_M067,Ses04M,auxiliary,train,2827;7251;11675,3
Ses04F_impro07_M070,Ses04M,auxiliary,train,2828;7252;11676,3
Ses04F_impro07_M071,Ses04M,auxiliary,train,2829;7253;11677,3
Ses04F_impro07_M072,Ses04M,auxiliary,train,2830;7254;11678,3
Ses04F_impro07_M073,Ses04M,auxiliary,train,2831;7255;11679,3
Ses04F_impro07_M076,Ses04M,auxiliary,train,2832;7256;11680,3
Ses04F_impro07_M077,Ses04M,auxiliary,train,2833;7257;11681,3
Ses04F_impro07_M079,Ses04M,auxiliary,train,2834;7258;11682,3
Ses04F_impro07_M080,Ses04M,auxiliary,train,2835;7259;11683,3
Ses04F_impro07_M082,Ses04M,auxiliary,train,2836;7260;11684,3
Ses04F_impro08_F000,Ses04F,auxiliary,train,2837;7261;11685,3
Ses04F_impro08_F001,Ses04F,auxiliary,train,2838;7262;11686,3
Ses04F_impro08_F002,Ses04F,auxiliary,train,2839;7263;11687,3
Ses04F_impro08_F004,Ses04F,auxiliary,train,2840;7264;11688,3
Ses04F_impro08_F005,Ses04F,auxiliary,train,2841;7265;11689,3
Ses04F_impro08_F006,Ses04F,auxiliary,dev,358,1
Ses04F_impro08_F008,Ses04F,auxiliary,train,2842;7266;11690,3
Ses04F_impro08_F009,Ses04F,auxiliary,test,356,1
Ses04F_impro08_F023,Ses04F,auxiliary,train,2843;7267;11691,3
Ses04F_impro08_M001,Ses04M,auxiliary,train,2844;7268;11692,3
Ses04F_impro08_M012,Ses04M,auxiliary,train,2845;7269;11693,3
Ses04F_impro08_M013,Ses04M,auxiliary,train,2846;7270;11694,3
Ses04F_impro08_M014,Ses04M,auxiliary,train,2847;7271;11695,3
Ses04F_impro08_M015,Ses04M,auxiliary,train,2848;7272;11696,3
Ses04F_impro08_M016,Ses04M,auxiliary,train,2849;7273;11697,3
Ses04F_impro08_M017,Ses04M,auxiliary,test,357,1
Ses04F_impro08_M018,Ses04M,auxiliary,train,2850;7274;11698,3
Ses04F_impro08_M019,Ses04M,auxiliary,train,2851;7275;11699,3
Ses04F_impro08_M022,Ses04M,auxiliary,train,2852;7276;11700,3
Ses04F_impro08_M023,Ses04M,auxiliary,train,2853;7277;11701,3
Ses04F_impro08_M024,Ses04M,auxiliary,train,2854;7278;11702,3
Ses04F_script01_1_F004,Ses04F,auxiliary,train,2855;7279;11703,3
Ses04F_script01_1_F011,Ses04F,auxiliary,train,2856;7280;11704,3
Ses04F_script01_1_F012,Ses04F,auxiliary,train,2857;7281;11705,3
Ses04F_script01_1_F013,Ses04F,auxiliary,dev,359,1
Ses04F_script01_1_F014,Ses04F,auxiliary,train,2858;7282;11706,3
Ses04F_script01_1_F015,Ses04F,auxiliary,train,2859;7283;11707,3
Ses04F_script01_1_F018,Ses04F,auxiliary,train,2860;7284;11708,3
Ses04F_script01_1_F019,Ses04F,auxiliary,train,2861;7285;11709,3
Ses04F_script01_1_F022,Ses04F,auxiliary,train,2862;7286;11710,3
Ses04F_script01_1_F023,Ses04F,auxiliary,test,358,1
Ses04F_script01_1_F024,Ses04F,auxiliary,train,2863;7287;11711,3
Ses04F_script01_1_F025,Ses04F,auxiliary,train,2864;7288;11712,3
Ses04F_script01_1_F029,Ses04F,auxiliary,train,2865;7289;11713,3
Ses04F_script01_1_F030,Ses04F,auxiliary,train,2866;7290;11714,3
Ses04F_script01_1_F032,Ses04F,auxiliary,train,2867;7291;11715,3
Ses04F_script01_1_F035,Ses04F,auxiliary,test,359,1
Ses04F_script01_1_F036,Ses04F,auxiliary,train,2868;7292;11716,3
Ses04F_script01_1_F037,Ses04F,auxiliary,test,360,1
Ses04F_script01_1_F040,Ses04F,auxiliary,train,2869;7293;11717,3
Ses04F_script01_1_F041,Ses04F,auxiliary,train,2870;7294;11718,3
Ses04F_script01_1_F042,Ses04F,auxiliary,test,361,1
Ses04F_script01_1_F044,Ses04F,auxiliary,train,2871;7295;11719,3
Ses04F_script01_1_M000,Ses04M,auxiliary,train,2872;7296;11720,3
Ses04F_script01_1_M004,Ses04M,auxiliary,dev,360,1
Ses04F_script01_1_M005,Ses04M,auxiliary,train,2873;7297;11721,3
Ses04F_script01_1_M009,Ses04M,auxiliary,train,2874;7298;11722,3
Ses04F_script01_1_M010,Ses04M,auxiliary,train,2875;7299;11723,3
Ses04F_script01_1_M012,Ses04M,auxiliary,test,362,1
Ses04F_script01_1_M013,Ses04M,auxiliary,test,363,1
Ses04F_script01_1_M016,Ses04M,auxiliary,train,2876;7300;11724,3
Ses04F_script01_1_M017,Ses04M,auxiliary,train,2877;7301;11725,3
Ses04F_script01_1_M020,Ses04M,auxiliary,train,2878;7302;11726,3
Ses04F_script01_1_M021,Ses04M,auxiliary,train,2879;7303;11727,3
Ses04F_script01_1_M022,Ses04M,auxiliary,train,2880;7304;11728,3
Ses04F_script01_1_M025,Ses04M,auxiliary,train,2881;7305;11729,3
Ses04F_script01_1_M026,Ses04M,auxiliary,train,2882;7306;11730,3
Ses04F_script01_1_M028,Ses04M,auxiliary,train,2883;7307;11731,3
Ses04F_script01_1_M029,Ses04M,auxiliary,train,2884;7308;11732,3
Ses04F_script01_1_M030,Ses04M,auxiliary,test,364,1
Ses04F_script01_1_M032,Ses04M,auxiliary,train,2885;7309;11733,3
Ses04F_script01_1_M034,Ses04M,auxiliary,test,365,1
Ses04F_script01_1_M038,Ses04M,auxiliary,train,2886;7310;11734,3
Ses04F_script01_2_F000,Ses04F,auxiliary,train,2887;7311;11735,3
Ses04F_script01_2_F001,Ses04F,auxiliary,dev,361,1
Ses04F_script01_2_F005,Ses04F,auxiliary,train,2888;7312;11736,3
Ses04F_script01_2_F006,Ses04F,auxiliary,train,2889;7313;11737,3
Ses04F_script01_2_F007,Ses04F,auxiliary,train,2890;7314;11738,3
Ses04F_script01_2_F008,Ses04F,auxiliary,train,2891;7315;11739,3
Ses04F_script01_2_F009,Ses04F,auxiliary,train,2892;7316;11740,3
Ses04F_script01_2_F010,Ses04F,auxiliary,train,2893;7317;11741,3
Ses04F_script01_2_F016,Ses04F,auxiliary,dev,362,1
Ses04F_script01_2_M000,Ses04M,auxiliary,train,2894;7318;11742,3
Ses04F_script01_2_M001,Ses04M,auxiliary,train,2895;7319;11743,3
Ses04F_script01_2_M004,Ses04M,auxiliary,train,2896;7320;11744,3
Ses04F_script01_2_M007,Ses04M,auxiliary,train,2897;7321;11745,3
Ses04F_script01_2_M008,Ses04M,auxiliary,train,2898;7322;11746,3
Ses04F_script01_2_M017,Ses04M,auxiliary,train,2899;7323;11747,3
Ses04F_script01_3_F009,Ses04F,auxiliary,train,2900;7324;11748,3
Ses04F_script01_3_F010,Ses04F,auxiliary,test,366,1
Ses04F_script01_3_F012,Ses04F,auxiliary,train,2901;7325;11749,3
Ses04F_script01_3_F013,Ses04F,auxiliary,train,2902;7326;11750,3
Ses04F_script01_3_F014,Ses04F,auxiliary,train,2903;7327;11751,3
Ses04F_script01_3_F015,Ses04F,auxiliary,train,2904;7328;11752,3
Ses04F_script01_3_F023,Ses04F,auxiliary,dev,363,1
Ses04F_script01_3_F024,Ses04F,auxiliary,train,2905;7329;11753,3
Ses04F_script01_3_F030,Ses04F,auxiliary,train,2906;7330;11754,3
Ses04F_script01_3_M004,Ses04M,auxiliary,train,2907;7331;11755,3
Ses04F_script01_3_M008,Ses04M,auxiliary,train,2908;7332;11756,3
Ses04F_script01_3_M009,Ses04M,auxiliary,test,367,1
Ses04F_script01_3_M010,Ses04M,auxiliary,train,2909;7333;11757,3
Ses04F_script01_3_M011,Ses04M,auxiliary,train,2910;7334;11758,3
Ses04F_script01_3_M014,Ses04M,auxiliary,train,2911;7335;11759,3
Ses04F_script01_3_M018,Ses04M,auxiliary,dev,364,1
Ses04F_script01_3_M019,Ses04M,auxiliary,train,2912;7336;11760,3
Ses04F_script01_3_M020,Ses04M,auxiliary,test,368,1
Ses04F_script01_3_M023,Ses04M,auxiliary,train,2913;7337;11761,3
Ses04F_script01_3_M024,Ses04M,auxiliary,train,2914;7338;11762,3
Ses04F_script01_3_M026,Ses04M,auxiliary,train,2915;7339;11763,3
Ses04F_script01_3_M027,Ses04M,auxiliary,train,2916;7340;11764,3
Ses04F_script01_3_M028,Ses04M,auxiliary,train,2917;7341;11765,3
Ses04F_script01_3_M029,Ses04M,auxiliary,test,369,1
Ses04F_script01_3_M030,Ses04M,auxiliary,train,2918;7342;11766,3
Ses04F_script01_3_M031,Ses04M,auxiliary,train,2919;7343;11767,3
Ses04F_script01_3_M032,Ses04M,auxiliary,train,2920;7344;11768,3
Ses04F_script01_3_M033,Ses04M,auxiliary,train,2921;7345;11769,3
Ses04F_script01_3_M034,Ses04M,auxiliary,test,370,1
Ses04F_script01_3_M035,Ses04M,auxiliary,train,2922;7346;11770,3
Ses04F_script01_3_M036,Ses04M,auxiliary,train,2923;7347;11771,3
Ses04F_script01_3_M039,Ses04M,auxiliary,train,2924;7348;11772,3
Ses04F_script01_3_M040,Ses04M,auxiliary,train,2925;7349;11773,3
Ses04F_script01_3_M041,Ses04M,auxiliary,train,2926;7350;11774,3
Ses04F_script01_3_M043,Ses04M,auxiliary,test,371,1
Ses04F_script01_3_M044,Ses04M,auxiliary,dev,365,1
Ses04F_script01_3_M045,Ses04M,auxiliary,train,2927;7351;11775,3
Ses04F_script01_3_M047,Ses04M,auxiliary,train,2928;7352;11776,3
Ses04F_script02_1_F000,Ses04F,auxiliary,train,2929;7353;11777,3
Ses04F_script02_1_F007,Ses04F,auxiliary,train,2930;7354;11778,3
Ses04F_script02_1_F008,Ses04F,auxiliary,train,2931;7355;11779,3
Ses04F_script02_1_F012,Ses04F,auxiliary,train,2932;7356;11780,3
Ses04F_script02_1_F013,Ses04F,auxiliary,train,2933;7357;11781,3
Ses04F_script02_1_F014,Ses04F,auxiliary,train,2934;7358;11782,3
Ses04F_script02_1_F016,Ses04F,auxiliary,train,2935;7359;11783,3
Ses04F_script02_1_F017,Ses04F,auxiliary,train,2936;7360;11784,3
Ses04F_script02_1_F019,Ses04F,auxiliary,test,372,1
Ses04F_script02_1_F021,Ses04F,auxiliary,train,2937;7361;11785,3
Ses04F_script02_1_F022,Ses04F,auxiliary,train,2938;7362;11786,3
Ses04F_script02_1_M000,Ses04M,auxiliary,train,2939;7363;11787,3
Ses04F_script02_1_M002,Ses04M,auxiliary,train,2940;7364;11788,3
Ses04F_script02_1_M009,Ses04M,auxiliary,train,2941;7365;11789,3
Ses04F_script02_1_M010,Ses04M,auxiliary,dev,366,1
Ses04F_script02_1_M011,Ses04M,auxiliary,train,2942;7366;11790,3
Ses04F_script02_1_M017,Ses04M,auxiliary,train,2943;7367;11791,3
Ses04F_script02_1_M021,Ses04M,auxiliary,train,2944;7368;11792,3
Ses04F_script02_1_M023,Ses04M,auxiliary,test,373,1
Ses04F_script02_1_M026,Ses04M,auxiliary,train,2945;7369;11793,3
Ses04F_script02_1_M031,Ses04M,auxiliary,train,2946;7370;11794,3
Ses04F_script02_1_M032,Ses04M,auxiliary,train,2947;7371;11795,3
Ses04F_script02_1_M033,Ses04M,auxiliary,train,2948;7372;11796,3
Ses04F_script02_1_M034,Ses04M,auxiliary,train,2949;7373;11797,3
Ses04F_script02_1_M035,Ses04M,auxiliary,train,2950;7374;11798,3
Ses04F_script02_1_M036,Ses04M,auxiliary,train,2951;7375;11799,3
Ses04F_script02_1_M037,Ses04M,auxiliary,train,2952;7376;11800,3
Ses04F_script02_1_M038,Ses04M,auxiliary,train,2953;7377;11801,3
Ses04F_script02_1_M039,Ses04M,auxiliary,test,374,1
Ses04F_script02_1_M040,Ses04M,auxiliary,train,2954;7378;11802,3
Ses04F_script02_2_F002,Ses04F,auxiliary,train,2955;7379;11803,3
Ses04F_script02_2_F005,Ses04F,auxiliary,train,2956;7380;11804,3
Ses04F_script02_2_F006,Ses04F,auxiliary,dev,367,1
Ses04F_script02_2_F007,Ses04F,auxiliary,train,2957;7381;11805,3
Ses04F_script02_2_F008,Ses04F,auxiliary,train,2958;7382;11806,3
Ses04F_script02_2_F009,Ses04F,auxiliary,test,375,1
Ses04F_script02_2_F010,Ses04F,auxiliary,train,2959;7383;11807,3
Ses04F_script02_2_F011,Ses04F,auxiliary,dev,368,1
Ses04F_script02_2_F014,Ses04F,auxiliary,train,2960;7384;11808,3
Ses04F_script02_2_F019,Ses04F,auxiliary,train,2961;7385;11809,3
Ses04F_script02_2_F020,Ses04F,auxiliary,train,2962;7386;11810,3
Ses04F_script02_2_F021,Ses04F,auxiliary,train,2963;7387;11811,3
Ses04F_script02_2_F022,Ses04F,auxiliary,train,2964;7388;11812,3
Ses04F_script02_2_F023,Ses04F,auxiliary,train,2965;7389;11813,3
Ses04F_script02_2_F024,Ses04F,auxiliary,train,2966;7390;11814,3
Ses04F_script02_2_F025,Ses04F,auxiliary,train,2967;7391;11815,3
Ses04F_script02_2_F026,Ses04F,auxiliary,train,2968;7392;11816,3
Ses04F_script02_2_F031,Ses04F,auxiliary,train,2969;7393;11817,3
Ses04F_script02_2_F033,Ses04F,auxiliary,train,2970;7394;11818,3
Ses04F_script02_2_F034,Ses04F,auxiliary,dev,369,1
Ses04F_script02_2_F037,Ses04F,auxiliary,train,2971;7395;11819,3
Ses04F_script02_2_F041,Ses04F,auxiliary,train,2972;7396;11820,3
Ses04F_script02_2_F043,Ses04F,auxiliary,dev,370,1
Ses04F_script02_2_F044,Ses04F,auxiliary,train,2973;7397;11821,3
Ses04F_script02_2_F045,Ses04F,auxiliary,train,2974;7398;11822,3
Ses04F_script02_2_F046,Ses04F,auxiliary,train,2975;7399;11823,3
Ses04F_script02_2_M000,Ses04M,auxiliary,train,2976;7400;11824,3
Ses04F_script02_2_M019,Ses04M,auxiliary,train,2977;7401;11825,3
Ses04F_script02_2_M020,Ses04M,auxiliary,test,376,1
Ses04F_script02_2_M021,Ses04M,auxiliary,train,2978;7402;11826,3
Ses04F_script02_2_M023,Ses04M,auxiliary,train,2979;7403;11827,3
Ses04F_script02_2_M040,Ses04M,auxiliary,train,2980;7404;11828,3
Ses04F_script02_2_M041,Ses04M,auxiliary,train,2981;7405;11829,3
Ses04F_script02_2_M043,Ses04M,auxiliary,train,2982;7406;11830,3
Ses04F_script02_2_M044,Ses04M,auxiliary,train,2983;7407;11831,3
Ses04F_script02_2_M046,Ses04M,auxiliary,train,2984;7408;11832,3
Ses04F_script02_2_M047,Ses04M,auxiliary,train,2985;7409;11833,3
Ses04F_script03_1_F005,Ses04F,auxiliary,train,2986;7410;11834,3
Ses04F_script03_1_F006,Ses04F,auxiliary,train,2987;7411;11835,3
Ses04F_script03_1_F007,Ses04F,auxiliary,train,2988;7412;11836,3
Ses04F_script03_1_F009,Ses04F,auxiliary,train,2989;7413;11837,3
Ses04F_script03_1_F011,Ses04F,auxiliary,test,377,1
Ses04F_script03_1_F012,Ses04F,auxiliary,train,2990;7414;11838,3
Ses04F_script03_1_F014,Ses04F,auxiliary,train,2991;7415;11839,3
Ses04F_script03_1_F017,Ses04F,auxiliary,train,2992;7416;11840,3
Ses04F_script03_1_F021,Ses04F,auxiliary,train,2993;7417;11841,3
Ses04F_script03_1_F022,Ses04F,auxiliary,train,2994;7418;11842,3
Ses04F_script03_1_F023,Ses04F,auxiliary,train,2995;7419;11843,3
Ses04F_script03_1_F024,Ses04F,auxiliary,train,2996;7420;11844,3
Ses04F_script03_1_F026,Ses04F,auxiliary,train,2997;7421;11845,3
Ses04F_script03_1_F028,Ses04F,auxiliary,train,2998;7422;11846,3
Ses04F_script03_1_F029,Ses04F,auxiliary,train,2999;7423;11847,3
Ses04F_script03_1_F030,Ses04F,auxiliary,train,3000;7424;11848,3
Ses04F_script03_1_M006,Ses04M,auxiliary,dev,371,1
Ses04F_script03_1_M007,Ses04M,auxiliary,train,3001;7425;11849,3
Ses04F_script03_1_M008,Ses04M,auxiliary,train,3002;7426;11850,3
Ses04F_script03_1_M009,Ses04M,auxiliary,train,3003;7427;11851,3
Ses04F_script03_1_M017,Ses04M,auxiliary,dev,372,1
Ses04F_script03_1_M027,Ses04M,auxiliary,train,3004;7428;11852,3
Ses04F_script03_1_M028,Ses04M,auxiliary,train,3005;7429;11853,3
Ses04F_script03_1_M029,Ses04M,auxiliary,train,3006;7430;11854,3
Ses04F_script03_1_M030,Ses04M,auxiliary,train,3007;7431;11855,3
Ses04F_script03_1_M031,Ses04M,auxiliary,train,3008;7432;11856,3
Ses04F_script03_2_F005,Ses04F,auxiliary,train,3009;7433;11857,3
Ses04F_script03_2_F012,Ses04F,auxiliary,test,378,1
Ses04F_script03_2_F013,Ses04F,auxiliary,train,3010;7434;11858,3
Ses04F_script03_2_F014,Ses04F,auxiliary,train,3011;7435;11859,3
Ses04F_script03_2_F019,Ses04F,auxiliary,test,379,1
Ses04F_script03_2_F020,Ses04F,auxiliary,train,3012;7436;11860,3
Ses04F_script03_2_F021,Ses04F,auxiliary,train,3013;7437;11861,3
Ses04F_script03_2_F022,Ses04F,auxiliary,train,3014;7438;11862,3
Ses04F_script03_2_F023,Ses04F,auxiliary,dev,373,1
Ses04F_script03_2_F024,Ses04F,auxiliary,train,3015;7439;11863,3
Ses04F_script03_2_F025,Ses04F,auxiliary,test,380,1
Ses04F_script03_2_F026,Ses04F,auxiliary,train,3016;7440;11864,3
Ses04F_script03_2_F027,Ses04F,auxiliary,train,3017;7441;11865,3
Ses04F_script03_2_F028,Ses04F,auxiliary,dev,374,1
Ses04F_script03_2_F029,Ses04F,auxiliary,dev,375,1
Ses04F_script03_2_F030,Ses04F,auxiliary,train,3018;7442;11866,3
Ses04F_script03_2_F031,Ses04F,auxiliary,train,3019;7443;11867,3
Ses04F_script03_2_F034,Ses04F,auxiliary,train,3020;7444;11868,3
Ses04F_script03_2_F035,Ses04F,auxiliary,train,3021;7445;11869,3
Ses04F_script03_2_F036,Ses04F,auxiliary,train,3022;7446;11870,3
Ses04F_script03_2_F037,Ses04F,auxiliary,train,3023;7447;11871,3
Ses04F_script03_2_F038,Ses04F,auxiliary,train,3024;7448;11872,3
Ses04F_script03_2_F039,Ses04F,auxiliary,train,3025;7449;11873,3
Ses04F_script03_2_F040,Ses04F,auxiliary,train,3026;7450;11874,3
Ses04F_script03_2_F041,Ses04F,auxiliary,train,3027;7451;11875,3
Ses04F_script03_2_F042,Ses04F,auxiliary,train,3028;7452;11876,3
Ses04F_script03_2_F043,Ses04F,auxiliary,train,3029;7453;11877,3
Ses04F_script03_2_F044,Ses04F,auxiliary,train,3030;7454;11878,3
Ses04F_script03_2_M000,Ses04M,auxiliary,train,3031;7455;11879,3
Ses04F_script03_2_M001,Ses04M,auxiliary,train,3032;7456;11880,3
Ses04F_script03_2_M003,Ses04M,auxiliary,test,381,1
Ses04F_script03_2_M005,Ses04M,auxiliary,train,3033;7457;11881,3
Ses04F_script03_2_M006,Ses04M,auxiliary,train,3034;7458;11882,3
Ses04F_script03_2_M007,Ses04M,auxiliary,dev,376,1
Ses04F_script03_2_M008,Ses04M,auxiliary,train,3035;7459;11883,3
Ses04F_script03_2_M010,Ses04M,auxiliary,train,3036;7460;11884,3
Ses04F_script03_2_M014,Ses04M,auxiliary,test,382,1
Ses04F_script03_2_M015,Ses04M,auxiliary,test,383,1
Ses04F_script03_2_M016,Ses04M,auxiliary,train,3037;7461;11885,3
Ses04F_script03_2_M024,Ses04M,auxiliary,train,3038;7462;11886,3
Ses04F_script03_2_M027,Ses04M,auxiliary,train,3039;7463;11887,3
Ses04F_script03_2_M031,Ses04M,auxiliary,test,384,1
Ses04F_script03_2_M034,Ses04M,auxiliary,train,3040;7464;11888,3
Ses04F_script03_2_M035,Ses04M,auxiliary,train,3041;7465;11889,3
Ses04F_script03_2_M037,Ses04M,auxiliary,test,385,1
Ses04F_script03_2_M039,Ses04M,auxiliary,test,386,1
Ses04F_script03_2_M040,Ses04M,auxiliary,train,3042;7466;11890,3
Ses04F_script03_2_M041,Ses04M,auxiliary,train,3043;7467;11891,3
Ses04F_script03_2_M042,Ses04M,auxiliary,dev,377,1
Ses04F_script03_2_M043,Ses04M,auxiliary,train,3044;7468;11892,3
Ses04F_script03_2_M044,Ses04M,auxiliary,train,3045;7469;11893,3
Ses04F_script03_2_M045,Ses04M,auxiliary,train,3046;7470;11894,3
Ses04M_impro01_F000,Ses04F,auxiliary,train,3047;7471;11895,3
Ses04M_impro01_F001,Ses04F,auxiliary,train,3048;7472;11896,3
Ses04M_impro01_F002,Ses04F,auxiliary,train,3049;7473;11897,3
Ses04M_impro01_F012,Ses04F,auxiliary,train,3050;7474;11898,3
Ses04M_impro01_F018,Ses04F,auxiliary,train,3051;7475;11899,3
Ses04M_impro01_F019,Ses04F,auxiliary,train,3052;7476;11900,3
Ses04M_impro01_F021,Ses04F,auxiliary,train,3053;7477;11901,3
Ses04M_impro01_M000,Ses04M,auxiliary,train,3054;7478;11902,3
Ses04M_impro01_M003,Ses04M,auxiliary,dev,378,1
Ses04M_impro01_M018,Ses04M,auxiliary,train,3055;7479;11903,3
Ses04M_impro01_M024,Ses04M,auxiliary,train,3056;7480;11904,3
Ses04M_impro02_F009,Ses04F,auxiliary,train,3057;7481;11905,3
Ses04M_impro02_F020,Ses04F,auxiliary,train,3058;7482;11906,3
Ses04M_impro02_F021,Ses04F,auxiliary,train,3059;7483;11907,3
Ses04M_impro02_M000,Ses04M,auxiliary,train,3060;7484;11908,3
Ses04M_impro02_M008,Ses04M,auxiliary,train,3061;7485;11909,3
Ses04M_impro03_F002,Ses04F,auxiliary,train,3062;7486;11910,3
Ses04M_impro03_F003,Ses04F,auxiliary,train,3063;7487;11911,3
Ses04M_impro03_F004,Ses04F,auxiliary,test,387,1
Ses04M_impro03_F005,Ses04F,auxiliary,train,3064;7488;11912,3
Ses04M_impro03_F006,Ses04F,auxiliary,train,3065;7489;11913,3
Ses04M_impro03_F007,Ses04F,auxiliary,train,3066;7490;11914,3
Ses04M_impro03_F008,Ses04F,auxiliary,train,3067;7491;11915,3
Ses04M_impro03_F009,Ses04F,auxiliary,dev,379,1
Ses04M_impro03_F010,Ses04F,auxiliary,train,3068;7492;11916,3
Ses04M_impro03_F011,Ses04F,auxiliary,test,388,1
Ses04M_impro03_F012,Ses04F,auxiliary,train,3069;7493;11917,3
Ses04M_impro03_F015,Ses04F,auxiliary,dev,380,1
Ses04M_impro03_F016,Ses04F,auxiliary,test,389,1
Ses04M_impro03_F017,Ses04F,auxiliary,train,3070;7494;11918,3
Ses04M_impro03_F019,Ses04F,auxiliary,train,3071;7495;11919,3
Ses04M_impro03_F024,Ses04F,auxiliary,train,3072;7496;11920,3
Ses04M_impro03_F025,Ses04F,auxiliary,train,3073;7497;11921,3
Ses04M_impro03_M002,Ses04M,auxiliary,train,3074;7498;11922,3
Ses04M_impro03_M005,Ses04M,auxiliary,train,3075;7499;11923,3
Ses04M_impro03_M006,Ses04M,auxiliary,train,3076;7500;11924,3
Ses04M_impro03_M007,Ses04M,auxiliary,train,3077;7501;11925,3
Ses04M_impro03_M008,Ses04M,auxiliary,test,390,1
Ses04M_impro03_M009,Ses04M,auxiliary,train,3078;7502;11926,3
Ses04M_impro03_M011,Ses04M,auxiliary,train,3079;7503;11927,3
Ses04M_impro03_M015,Ses04M,auxiliary,train,3080;7504;11928,3
Ses04M_impro03_M017,Ses04M,auxiliary,train,3081;7505;11929,3
Ses04M_impro03_M019,Ses04M,auxiliary,train,3082;7506;11930,3
Ses04M_impro03_M020,Ses04M,auxiliary,train,3083;7507;11931,3
Ses04M_impro03_M021,Ses04M,auxiliary,train,3084;7508;11932,3
Ses04M_impro03_M022,Ses04M,auxiliary,train,3085;7509;11933,3
Ses04M_impro03_M023,Ses04M,auxiliary,train,3086;7510;11934,3
Ses04M_impro03_M024,Ses04M,auxiliary,train,3087;7511;11935,3
Ses04M_impro03_M025,Ses04M,auxiliary,train,3088;7512;11936,3
Ses04M_impro03_M026,Ses04M,auxiliary,train,3089;7513;11937,3
Ses04M_impro03_M028,Ses04M,auxiliary,train,3090;7514;11938,3
Ses04M_impro03_M029,Ses04M,auxiliary,train,3091;7515;11939,3
Ses04M_impro03_M030,Ses04M,auxiliary,dev,381,1
Ses04M_impro03_M031,Ses04M,auxiliary,test,391,1
Ses04M_impro04_F000,Ses04F,auxiliary,train,3092;7516;11940,3
Ses04M_impro04_F001,Ses04F,auxiliary,train,3093;7517;11941,3
Ses04M_impro04_F002,Ses04F,auxiliary,train,3094;7518;11942,3
Ses04M_impro04_F003,Ses04F,auxiliary,dev,382,1
Ses04M_impro04_F004,Ses04F,auxiliary,train,3095;7519;11943,3
Ses04M_impro04_F005,Ses04F,auxiliary,train,3096;7520;11944,3
Ses04M_impro04_F006,Ses04F,auxiliary,train,3097;7521;11945,3
Ses04M_impro04_F007,Ses04F,auxiliary,train,3098;7522;11946,3
Ses04M_impro04_F008,Ses04F,auxiliary,train,3099;7523;11947,3
Ses04M_impro04_F009,Ses04F,auxiliary,train,3100;7524;11948,3
Ses04M_impro04_F011,Ses04F,auxiliary,train,3101;7525;11949,3
Ses04M_impro04_F012,Ses04F,auxiliary,train,3102;7526;11950,3
Ses04M_impro04_F013,Ses04F,auxiliary,test,392,1
Ses04M_impro04_F015,Ses04F,auxiliary,train,3103;7527;11951,3
Ses04M_impro04_F016,Ses04F,auxiliary,train,3104;7528;11952,3
Ses04M_impro04_F017,Ses04F,auxiliary,train,3105;7529;11953,3
Ses04M_impro04_M004,Ses04M,auxiliary,train,3106;7530;11954,3
Ses04M_impro04_M020,Ses04M,auxiliary,train,3107;7531;11955,3
Ses04M_impro04_M021,Ses04M,auxiliary,train,3108;7532;11956,3
Ses04M_impro04_M022,Ses04M,auxiliary,train,3109;7533;11957,3
Ses04M_impro05_F000,Ses04F,auxiliary,train,3110;7534;11958,3
Ses04M_impro05_F001,Ses04F,auxiliary,train,3111;7535;11959,3
Ses04M_impro05_F002,Ses04F,auxiliary,train,3112;7536;11960,3
Ses04M_impro05_F003,Ses04F,auxiliary,train,3113;7537;11961,3
Ses04M_impro05_F006,Ses04F,auxiliary,test,393,1
Ses04M_impro05_F007,Ses04F,auxiliary,train,3114;7538;11962,3
Ses04M_impro05_F008,Ses04F,auxiliary,train,3115;7539;11963,3
Ses04M_impro05_F009,Ses04F,auxiliary,train,3116;7540;11964,3
Ses04M_impro05_F010,Ses04F,auxiliary,dev,383,1
Ses04M_impro05_F013,Ses04F,auxiliary,train,3117;7541;11965,3
Ses04M_impro05_F017,Ses04F,auxiliary,train,3118;7542;11966,3
Ses04M_impro05_F019,Ses04F,auxiliary,test,394,1
Ses04M_impro05_F020,Ses04F,auxiliary,train,3119;7543;11967,3
Ses04M_impro05_F036,Ses04F,auxiliary,train,3120;7544;11968,3
Ses04M_impro05_F037,Ses04F,auxiliary,train,3121;7545;11969,3
Ses04M_impro05_M008,Ses04M,auxiliary,train,3122;7546;11970,3
Ses04M_impro05_M009,Ses04M,auxiliary,train,3123;7547;11971,3
Ses04M_impro05_M010,Ses04M,auxiliary,test,395,1
Ses04M_impro05_M011,Ses04M,auxiliary,train,3124;7548;11972,3
Ses04M_impro05_M014,Ses04M,auxiliary,train,3125;7549;11973,3
Ses04M_impro05_M015,Ses04M,auxiliary,dev,384,1
Ses04M_impro05_M016,Ses04M,auxiliary,dev,385,1
Ses04M_impro05_M017,Ses04M,auxiliary,train,3126;7550;11974,3
Ses04M_impro05_M018,Ses04M,auxiliary,dev,386,1
Ses04M_impro05_M022,Ses04M,auxiliary,train,3127;7551;11975,3
Ses04M_impro05_M026,Ses04M,auxiliary,train,3128;7552;11976,3
Ses04M_impro05_M038,Ses04M,auxiliary,train,3129;7553;11977,3
Ses04M_impro05_M039,Ses04M,auxiliary,train,3130;7554;11978,3
Ses04M_impro05_M044,Ses04M,auxiliary,train,3131;7555;11979,3
Ses04M_impro05_M045,Ses04M,auxiliary,train,3132;7556;11980,3
Ses04M_impro06_F000,Ses04F,auxiliary,train,3133;7557;11981,3
Ses04M_impro06_F001,Ses04F,auxiliary,train,3134;7558;11982,3
Ses04M_impro06_F002,Ses04F,auxiliary,train,3135;7559;11983,3
Ses04M_impro06_F003,Ses04F,auxiliary,train,3136;7560;11984,3
Ses04M_impro06_F004,Ses04F,auxiliary,train,3137;7561;11985,3
Ses04M_impro06_F005,Ses04F,auxiliary,train,3138;7562;11986,3
Ses04M_impro06_F006,Ses04F,auxiliary,train,3139;7563;11987,3
Ses04M_impro06_F007,Ses04F,auxiliary,dev,387,1
Ses04M_impro06_F008,Ses04F,auxiliary,train,3140;7564;11988,3
Ses04M_impro06_F009,Ses04F,auxiliary,train,3141;7565;11989,3
Ses04M_impro06_F010,Ses04F,auxiliary,train,3142;7566;11990,3
Ses04M_impro06_F011,Ses04F,auxiliary,train,3143;7567;11991,3
Ses04M_impro06_F012,Ses04F,auxiliary,train,3144;7568;11992,3
Ses04M_impro06_F014,Ses04F,auxiliary,train,3145;7569;11993,3
Ses04M_impro06_F015,Ses04F,auxiliary,train,3146;7570;11994,3
Ses04M_impro06_F016,Ses04F,auxiliary,test,396,1
Ses04M_impro06_F017,Ses04F,auxiliary,dev,388,1
Ses04M_impro06_F018,Ses04F,auxiliary,dev,389,1
Ses04M_impro06_F019,Ses04F,auxiliary,train,3147;7571;11995,3
Ses04M_impro06_M000,Ses04M,auxiliary,train,3148;7572;11996,3
Ses04M_impro06_M001,Ses04M,auxiliary,test,397,1
Ses04M_impro06_M002,Ses04M,auxiliary,train,3149;7573;11997,3
Ses04M_impro06_M003,Ses04M,auxiliary,train,3150;7574;11998,3
Ses04M_impro06_M004,Ses04M,auxiliary,train,3151;7575;11999,3
Ses04M_impro06_M005,Ses04M,auxiliary,train,3152;7576;12000,3
Ses04M_impro06_M006,Ses04M,auxiliary,train,3153;7577;12001,3
Ses04M_impro06_M007,Ses04M,auxiliary,train,3154;7578;12002,3
Ses04M_impro06_M008,Ses04M,auxiliary,train,3155;7579;12003,3
Ses04M_impro06_M009,Ses04M,auxiliary,train,3156;7580;12004,3
Ses04M_impro06_M010,Ses04M,auxiliary,train,3157;7581;12005,3
Ses04M_impro06_M011,Ses04M,auxiliary,test,398,1
Ses04M_impro06_M012,Ses04M,auxiliary,train,3158;7582;12006,3
Ses04M_impro06_M013,Ses04M,auxiliary,dev,390,1
Ses04M_impro06_M014,Ses04M,auxiliary,test,399,1
Ses04M_impro06_M015,Ses04M,auxiliary,train,3159;7583;12007,3
Ses04M_impro06_M016,Ses04M,auxiliary,train,3160;7584;12008,3
Ses04M_impro06_M017,Ses04M,auxiliary,train,3161;7585;12009,3
Ses04M_impro06_M018,Ses04M,auxiliary,train,3162;7586;12010,3
Ses04M_impro06_M019,Ses04M,auxiliary,train,3163;7587;12011,3
Ses04M_impro06_M020,Ses04M,auxiliary,train,3164;7588;12012,3
Ses04M_impro07_F002,Ses04F,auxiliary,train,3165;7589;12013,3
Ses04M_impro07_F003,Ses04F,auxiliary,train,3166;7590;12014,3
Ses04M_impro07_F004,Ses04F,auxiliary,train,3167;7591;12015,3
Ses04M_impro07_F006,Ses04F,auxiliary,train,3168;7592;12016,3
Ses04M_impro07_F007,Ses04F,auxiliary,train,3169;7593;12017,3
Ses04M_impro07_F008,Ses04F,auxiliary,test,400,1
Ses04M_impro07_F009,Ses04F,auxiliary,test,401,1
Ses04M_impro07_F010,Ses04F,auxiliary,train,3170;7594;12018,3
Ses04M_impro07_F011,Ses04F,auxiliary,train,3171;7595;12019,3
Ses04M_impro07_F012,Ses04F,auxiliary,dev,391,1
Ses04M_impro07_F013,Ses04F,auxiliary,train,3172;7596;12020,3
Ses04M_impro07_F014,Ses04F,auxiliary,train,3173;7597;12021,3
Ses04M_impro07_F015,Ses04F,auxiliary,train,3174;7598;12022,3
Ses04M_impro07_F016,Ses04F,auxiliary,train,3175;7599;12023,3
Ses04M_impro07_F017,Ses04F,auxiliary,train,3176;7600;12024,3
Ses04M_impro07_F018,Ses04F,auxiliary,train,3177;7601;12025,3
Ses04M_impro07_F022,Ses04F,auxiliary,train,3178;7602;12026,3
Ses04M_impro07_F023,Ses04F,auxiliary,train,3179;7603;12027,3
Ses04M_impro07_F026,Ses04F,auxiliary,train,3180;7604;12028,3
Ses04M_impro07_F027,Ses04F,auxiliary,train,3181;7605;12029,3
Ses04M_impro07_F036,Ses04F,auxiliary,train,3182;7606;12030,3
Ses04M_impro07_F037,Ses04F,auxiliary,train,3183;7607;12031,3
Ses04M_impro07_M000,Ses04M,auxiliary,train,3184;7608;12032,3
Ses04M_impro07_M001,Ses04M,auxiliary,train,3185;7609;12033,3
Ses04M_impro07_M002,Ses04M,auxiliary,train,3186;7610;12034,3
Ses04M_impro07_M003,Ses04M,auxiliary,train,3187;7611;12035,3
Ses04M_impro07_M004,Ses04M,auxiliary,train,3188;7612;12036,3
Ses04M_impro07_M007,Ses04M,auxiliary,train,3189;7613;12037,3
Ses04M_impro07_M008,Ses04M,auxiliary,train,3190;7614;12038,3
Ses04M_impro07_M009,Ses04M,auxiliary,train,3191;7615;12039,3
Ses04M_impro07_M010,Ses04M,auxiliary,train,3192;7616;12040,3
Ses04M_impro07_M011,Ses04M,auxiliary,dev,392,1
Ses04M_impro07_M012,Ses04M,auxiliary,train,3193;7617;12041,3
Ses04M_impro07_M013,Ses04M,auxiliary,train,3194;7618;12042,3
Ses04M_impro07_M014,Ses04M,auxiliary,dev,393,1
Ses04M_impro07_M015,Ses04M,auxiliary,train,3195;7619;12043,3
Ses04M_impro07_M020,Ses04M,auxiliary,train,3196;7620;12044,3
Ses04M_impro07_M021,Ses04M,auxiliary,train,3197;7621;12045,3
Ses04M_impro07_M025,Ses04M,auxiliary,test,402,1
Ses04M_impro07_M026,Ses04M,auxiliary,train,3198;7622;12046,3
Ses04M_impro07_M029,Ses04M,auxiliary,dev,394,1
Ses04M_impro07_M030,Ses04M,auxiliary,train,3199;7623;12047,3
Ses04M_impro07_M032,Ses04M,auxiliary,train,3200;7624;12048,3
Ses04M_impro07_M035,Ses04M,auxiliary,train,3201;7625;12049,3
Ses04M_impro07_M036,Ses04M,auxiliary,train,3202;7626;12050,3
Ses04M_impro07_M037,Ses04M,auxiliary,train,3203;7627;12051,3
Ses04M_impro07_M040,Ses04M,auxiliary,dev,395,1
Ses04M_impro07_M041,Ses04M,auxiliary,train,3204;7628;12052,3
Ses04M_impro07_M042,Ses04M,auxiliary,test,403,1
Ses04M_impro07_M043,Ses04M,auxiliary,train,3205;7629;12053,3
Ses04M_impro08_F020,Ses04F,auxiliary,train,3206;7630;12054,3
Ses04M_impro08_F022,Ses04F,auxiliary,test,404,1
Ses04M_impro08_F023,Ses04F,auxiliary,train,3207;7631;12055,3
Ses04M_impro08_F024,Ses04F,auxiliary,dev,396,1
Ses04M_impro08_F027,Ses04F,auxiliary,train,3208;7632;12056,3
Ses04M_impro08_F028,Ses04F,auxiliary,train,3209;7633;12057,3
Ses04M_impro08_F030,Ses04F,auxiliary,train,3210;7634;12058,3
Ses04M_impro08_M001,Ses04M,auxiliary,train,3211;7635;12059,3
Ses04M_impro08_M004,Ses04M,auxiliary,train,3212;7636;12060,3
Ses04M_impro08_M005,Ses04M,auxiliary,train,3213;7637;12061,3
Ses04M_impro08_M006,Ses04M,auxiliary,train,3214;7638;12062,3
Ses04M_impro08_M008,Ses04M,auxiliary,train,3215;7639;12063,3
Ses04M_impro08_M010,Ses04M,auxiliary,train,3216;7640;12064,3
Ses04M_impro08_M011,Ses04M,auxiliary,train,3217;7641;12065,3
Ses04M_impro08_M012,Ses04M,auxiliary,train,3218;7642;12066,3
Ses04M_impro08_M013,Ses04M,auxiliary,train,3219;7643;12067,3
Ses04M_impro08_M017,Ses04M,auxiliary,train,3220;7644;12068,3
Ses04M_impro08_M019,Ses04M,auxiliary,train,3221;7645;12069,3
Ses04M_impro08_M020,Ses04M,auxiliary,train,3222;7646;12070,3
Ses04M_impro08_M021,Ses04M,auxiliary,train,3223;7647;12071,3
Ses04M_impro08_M022,Ses04M,auxiliary,train,3224;7648;12072,3
Ses04M_impro08_M023,Ses04M,auxiliary,train,3225;7649;12073,3
Ses04M_impro08_M024,Ses04M,auxiliary,train,3226;7650;12074,3
Ses04M_impro08_M025,Ses04M,auxiliary,train,3227;7651;12075,3
Ses04M_impro08_M026,Ses04M,auxiliary,test,405,1
Ses04M_impro08_M027,Ses04M,auxiliary,train,3228;7652;12076,3
Ses04M_impro08_M028,Ses04M,auxiliary,train,3229;7653;12077,3
Ses04M_script01_1_F000,Ses04F,auxiliary,test,406,1
Ses04M_script01_1_F007,Ses04F,auxiliary,train,3230;7654;12078,3
Ses04M_script01_1_F011,Ses04F,auxiliary,test,407,1
Ses04M_script01_1_F012,Ses04F,auxiliary,dev,397,1
Ses04M_script01_1_F013,Ses04F,auxiliary,test,408,1
Ses04M_script01_1_F015,Ses04F,auxiliary,train,3231;7655;12079,3
Ses04M_script01_1_F017,Ses04F,auxiliary,train,3232;7656;12080,3
Ses04M_script01_1_F018,Ses04F,auxiliary,train,3233;7657;12081,3
Ses04M_script01_1_F019,Ses04F,auxiliary,train,3234;7658;12082,3
Ses04M_script01_1_F021,Ses04F,auxiliary,train,3235;7659;12083,3
Ses04M_script01_1_F022,Ses04F,auxiliary,train,3236;7660;12084,3
Ses04M_script01_1_F027,Ses04F,auxiliary,train,3237;7661;12085,3
Ses04M_script01_1_F028,Ses04F,auxiliary,train,3238;7662;12086,3
Ses04M_script01_1_F029,Ses04F,auxiliary,train,3239;7663;12087,3
Ses04M_script01_1_F032,Ses04F,auxiliary,dev,398,1
Ses04M_script01_1_F033,Ses04F,auxiliary,train,3240;7664;12088,3
Ses04M_script01_1_F034,Ses04F,auxiliary,train,3241;7665;12089,3
Ses04M_script01_1_F035,Ses04F,auxiliary,train,3242;7666;12090,3
Ses04M_script01_1_F036,Ses04F,auxiliary,train,3243;7667;12091,3
Ses04M_script01_1_F037,Ses04F,auxiliary,train,3244;7668;12092,3
Ses04M_script01_1_F039,Ses04F,auxiliary,test,409,1
Ses04M_script01_1_F040,Ses04F,auxiliary,train,3245;7669;12093,3
Ses04M_script01_1_F041,Ses04F,auxiliary,train,3246;7670;12094,3
Ses04M_script01_1_M000,Ses04M,auxiliary,train,3247;7671;12095,3
Ses04M_script01_1_M001,Ses04M,auxiliary,train,3248;7672;12096,3
Ses04M_script01_1_M013,Ses04M,auxiliary,dev,399,1
Ses04M_script01_1_M014,Ses04M,auxiliary,train,3249;7673;12097,3
Ses04M_script01_1_M018,Ses04M,auxiliary,train,3250;7674;12098,3
Ses04M_script01_1_M021,Ses04M,auxiliary,train,3251;7675;12099,3
Ses04M_script01_1_M022,Ses04M,auxiliary,train,3252;7676;12100,3
Ses04M_script01_1_M026,Ses04M,auxiliary,train,3253;7677;12101,3
Ses04M_script01_1_M031,Ses04M,auxiliary,train,3254;7678;12102,3
Ses04M_script01_1_M032,Ses04M,auxiliary,train,3255;7679;12103,3
Ses04M_script01_1_M034,Ses04M,auxiliary,train,3256;7680;12104,3
Ses04M_script01_1_M037,Ses04M,auxiliary,train,3257;7681;12105,3
Ses04M_script01_1_M038,Ses04M,auxiliary,train,3258;7682;12106,3
Ses04M_script01_1_M040,Ses04M,auxiliary,dev,400,1
Ses04M_script01_1_M041,Ses04M,auxiliary,train,3259;7683;12107,3
Ses04M_script01_2_F000,Ses04F,auxiliary,train,3260;7684;12108,3
Ses04M_script01_2_F001,Ses04F,auxiliary,train,3261;7685;12109,3
Ses04M_script01_2_F002,Ses04F,auxiliary,train,3262;7686;12110,3
Ses04M_script01_2_F003,Ses04F,auxiliary,test,410,1
Ses04M_script01_2_F004,Ses04F,auxiliary,train,3263;7687;12111,3
Ses04M_script01_2_F005,Ses04F,auxiliary,train,3264;7688;12112,3
Ses04M_script01_2_F006,Ses04F,auxiliary,dev,401,1
Ses04M_script01_2_F007,Ses04F,auxiliary,train,3265;7689;12113,3
Ses04M_script01_2_F008,Ses04F,auxiliary,train,3266;7690;12114,3
Ses04M_script01_2_F009,Ses04F,auxiliary,dev,402,1
Ses04M_script01_2_F010,Ses04F,auxiliary,train,3267;7691;12115,3
Ses04M_script01_2_F011,Ses04F,auxiliary,train,3268;7692;12116,3
Ses04M_script01_2_F012,Ses04F,auxiliary,train,3269;7693;12117,3
Ses04M_script01_2_F013,Ses04F,auxiliary,train,3270;7694;12118,3
Ses04M_script01_2_F014,Ses04F,auxiliary,train,3271;7695;12119,3
Ses04M_script01_2_F015,Ses04F,auxiliary,train,3272;7696;12120,3
Ses04M_script01_2_F016,Ses04F,auxiliary,test,411,1
Ses04M_script01_2_F018,Ses04F,auxiliary,test,412,1
Ses04M_script01_2_F020,Ses04F,auxiliary,train,3273;7697;12121,3
Ses04M_script01_2_M000,Ses04M,auxiliary,train,3274;7698;12122,3
Ses04M_script01_2_M005,Ses04M,auxiliary,train,3275;7699;12123,3
Ses04M_script01_2_M006,Ses04M,auxiliary,train,3276;7700;12124,3
Ses04M_script01_2_M007,Ses04M,auxiliary,dev,403,1
Ses04M_script01_2_M019,Ses04M,auxiliary,test,413,1
Ses04M_script01_3_F012,Ses04F,auxiliary,train,3277;7701;12125,3
Ses04M_script01_3_F013,Ses04F,auxiliary,train,3278;7702;12126,3
Ses04M_script01_3_F014,Ses04F,auxiliary,train,3279;7703;12127,3
Ses04M_script01_3_F022,Ses04F,auxiliary,dev,404,1
Ses04M_script01_3_F023,Ses04F,auxiliary,train,3280;7704;12128,3
Ses04M_script01_3_F027,Ses04F,auxiliary,dev,405,1
Ses04M_script01_3_M022,Ses04M,auxiliary,train,3281;7705;12129,3
Ses04M_script01_3_M023,Ses04M,auxiliary,train,3282;7706;12130,3
Ses04M_script01_3_M024,Ses04M,auxiliary,dev,406,1
Ses04M_script01_3_M025,Ses04M,auxiliary,train,3283;7707;12131,3
Ses04M_script01_3_M026,Ses04M,auxiliary,train,3284;7708;12132,3
Ses04M_script01_3_M027,Ses04M,auxiliary,train,3285;7709;12133,3
Ses04M_script01_3_M028,Ses04M,auxiliary,dev,407,1
Ses04M_script01_3_M030,Ses04M,auxiliary,train,3286;7710;12134,3
Ses04M_script01_3_M031,Ses04M,auxiliary,train,3287;7711;12135,3
Ses04M_script01_3_M032,Ses04M,auxiliary,train,3288;7712;12136,3
Ses04M_script01_3_M033,Ses04M,auxiliary,train,3289;7713;12137,3
Ses04M_script01_3_M034,Ses04M,auxiliary,test,414,1
Ses04M_script01_3_M035,Ses04M,auxiliary,train,3290;7714;12138,3
Ses04M_script01_3_M037,Ses04M,auxiliary,test,415,1
Ses04M_script02_1_F000,Ses04F,auxiliary,train,3291;7715;12139,3
Ses04M_script02_1_F002,Ses04F,auxiliary,train,3292;7716;12140,3
Ses04M_script02_1_F003,Ses04F,auxiliary,train,3293;7717;12141,3
Ses04M_script02_1_F004,Ses04F,auxiliary,train,3294;7718;12142,3
Ses04M_script02_1_F005,Ses04F,auxiliary,train,3295;7719;12143,3
Ses04M_script02_1_F007,Ses04F,auxiliary,train,3296;7720;12144,3
Ses04M_script02_1_F008,Ses04F,auxiliary,train,3297;7721;12145,3
Ses04M_script02_1_F010,Ses04F,auxiliary,train,3298;7722;12146,3
Ses04M_script02_1_F012,Ses04F,auxiliary,train,3299;7723;12147,3
Ses04M_script02_1_F013,Ses04F,auxiliary,train,3300;7724;12148,3
Ses04M_script02_1_F014,Ses04F,auxiliary,dev,408,1
Ses04M_script02_1_F017,Ses04F,auxiliary,train,3301;7725;12149,3
Ses04M_script02_1_F018,Ses04F,auxiliary,train,3302;7726;12150,3
Ses04M_script02_1_M001,Ses04M,auxiliary,train,3303;7727;12151,3
Ses04M_script02_1_M002,Ses04M,auxiliary,train,3304;7728;12152,3
Ses04M_script02_1_M003,Ses04M,auxiliary,train,3305;7729;12153,3
Ses04M_script02_1_M005,Ses04M,auxiliary,train,3306;7730;12154,3
Ses04M_script02_1_M008,Ses04M,auxiliary,train,3307;7731;12155,3
Ses04M_script02_1_M009,Ses04M,auxiliary,train,3308;7732;12156,3
Ses04M_script02_1_M012,Ses04M,auxiliary,train,3309;7733;12157,3
Ses04M_script02_1_M014,Ses04M,auxiliary,train,3310;7734;12158,3
Ses04M_script02_1_M015,Ses04M,auxiliary,train,3311;7735;12159,3
Ses04M_script02_1_M018,Ses04M,auxiliary,train,3312;7736;12160,3
Ses04M_script02_1_M020,Ses04M,auxiliary,train,3313;7737;12161,3
Ses04M_script02_1_M021,Ses04M,auxiliary,train,3314;7738;12162,3
Ses04M_script02_1_M022,Ses04M,auxiliary,train,3315;7739;12163,3
Ses04M_script02_1_M023,Ses04M,auxiliary,train,3316;7740;12164,3
Ses04M_script02_1_M028,Ses04M,auxiliary,train,3317;7741;12165,3
Ses04M_script02_1_M029,Ses04M,auxiliary,train,3318;7742;12166,3
Ses04M_script02_1_M030,Ses04M,auxiliary,train,3319;7743;12167,3
Ses04M_script02_1_M031,Ses04M,auxiliary,test,416,1
Ses04M_script02_1_M032,Ses04M,auxiliary,dev,409,1
Ses04M_script02_1_M033,Ses04M,auxiliary,train,3320;7744;12168,3
Ses04M_script02_2_F000,Ses04F,auxiliary,train,3321;7745;12169,3
Ses04M_script02_2_F006,Ses04F,auxiliary,train,3322;7746;12170,3
Ses04M_script02_2_F007,Ses04F,auxiliary,train,3323;7747;12171,3
Ses04M_script02_2_F009,Ses04F,auxiliary,dev,410,1
Ses04M_script02_2_F013,Ses04F,auxiliary,train,3324;7748;12172,3
Ses04M_script02_2_F016,Ses04F,auxiliary,test,417,1
Ses04M_script02_2_F018,Ses04F,auxiliary,train,3325;7749;12173,3
Ses04M_script02_2_F019,Ses04F,auxiliary,test,418,1
Ses04M_script02_2_F020,Ses04F,auxiliary,train,3326;7750;12174,3
Ses04M_script02_2_F021,Ses04F,auxiliary,train,3327;7751;12175,3
Ses04M_script02_2_F025,Ses04F,auxiliary,dev,411,1
Ses04M_script02_2_F026,Ses04F,auxiliary,dev,412,1
Ses04M_script02_2_F027,Ses04F,auxiliary,train,3328;7752;12176,3
Ses04M_script02_2_F028,Ses04F,auxiliary,train,3329;7753;12177,3
Ses04M_script02_2_F029,Ses04F,auxiliary,dev,413,1
Ses04M_script02_2_F032,Ses04F,auxiliary,train,3330;7754;12178,3
Ses04M_script02_2_F035,Ses04F,auxiliary,train,3331;7755;12179,3
Ses04M_script02_2_F036,Ses04F,auxiliary,dev,414,1
Ses04M_script02_2_M000,Ses04M,auxiliary,train,3332;7756;12180,3
Ses04M_script02_2_M001,Ses04M,auxiliary,train,3333;7757;12181,3
Ses04M_script02_2_M006,Ses04M,auxiliary,train,3334;7758;12182,3
Ses04M_script02_2_M007,Ses04M,auxiliary,train,3335;7759;12183,3
Ses04M_script02_2_M020,Ses04M,auxiliary,train,3336;7760;12184,3
Ses04M_script02_2_M021,Ses04M,auxiliary,train,3337;7761;12185,3
Ses04M_script02_2_M029,Ses04M,auxiliary,test,419,1
Ses04M_script02_2_M031,Ses04M,auxiliary,train,3338;7762;12186,3
Ses04M_script02_2_M034,Ses04M,auxiliary,train,3339;7763;12187,3
Ses04M_script02_2_M037,Ses04M,auxiliary,dev,415,1
Ses04M_script02_2_M039,Ses04M,auxiliary,train,3340;7764;12188,3
Ses04M_script02_2_M040,Ses04M,auxiliary,train,3341;7765;12189,3
Ses04M_script02_2_M041,Ses04M,auxiliary,train,3342;7766;12190,3
Ses04M_script03_1_F005,Ses04F,auxiliary,dev,416,1
Ses04M_script03_1_F006,Ses04F,auxiliary,train,3343;7767;12191,3
Ses04M_script03_1_F007,Ses04F,auxiliary,train,3344;7768;12192,3
Ses04M_script03_1_F008,Ses04F,auxiliary,dev,417,1
Ses04M_script03_1_F009,Ses04F,auxiliary,train,3345;7769;12193,3
Ses04M_script03_1_F012,Ses04F,auxiliary,test,420,1
Ses04M_script03_1_F013,Ses04F,auxiliary,train,3346;7770;12194,3
Ses04M_script03_1_F014,Ses04F,auxiliary,train,3347;7771;12195,3
Ses04M_script03_1_F015,Ses04F,auxiliary,dev,418,1
Ses04M_script03_1_F017,Ses04F,auxiliary,train,3348;7772;12196,3
Ses04M_script03_1_F018,Ses04F,auxiliary,train,3349;7773;12197,3
Ses04M_script03_1_F021,Ses04F,auxiliary,train,3350;7774;12198,3
Ses04M_script03_1_F022,Ses04F,auxiliary,train,3351;7775;12199,3
Ses04M_script03_1_F023,Ses04F,auxiliary,test,421,1
Ses04M_script03_1_F024,Ses04F,auxiliary,train,3352;7776;12200,3
Ses04M_script03_1_F025,Ses04F,auxiliary,train,3353;7777;12201,3
Ses04M_script03_1_F026,Ses04F,auxiliary,train,3354;7778;12202,3
Ses04M_script03_1_F027,Ses04F,auxiliary,train,3355;7779;12203,3
Ses04M_script03_1_F028,Ses04F,auxiliary,dev,419,1
Ses04M_script03_1_F029,Ses04F,auxiliary,train,3356;7780;12204,3
Ses04M_script03_1_F030,Ses04F,auxiliary,train,3357;7781;12205,3
Ses04M_script03_1_M003,Ses04M,auxiliary,train,3358;7782;12206,3
Ses04M_script03_1_M004,Ses04M,auxiliary,dev,420,1
Ses04M_script03_1_M006,Ses04M,auxiliary,train,3359;7783;12207,3
Ses04M_script03_1_M007,Ses04M,auxiliary,train,3360;7784;12208,3
Ses04M_script03_1_M010,Ses04M,auxiliary,train,3361;7785;12209,3
Ses04M_script03_1_M012,Ses04M,auxiliary,train,3362;7786;12210,3
Ses04M_script03_1_M013,Ses04M,auxiliary,train,3363;7787;12211,3
Ses04M_script03_1_M016,Ses04M,auxiliary,train,3364;7788;12212,3
Ses04M_script03_1_M021,Ses04M,auxiliary,train,3365;7789;12213,3
Ses04M_script03_1_M025,Ses04M,auxiliary,train,3366;7790;12214,3
Ses04M_script03_1_M028,Ses04M,auxiliary,train,3367;7791;12215,3
Ses04M_script03_1_M029,Ses04M,auxiliary,train,3368;7792;12216,3
Ses04M_script03_1_M033,Ses04M,auxiliary,train,3369;7793;12217,3
Ses04M_script03_2_F000,Ses04F,auxiliary,train,3370;7794;12218,3
Ses04M_script03_2_F001,Ses04F,auxiliary,train,3371;7795;12219,3
Ses04M_script03_2_F002,Ses04F,auxiliary,train,3372;7796;12220,3
Ses04M_script03_2_F003,Ses04F,auxiliary,train,3373;7797;12221,3
Ses04M_script03_2_F006,Ses04F,auxiliary,train,3374;7798;12222,3
Ses04M_script03_2_F008,Ses04F,auxiliary,train,3375;7799;12223,3
Ses04M_script03_2_F009,Ses04F,auxiliary,dev,421,1
Ses04M_script03_2_F010,Ses04F,auxiliary,train,3376;7800;12224,3
Ses04M_script03_2_F014,Ses04F,auxiliary,test,422,1
Ses04M_script03_2_F017,Ses04F,auxiliary,test,423,1
Ses04M_script03_2_F019,Ses04F,auxiliary,train,3377;7801;12225,3
Ses04M_script03_2_F022,Ses04F,auxiliary,train,3378;7802;12226,3
Ses04M_script03_2_F023,Ses04F,auxiliary,train,3379;7803;12227,3
Ses04M_script03_2_F024,Ses04F,auxiliary,dev,422,1
Ses04M_script03_2_F026,Ses04F,auxiliary,train,3380;7804;12228,3
Ses04M_script03_2_F028,Ses04F,auxiliary,train,3381;7805;12229,3
Ses04M_script03_2_F029,Ses04F,auxiliary,train,3382;7806;12230,3
Ses04M_script03_2_F030,Ses04F,auxiliary,dev,423,1
Ses04M_script03_2_F031,Ses04F,auxiliary,train,3383;7807;12231,3
Ses04M_script03_2_F032,Ses04F,auxiliary,train,3384;7808;12232,3
Ses04M_script03_2_F033,Ses04F,auxiliary,train,3385;7809;12233,3
Ses04M_script03_2_F034,Ses04F,auxiliary,train,3386;7810;12234,3
Ses04M_script03_2_F035,Ses04F,auxiliary,train,3387;7811;12235,3
Ses04M_script03_2_F036,Ses04F,auxiliary,train,3388;7812;12236,3
Ses04M_script03_2_F037,Ses04F,auxiliary,train,3389;7813;12237,3
Ses04M_script03_2_F039,Ses04F,auxiliary,train,3390;7814;12238,3
Ses04M_script03_2_F040,Ses04F,auxiliary,train,3391;7815;12239,3
Ses04M_script03_2_F041,Ses04F,auxiliary,train,3392;7816;12240,3
Ses04M_script03_2_F042,Ses04F,auxiliary,train,3393;7817;12241,3
Ses04M_script03_2_F043,Ses04F,auxiliary,train,3394;7818;12242,3
Ses04M_script03_2_F044,Ses04F,auxiliary,train,3395;7819;12243,3
Ses04M_script03_2_F045,Ses04F,auxiliary,dev,424,1
Ses04M_script03_2_F046,Ses04F,auxiliary,train,3396;7820;12244,3
Ses04M_script03_2_F047,Ses04F,auxiliary,train,3397;7821;12245,3
Ses04M_script03_2_F048,Ses04F,auxiliary,train,3398;7822;12246,3
Ses04M_script03_2_F049,Ses04F,auxiliary,train,3399;7823;12247,3
Ses04M_script03_2_F050,Ses04F,auxiliary,train,3400;7824;12248,3
Ses04M_script03_2_F051,Ses04F,auxiliary,test,424,1
Ses04M_script03_2_F052,Ses04F,auxiliary,test,425,1
Ses04M_script03_2_M001,Ses04M,auxiliary,dev,425,1
Ses04M_script03_2_M008,Ses04M,auxiliary,dev,426,1
Ses04M_script03_2_M009,Ses04M,auxiliary,train,3401;7825;12249,3
Ses04M_script03_2_M010,Ses04M,auxiliary,train,3402;7826;12250,3
Ses04M_script03_2_M011,Ses04M,auxiliary,train,3403;7827;12251,3
Ses04M_script03_2_M012,Ses04M,auxiliary,train,3404;7828;12252,3
Ses04M_script03_2_M013,Ses04M,auxiliary,train,3405;7829;12253,3
Ses04M_script03_2_M014,Ses04M,auxiliary,train,3406;7830;12254,3
Ses04M_script03_2_M020,Ses04M,auxiliary,train,3407;7831;12255,3
Ses04M_script03_2_M021,Ses04M,auxiliary,train,3408;7832;12256,3
Ses04M_script03_2_M022,Ses04M,auxiliary,train,3409;7833;12257,3
Ses04M_script03_2_M024,Ses04M,auxiliary,test,426,1
Ses04M_script03_2_M025,Ses04M,auxiliary,train,3410;7834;12258,3
Ses04M_script03_2_M026,Ses04M,auxiliary,train,3411;7835;12259,3
Ses04M_script03_2_M027,Ses04M,auxiliary,train,3412;7836;12260,3
Ses04M_script03_2_M028,Ses04M,auxiliary,train,3413;7837;12261,3
Ses04M_script03_2_M029,Ses04M,auxiliary,train,3414;7838;12262,3
Ses04M_script03_2_M030,Ses04M,auxiliary,train,3415;7839;12263,3
Ses04M_script03_2_M031,Ses04M,auxiliary,train,3416;7840;12264,3
Ses04M_script03_2_M033,Ses04M,auxiliary,train,3417;7841;12265,3
Ses04M_script03_2_M034,Ses04M,auxiliary,train,3418;7842;12266,3
Ses04M_script03_2_M035,Ses04M,auxiliary,train,3419;7843;12267,3
Ses04M_script03_2_M036,Ses04M,auxiliary,train,3420;7844;12268,3
Ses04M_script03_2_M038,Ses04M,auxiliary,train,3421;7845;12269,3
Ses04M_script03_2_M040,Ses04M,auxiliary,train,3422;7846;12270,3
Ses04M_script03_2_M041,Ses04M,auxiliary,dev,427,1
Ses04M_script03_2_M043,Ses04M,auxiliary,train,3423;7847;12271,3
Ses04M_script03_2_M046,Ses04M,auxiliary,train,3424;7848;12272,3
Ses04M_script03_2_M047,Ses04M,auxiliary,train,3425;7849;12273,3
Ses04M_script03_2_M048,Ses04M,auxiliary,train,3426;7850;12274,3
Ses04M_script03_2_M049,Ses04M,auxiliary,train,3427;7851;12275,3
Ses04M_script03_2_M050,Ses04M,auxiliary,train,3428;7852;12276,3
Ses04M_script03_2_M051,Ses04M,auxiliary,train,3429;7853;12277,3
Ses04M_script03_2_M052,Ses04M,auxiliary,train,3430;7854;12278,3
Ses04M_script03_2_M053,Ses04M,auxiliary,dev,428,1
Ses04M_script03_2_M054,Ses04M,auxiliary,train,3431;7855;12279,3
Ses04M_script03_2_M055,Ses04M,auxiliary,train,3432;7856;12280,3
Ses04M_script03_2_M056,Ses04M,auxiliary,train,3433;7857;12281,3
Ses05F_impro01_F000,Ses05F,dev,train,3434;7858;12282,3
Ses05F_impro01_F008,Ses05F,dev,dev,429,1
Ses05F_impro01_F017,Ses05F,dev,train,3435;7859;12283,3
Ses05F_impro01_F018,Ses05F,dev,test,427,1
Ses05F_impro01_F020,Ses05F,dev,test,428,1
Ses05F_impro01_M000,Ses05M,test,train,3436;7860;12284,3
Ses05F_impro01_M003,Ses05M,test,train,3437;7861;12285,3
Ses05F_impro02_F001,Ses05F,dev,train,3438;7862;12286,3
Ses05F_impro02_F002,Ses05F,dev,train,3439;7863;12287,3
Ses05F_impro02_F004,Ses05F,dev,train,3440;7864;12288,3
Ses05F_impro02_F005,Ses05F,dev,test,429,1
Ses05F_impro02_F008,Ses05F,dev,test,430,1
Ses05F_impro02_F009,Ses05F,dev,train,3441;7865;12289,3
Ses05F_impro02_F010,Ses05F,dev,train,3442;7866;12290,3
Ses05F_impro02_F011,Ses05F,dev,train,3443;7867;12291,3
Ses05F_impro02_F012,Ses05F,dev,train,3444;7868;12292,3
Ses05F_impro02_F021,Ses05F,dev,train,3445;7869;12293,3
Ses05F_impro02_F023,Ses05F,dev,train,3446;7870;12294,3
Ses05F_impro02_F024,Ses05F,dev,dev,430,1
Ses05F_impro02_F027,Ses05F,dev,train,3447;7871;12295,3
Ses05F_impro02_F028,Ses05F,dev,train,3448;7872;12296,3
Ses05F_impro02_F029,Ses05F,dev,train,3449;7873;12297,3
Ses05F_impro02_F031,Ses05F,dev,train,3450;7874;12298,3
Ses05F_impro02_F032,Ses05F,dev,dev,431,1
Ses05F_impro02_F034,Ses05F,dev,train,3451;7875;12299,3
Ses05F_impro02_F035,Ses05F,dev,dev,432,1
Ses05F_impro02_F036,Ses05F,dev,test,431,1
Ses05F_impro02_F037,Ses05F,dev,train,3452;7876;12300,3
Ses05F_impro02_F038,Ses05F,dev,train,3453;7877;12301,3
Ses05F_impro02_M000,Ses05M,test,train,3454;7878;12302,3
Ses05F_impro02_M004,Ses05M,test,train,3455;7879;12303,3
Ses05F_impro02_M005,Ses05M,test,train,3456;7880;12304,3
Ses05F_impro02_M010,Ses05M,test,train,3457;7881;12305,3
Ses05F_impro02_M014,Ses05M,test,train,3458;7882;12306,3
Ses05F_impro02_M015,Ses05M,test,train,3459;7883;12307,3
Ses05F_impro02_M024,Ses05M,test,train,3460;7884;12308,3
Ses05F_impro02_M025,Ses05M,test,train,3461;7885;12309,3
Ses05F_impro02_M026,Ses05M,test,train,3462;7886;12310,3
Ses05F_impro02_M029,Ses05M,test,train,3463;7887;12311,3
Ses05F_impro02_M031,Ses05M,test,train,3464;7888;12312,3
Ses05F_impro02_M032,Ses05M,test,train,3465;7889;12313,3
Ses05F_impro02_M033,Ses05M,test,dev,433,1
Ses05F_impro02_M034,Ses05M,test,dev,434,1
Ses05F_impro02_M035,Ses05M,test,train,3466;7890;12314,3
Ses05F_impro02_M036,Ses05M,test,train,3467;7891;12315,3
Ses05F_impro02_M041,Ses05M,test,dev,435,1
Ses05F_impro03_F000,Ses05F,dev,train,3468;7892;12316,3
Ses05F_impro03_F001,Ses05F,dev,train,3469;7893;12317,3
Ses05F_impro03_F002,Ses05F,dev,train,3470;7894;12318,3
Ses05F_impro03_F003,Ses05F,dev,train,3471;7895;12319,3
Ses05F_impro03_F004,Ses05F,dev,test,432,1
Ses05F_impro03_F005,Ses05F,dev,train,3472;7896;12320,3
Ses05F_impro03_F007,Ses05F,dev,train,3473;7897;12321,3
Ses05F_impro03_F008,Ses05F,dev,dev,436,1
Ses05F_impro03_F009,Ses05F,dev,test,433,1
Ses05F_impro03_F011,Ses05F,dev,test,434,1
Ses05F_impro03_F020,Ses05F,dev,train,3474;7898;12322,3
Ses05F_impro03_F027,Ses05F,dev,test,435,1
Ses05F_impro03_F028,Ses05F,dev,train,3475;7899;12323,3
Ses05F_impro03_F029,Ses05F,dev,train,3476;7900;12324,3
Ses05F_impro03_F030,Ses05F,dev,train,3477;7901;12325,3
Ses05F_impro03_F031,Ses05F,dev,train,3478;7902;12326,3
Ses05F_impro03_F032,Ses05F,dev,train,3479;7903;12327,3
Ses05F_impro03_F033,Ses05F,dev,train,3480;7904;12328,3
Ses05F_impro03_F034,Ses05F,dev,train,3481;7905;12329,3
Ses05F_impro03_F035,Ses05F,dev,train,3482;7906;12330,3
Ses05F_impro03_F036,Ses05F,dev,train,3483;7907;12331,3
Ses05F_impro03_F037,Ses05F,dev,train,3484;7908;12332,3
Ses05F_impro03_F039,Ses05F,dev,train,3485;7909;12333,3
Ses05F_impro03_F040,Ses05F,dev,train,3486;7910;12334,3
Ses05F_impro03_F041,Ses05F,dev,train,3487;7911;12335,3
Ses05F_impro03_F042,Ses05F,dev,train,3488;7912;12336,3
Ses05F_impro03_F043,Ses05F,dev,train,3489;7913;12337,3
Ses05F_impro03_F046,Ses05F,dev,train,3490;7914;12338,3
Ses05F_impro03_F047,Ses05F,dev,train,3491;7915;12339,3
Ses05F_impro03_F048,Ses05F,dev,train,3492;7916;12340,3
Ses05F_impro03_F049,Ses05F,dev,test,436,1
Ses05F_impro03_F051,Ses05F,dev,train,3493;7917;12341,3
Ses05F_impro03_F053,Ses05F,dev,train,3494;7918;12342,3
Ses05F_impro03_F054,Ses05F,dev,train,3495;7919;12343,3
Ses05F_impro03_F055,Ses05F,dev,train,3496;7920;12344,3
Ses05F_impro03_F056,Ses05F,dev,train,3497;7921;12345,3
Ses05F_impro03_F057,Ses05F,dev,train,3498;7922;12346,3
Ses05F_impro03_F058,Ses05F,dev,train,3499;7923;12347,3
Ses05F_impro03_F059,Ses05F,dev,test,437,1
Ses05F_impro03_F060,Ses05F,dev,test,438,1
Ses05F_impro03_M000,Ses05M,test,train,3500;7924;12348,3
Ses05F_impro03_M001,Ses05M,test,train,3501;7925;12349,3
Ses05F_impro03_M003,Ses05M,test,train,3502;7926;12350,3
Ses05F_impro03_M005,Ses05M,test,train,3503;7927;12351,3
Ses05F_impro03_M006,Ses05M,test,train,3504;7928;12352,3
Ses05F_impro03_M007,Ses05M,test,train,3505;7929;12353,3
Ses05F_impro03_M008,Ses05M,test,test,439,1
Ses05F_impro03_M009,Ses05M,test,train,3506;7930;12354,3
Ses05F_impro03_M010,Ses05M,test,train,3507;7931;12355,3
Ses05F_impro03_M011,Ses05M,test,train,3508;7932;12356,3
Ses05F_impro03_M012,Ses05M,test,train,3509;7933;12357,3
Ses05F_impro03_M013,Ses05M,test,dev,437,1
Ses05F_impro03_M020,Ses05M,test,train,3510;7934;12358,3
Ses05F_impro03_M027,Ses05M,test,train,3511;7935;12359,3
Ses05F_impro03_M030,Ses05M,test,train,3512;7936;12360,3
Ses05F_impro03_M031,Ses05M,test,test,440,1
Ses05F_impro03_M032,Ses05M,test,test,441,1
Ses05F_impro03_M033,Ses05M,test,train,3513;7937;12361,3
Ses05F_impro03_M035,Ses05M,test,test,442,1
Ses05F_impro03_M036,Ses05M,test,train,3514;7938;12362,3
Ses05F_impro03_M037,Ses05M,test,train,3515;7939;12363,3
Ses05F_impro03_M038,Ses05M,test,train,3516;7940;12364,3
Ses05F_impro03_M039,Ses05M,test,train,3517;7941;12365,3
Ses05F_impro03_M040,Ses05M,test,train,3518;7942;12366,3
Ses05F_impro03_M041,Ses05M,test,dev,438,1
Ses05F_impro03_M043,Ses05M,test,train,3519;7943;12367,3
Ses05F_impro03_M044,Ses05M,test,train,3520;7944;12368,3
Ses05F_impro03_M045,Ses05M,test,train,3521;7945;12369,3
Ses05F_impro03_M046,Ses05M,test,dev,439,1
Ses05F_impro03_M049,Ses05M,test,train,3522;7946;12370,3
Ses05F_impro03_M050,Ses05M,test,train,3523;7947;12371,3
Ses05F_impro03_M051,Ses05M,test,train,3524;7948;12372,3
Ses05F_impro03_M057,Ses05M,test,train,3525;7949;12373,3
Ses05F_impro03_M058,Ses05M,test,dev,440,1
Ses05F_impro03_M060,Ses05M,test,train,3526;7950;12374,3
Ses05F_impro03_M061,Ses05M,test,train,3527;7951;12375,3
Ses05F_impro03_M062,Ses05M,test,train,3528;7952;12376,3
Ses05F_impro03_M063,Ses05M,test,train,3529;7953;12377,3
Ses05F_impro03_M064,Ses05M,test,train,3530;7954;12378,3
Ses05F_impro03_M065,Ses05M,test,train,3531;7955;12379,3
Ses05F_impro03_M066,Ses05M,test,train,3532;7956;12380,3
Ses05F_impro03_M067,Ses05M,test,train,3533;7957;12381,3
Ses05F_impro03_M068,Ses05M,test,train,3534;7958;12382,3
Ses05F_impro04_F000,Ses05F,dev,train,3535;7959;12383,3
Ses05F_impro04_F008,Ses05F,dev,train,3536;7960;12384,3
Ses05F_impro04_F015,Ses05F,dev,train,3537;7961;12385,3
Ses05F_impro04_F016,Ses05F,dev,train,3538;7962;12386,3
Ses05F_impro04_F017,Ses05F,dev,train,3539;7963;12387,3
Ses05F_impro04_F019,Ses05F,dev,train,3540;7964;12388,3
Ses05F_impro04_F022,Ses05F,dev,train,3541;7965;12389,3
Ses05F_impro04_F023,Ses05F,dev,train,3542;7966;12390,3
Ses05F_impro04_F038,Ses05F,dev,train,3543;7967;12391,3
Ses05F_impro04_F039,Ses05F,dev,train,3544;7968;12392,3
Ses05F_impro04_F040,Ses05F,dev,train,3545;7969;12393,3
Ses05F_impro04_F041,Ses05F,dev,train,3546;7970;12394,3
Ses05F_impro04_F042,Ses05F,dev,train,3547;7971;12395,3
Ses05F_impro04_F043,Ses05F,dev,train,3548;7972;12396,3
Ses05F_impro04_F044,Ses05F,dev,train,3549;7973;12397,3
Ses05F_impro04_F045,Ses05F,dev,train,3550;7974;12398,3
Ses05F_impro04_M000,Ses05M,test,test,443,1
Ses05F_impro04_M001,Ses05M,test,test,444,1
Ses05F_impro04_M003,Ses05M,test,train,3551;7975;12399,3
Ses05F_impro04_M004,Ses05M,test,train,3552;7976;12400,3
Ses05F_impro04_M005,Ses05M,test,train,3553;7977;12401,3
Ses05F_impro04_M007,Ses05M,test,train,3554;7978;12402,3
Ses05F_impro04_M008,Ses05M,test,train,3555;7979;12403,3
Ses05F_impro04_M009,Ses05M,test,train,3556;7980;12404,3
Ses05F_impro04_M010,Ses05M,test,train,3557;7981;12405,3
Ses05F_impro04_M011,Ses05M,test,train,3558;7982;12406,3
Ses05F_impro04_M012,Ses05M,test,train,3559;7983;12407,3
Ses05F_impro04_M013,Ses05M,test,train,3560;7984;12408,3
Ses05F_impro04_M015,Ses05M,test,train,3561;7985;12409,3
Ses05F_impro04_M016,Ses05M,test,train,3562;7986;12410,3
Ses05F_impro04_M017,Ses05M,test,test,445,1
Ses05F_impro04_M020,Ses05M,test,train,3563;7987;12411,3
Ses05F_impro04_M022,Ses05M,test,train,3564;7988;12412,3
Ses05F_impro04_M024,Ses05M,test,train,3565;7989;12413,3
Ses05F_impro04_M025,Ses05M,test,train,3566;7990;12414,3
Ses05F_impro04_M026,Ses05M,test,train,3567;7991;12415,3
Ses05F_impro04_M027,Ses05M,test,train,3568;7992;12416,3
Ses05F_impro04_M028,Ses05M,test,train,3569;7993;12417,3
Ses05F_impro04_M029,Ses05M,test,train,3570;7994;12418,3
Ses05F_impro04_M030,Ses05M,test,train,3571;7995;12419,3
Ses05F_impro04_M031,Ses05M,test,train,3572;7996;12420,3
Ses05F_impro04_M032,Ses05M,test,train,3573;7997;12421,3
Ses05F_impro04_M033,Ses05M,test,train,3574;7998;12422,3
Ses05F_impro04_M034,Ses05M,test,train,3575;7999;12423,3
Ses05F_impro04_M035,Ses05M,test,train,3576;8000;12424,3
Ses05F_impro04_M036,Ses05M,test,test,446,1
Ses05F_impro04_M037,Ses05M,test,train,3577;8001;12425,3
Ses05F_impro04_M038,Ses05M,test,train,3578;8002;12426,3
Ses05F_impro04_M039,Ses05M,test,train,3579;8003;12427,3
Ses05F_impro04_M040,Ses05M,test,train,3580;8004;12428,3
Ses05F_impro04_M041,Ses05M,test,train,3581;8005;12429,3
Ses05F_impro04_M042,Ses05M,test,train,3582;8006;12430,3
Ses05F_impro04_M043,Ses05M,test,train,3583;8007;12431,3
Ses05F_impro05_F000,Ses05F,dev,train,3584;8008;12432,3
Ses05F_impro05_F001,Ses05F,dev,train,3585;8009;12433,3
Ses05F_impro05_F002,Ses05F,dev,train,3586;8010;12434,3
Ses05F_impro05_F004,Ses05F,dev,train,3587;8011;12435,3
Ses05F_impro05_F005,Ses05F,dev,test,447,1
Ses05F_impro05_F006,Ses05F,dev,train,3588;8012;12436,3
Ses05F_impro05_F007,Ses05F,dev,train,3589;8013;12437,3
Ses05F_impro05_F010,Ses05F,dev,train,3590;8014;12438,3
Ses05F_impro05_F018,Ses05F,dev,dev,441,1
Ses05F_impro05_F019,Ses05F,dev,train,3591;8015;12439,3
Ses05F_impro05_F020,Ses05F,dev,train,3592;8016;12440,3
Ses05F_impro05_F021,Ses05F,dev,train,3593;8017;12441,3
Ses05F_impro05_F022,Ses05F,dev,train,3594;8018;12442,3
Ses05F_impro05_F023,Ses05F,dev,train,3595;8019;12443,3
Ses05F_impro05_F024,Ses05F,dev,train,3596;8020;12444,3
Ses05F_impro05_F031,Ses05F,dev,train,3597;8021;12445,3
Ses05F_impro05_F033,Ses05F,dev,train,3598;8022;12446,3
Ses05F_impro05_F034,Ses05F,dev,train,3599;8023;12447,3
Ses05F_impro05_F041,Ses05F,dev,train,3600;8024;12448,3
Ses05F_impro05_F042,Ses05F,dev,train,3601;8025;12449,3
Ses05F_impro05_M000,Ses05M,test,train,3602;8026;12450,3
Ses05F_impro05_M001,Ses05M,test,train,3603;8027;12451,3
Ses05F_impro05_M002,Ses05M,test,train,3604;8028;12452,3
Ses05F_impro05_M003,Ses05M,test,train,3605;8029;12453,3
Ses05F_impro05_M004,Ses05M,test,train,3606;8030;12454,3
Ses05F_impro05_M005,Ses05M,test,train,3607;8031;12455,3
Ses05F_impro05_M006,Ses05M,test,test,448,1
Ses05F_impro05_M007,Ses05M,test,train,3608;8032;12456,3
Ses05F_impro05_M008,Ses05M,test,train,3609;8033;12457,3
Ses05F_impro05_M009,Ses05M,test,train,3610;8034;12458,3
Ses05F_impro05_M010,Ses05M,test,train,3611;8035;12459,3
Ses05F_impro05_M012,Ses05M,test,train,3612;8036;12460,3
Ses05F_impro05_M014,Ses05M,test,train,3613;8037;12461,3
Ses05F_impro05_M015,Ses05M,test,train,3614;8038;12462,3
Ses05F_impro05_M016,Ses05M,test,dev,442,1
Ses05F_impro05_M017,Ses05M,test,train,3615;8039;12463,3
Ses05F_impro05_M018,Ses05M,test,train,3616;8040;12464,3
Ses05F_impro05_M019,Ses05M,test,train,3617;8041;12465,3
Ses05F_impro05_M022,Ses05M,test,train,3618;8042;12466,3
Ses05F_impro05_M023,Ses05M,test,dev,443,1
Ses05F_impro05_M025,Ses05M,test,train,3619;8043;12467,3
Ses05F_impro05_M030,Ses05M,test,train,3620;8044;12468,3
Ses05F_impro05_M031,Ses05M,test,train,3621;8045;12469,3
Ses05F_impro05_M032,Ses05M,test,test,449,1
Ses05F_impro05_M033,Ses05M,test,test,450,1
Ses05F_impro05_M034,Ses05M,test,train,3622;8046;12470,3
Ses05F_impro05_M036,Ses05M,test,train,3623;8047;12471,3
Ses05F_impro05_M037,Ses05M,test,train,3624;8048;12472,3
Ses05F_impro05_M039,Ses05M,test,train,3625;8049;12473,3
Ses05F_impro05_M040,Ses05M,test,train,3626;8050;12474,3
Ses05F_impro05_M041,Ses05M,test,train,3627;8051;12475,3
Ses05F_impro05_M048,Ses05M,test,train,3628;8052;12476,3
Ses05F_impro05_M050,Ses05M,test,train,3629;8053;12477,3
Ses05F_impro05_M051,Ses05M,test,train,3630;8054;12478,3
Ses05F_impro05_M052,Ses05M,test,train,3631;8055;12479,3
Ses05F_impro05_M053,Ses05M,test,train,3632;8056;12480,3
Ses05F_impro06_F000,Ses05F,dev,train,3633;8057;12481,3
Ses05F_impro06_F001,Ses05F,dev,train,3634;8058;12482,3
Ses05F_impro06_F002,Ses05F,dev,train,3635;8059;12483,3
Ses05F_impro06_F003,Ses05F,dev,test,451,1
Ses05F_impro06_F004,Ses05F,dev,train,3636;8060;12484,3
Ses05F_impro06_F005,Ses05F,dev,train,3637;8061;12485,3
Ses05F_impro06_F006,Ses05F,dev,train,3638;8062;12486,3
Ses05F_impro06_F007,Ses05F,dev,train,3639;8063;12487,3
Ses05F_impro06_F008,Ses05F,dev,train,3640;8064;12488,3
Ses05F_impro06_F009,Ses05F,dev,train,3641;8065;12489,3
Ses05F_impro06_F010,Ses05F,dev,train,3642;8066;12490,3
Ses05F_impro06_F011,Ses05F,dev,train,3643;8067;12491,3
Ses05F_impro06_F012,Ses05F,dev,train,3644;8068;12492,3
Ses05F_impro06_F013,Ses05F,dev,train,3645;8069;12493,3
Ses05F_impro06_F014,Ses05F,dev,dev,444,1
Ses05F_impro06_F015,Ses05F,dev,train,3646;8070;12494,3
Ses05F_impro06_F016,Ses05F,dev,dev,445,1
Ses05F_impro06_F017,Ses05F,dev,dev,446,1
Ses05F_impro06_F018,Ses05F,dev,test,452,1
Ses05F_impro06_F019,Ses05F,dev,train,3647;8071;12495,3
Ses05F_impro06_F020,Ses05F,dev,train,3648;8072;12496,3
Ses05F_impro06_F021,Ses05F,dev,dev,447,1
Ses05F_impro06_F022,Ses05F,dev,train,3649;8073;12497,3
Ses05F_impro06_F023,Ses05F,dev,train,3650;8074;12498,3
Ses05F_impro06_F024,Ses05F,dev,test,453,1
Ses05F_impro06_F025,Ses05F,dev,dev,448,1
Ses05F_impro06_F026,Ses05F,dev,train,3651;8075;12499,3
Ses05F_impro06_F027,Ses05F,dev,train,3652;8076;12500,3
Ses05F_impro06_F029,Ses05F,dev,train,3653;8077;12501,3
Ses05F_impro06_M001,Ses05M,test,train,3654;8078;12502,3
Ses05F_impro06_M002,Ses05M,test,train,3655;8079;12503,3
Ses05F_impro06_M003,Ses05M,test,train,3656;8080;12504,3
Ses05F_impro06_M004,Ses05M,test,train,3657;8081;12505,3
Ses05F_impro06_M005,Ses05M,test,train,3658;8082;12506,3
Ses05F_impro06_M006,Ses05M,test,train,3659;8083;12507,3
Ses05F_impro06_M007,Ses05M,test,train,3660;8084;12508,3
Ses05F_impro06_M008,Ses05M,test,train,3661;8085;12509,3
Ses05F_impro06_M009,Ses05M,test,train,3662;8086;12510,3
Ses05F_impro06_M010,Ses05M,test,train,3663;8087;12511,3
Ses05F_impro06_M011,Ses05M,test,train,3664;8088;12512,3
Ses05F_impro06_M012,Ses05M,test,dev,449,1
Ses05F_impro06_M013,Ses05M,test,train,3665;8089;12513,3
Ses05F_impro06_M014,Ses05M,test,train,3666;8090;12514,3
Ses05F_impro06_M017,Ses05M,test,train,3667;8091;12515,3
Ses05F_impro06_M018,Ses05M,test,train,3668;8092;12516,3
Ses05F_impro06_M019,Ses05M,test,test,454,1
Ses05F_impro06_M020,Ses05M,test,train,3669;8093;12517,3
Ses05F_impro06_M021,Ses05M,test,dev,450,1
Ses05F_impro06_M022,Ses05M,test,train,3670;8094;12518,3
Ses05F_impro06_M023,Ses05M,test,train,3671;8095;12519,3
Ses05F_impro06_M024,Ses05M,test,train,3672;8096;12520,3
Ses05F_impro06_M025,Ses05M,test,train,3673;8097;12521,3
Ses05F_impro07_F000,Ses05F,dev,test,455,1
Ses05F_impro07_F001,Ses05F,dev,train,3674;8098;12522,3
Ses05F_impro07_F002,Ses05F,dev,dev,451,1
Ses05F_impro07_F003,Ses05F,dev,train,3675;8099;12523,3
Ses05F_impro07_F004,Ses05F,dev,train,3676;8100;12524,3
Ses05F_impro07_F005,Ses05F,dev,train,3677;8101;12525,3
Ses05F_impro07_F006,Ses05F,dev,train,3678;8102;12526,3
Ses05F_impro07_F007,Ses05F,dev,train,3679;8103;12527,3
Ses05F_impro07_F008,Ses05F,dev,train,3680;8104;12528,3
Ses05F_impro07_F011,Ses05F,dev,train,3681;8105;12529,3
Ses05F_impro07_F012,Ses05F,dev,train,3682;8106;12530,3
Ses05F_impro07_F013,Ses05F,dev,dev,452,1
Ses05F_impro07_F014,Ses05F,dev,train,3683;8107;12531,3
Ses05F_impro07_F015,Ses05F,dev,train,3684;8108;12532,3
Ses05F_impro07_F016,Ses05F,dev,train,3685;8109;12533,3
Ses05F_impro07_F017,Ses05F,dev,train,3686;8110;12534,3
Ses05F_impro07_F021,Ses05F,dev,train,3687;8111;12535,3
Ses05F_impro07_F023,Ses05F,dev,train,3688;8112;12536,3
Ses05F_impro07_F024,Ses05F,dev,train,3689;8113;12537,3
Ses05F_impro07_F025,Ses05F,dev,train,3690;8114;12538,3
Ses05F_impro07_F026,Ses05F,dev,train,3691;8115;12539,3
Ses05F_impro07_F027,Ses05F,dev,train,3692;8116;12540,3
Ses05F_impro07_F028,Ses05F,dev,train,3693;8117;12541,3
Ses05F_impro07_F029,Ses05F,dev,train,3694;8118;12542,3
Ses05F_impro07_F030,Ses05F,dev,train,3695;8119;12543,3
Ses05F_impro07_F031,Ses05F,dev,test,456,1
Ses05F_impro07_F032,Ses05F,dev,train,3696;8120;12544,3
Ses05F_impro07_F033,Ses05F,dev,dev,453,1
Ses05F_impro07_F034,Ses05F,dev,dev,454,1
Ses05F_impro07_F035,Ses05F,dev,train,3697;8121;12545,3
Ses05F_impro07_F036,Ses05F,dev,train,3698;8122;12546,3
Ses05F_impro07_F037,Ses05F,dev,train,3699;8123;12547,3
Ses05F_impro07_F038,Ses05F,dev,test,457,1
Ses05F_impro07_F039,Ses05F,dev,train,3700;8124;12548,3
Ses05F_impro07_M000,Ses05M,test,dev,455,1
Ses05F_impro07_M001,Ses05M,test,dev,456,1
Ses05F_impro07_M002,Ses05M,test,dev,457,1
Ses05F_impro07_M003,Ses05M,test,train,3701;8125;12549,3
Ses05F_impro07_M004,Ses05M,test,train,3702;8126;12550,3
Ses05F_impro07_M005,Ses05M,test,test,458,1
Ses05F_impro07_M006,Ses05M,test,train,3703;8127;12551,3
Ses05F_impro07_M007,Ses05M,test,train,3704;8128;12552,3
Ses05F_impro07_M008,Ses05M,test,train,3705;8129;12553,3
Ses05F_impro07_M009,Ses05M,test,test,459,1
Ses05F_impro07_M011,Ses05M,test,dev,458,1
Ses05F_impro07_M012,Ses05M,test,train,3706;8130;12554,3
Ses05F_impro07_M013,Ses05M,test,train,3707;8131;12555,3
Ses05F_impro07_M014,Ses05M,test,train,3708;8132;12556,3
Ses05F_impro07_M015,Ses05M,test,train,3709;8133;12557,3
Ses05F_impro07_M016,Ses05M,test,train,3710;8134;12558,3
Ses05F_impro07_M017,Ses05M,test,train,3711;8135;12559,3
Ses05F_impro07_M018,Ses05M,test,train,3712;8136;12560,3
Ses05F_impro07_M019,Ses05M,test,test,460,1
Ses05F_impro07_M020,Ses05M,test,train,3713;8137;12561,3
Ses05F_impro07_M021,Ses05M,test,train,3714;8138;12562,3
Ses05F_impro07_M024,Ses05M,test,train,3715;8139;12563,3
Ses05F_impro07_M025,Ses05M,test,dev,459,1
Ses05F_impro07_M026,Ses05M,test,test,461,1
Ses05F_impro07_M027,Ses05M,test,train,3716;8140;12564,3
Ses05F_impro07_M029,Ses05M,test,dev,460,1
Ses05F_impro07_M030,Ses05M,test,train,3717;8141;12565,3
Ses05F_impro07_M031,Ses05M,test,train,3718;8142;12566,3
Ses05F_impro07_M032,Ses05M,test,train,3719;8143;12567,3
Ses05F_impro07_M033,Ses05M,test,train,3720;8144;12568,3
Ses05F_impro07_M034,Ses05M,test,train,3721;8145;12569,3
Ses05F_impro07_M035,Ses05M,test,test,462,1
Ses05F_impro07_M036,Ses05M,test,train,3722;8146;12570,3
Ses05F_impro08_F000,Ses05F,dev,train,3723;8147;12571,3
Ses05F_impro08_F001,Ses05F,dev,train,3724;8148;12572,3
Ses05F_impro08_F002,Ses05F,dev,dev,461,1
Ses05F_impro08_F003,Ses05F,dev,train,3725;8149;12573,3
Ses05F_impro08_F004,Ses05F,dev,train,3726;8150;12574,3
Ses05F_impro08_F005,Ses05F,dev,train,3727;8151;12575,3
Ses05F_impro08_F007,Ses05F,dev,train,3728;8152;12576,3
Ses05F_impro08_F008,Ses05F,dev,train,3729;8153;12577,3
Ses05F_impro08_F009,Ses05F,dev,train,3730;8154;12578,3
Ses05F_impro08_F010,Ses05F,dev,train,3731;8155;12579,3
Ses05F_impro08_F011,Ses05F,dev,train,3732;8156;12580,3
Ses05F_impro08_F012,Ses05F,dev,test,463,1
Ses05F_impro08_F014,Ses05F,dev,train,3733;8157;12581,3
Ses05F_impro08_F015,Ses05F,dev,train,3734;8158;12582,3
Ses05F_impro08_F016,Ses05F,dev,train,3735;8159;12583,3
Ses05F_impro08_F017,Ses05F,dev,train,3736;8160;12584,3
Ses05F_impro08_F018,Ses05F,dev,train,3737;8161;12585,3
Ses05F_impro08_F019,Ses05F,dev,train,3738;8162;12586,3
Ses05F_impro08_F020,Ses05F,dev,train,3739;8163;12587,3
Ses05F_impro08_F021,Ses05F,dev,train,3740;8164;12588,3
Ses05F_impro08_F022,Ses05F,dev,dev,462,1
Ses05F_impro08_F023,Ses05F,dev,test,464,1
Ses05F_impro08_F024,Ses05F,dev,test,465,1
Ses05F_impro08_F025,Ses05F,dev,train,3741;8165;12589,3
Ses05F_impro08_F026,Ses05F,dev,train,3742;8166;12590,3
Ses05F_impro08_F027,Ses05F,dev,train,3743;8167;12591,3
Ses05F_impro08_F028,Ses05F,dev,train,3744;8168;12592,3
Ses05F_impro08_F029,Ses05F,dev,train,3745;8169;12593,3
Ses05F_impro08_F030,Ses05F,dev,dev,463,1
Ses05F_impro08_F032,Ses05F,dev,train,3746;8170;12594,3
Ses05F_impro08_F033,Ses05F,dev,dev,464,1
Ses05F_impro08_M004,Ses05M,test,test,466,1
Ses05F_impro08_M005,Ses05M,test,test,467,1
Ses05F_impro08_M007,Ses05M,test,train,3747;8171;12595,3
Ses05F_impro08_M013,Ses05M,test,train,3748;8172;12596,3
Ses05F_impro08_M016,Ses05M,test,train,3749;8173;12597,3
Ses05F_impro08_M018,Ses05M,test,dev,465,1
Ses05F_impro08_M019,Ses05M,test,train,3750;8174;12598,3
Ses05F_impro08_M020,Ses05M,test,test,468,1
Ses05F_impro08_M022,Ses05M,test,train,3751;8175;12599,3
Ses05F_impro08_M025,Ses05M,test,train,3752;8176;12600,3
Ses05F_impro08_M026,Ses05M,test,train,3753;8177;12601,3
Ses05F_impro08_M027,Ses05M,test,dev,466,1
Ses05F_impro08_M028,Ses05M,test,train,3754;8178;12602,3
Ses05F_impro08_M030,Ses05M,test,train,3755;8179;12603,3
Ses05F_impro08_M031,Ses05M,test,test,469,1
Ses05F_script01_1_F000,Ses05F,dev,train,3756;8180;12604,3
Ses05F_script01_1_F004,Ses05F,dev,train,3757;8181;12605,3
Ses05F_script01_1_F005,Ses05F,dev,train,3758;8182;12606,3
Ses05F_script01_1_F006,Ses05F,dev,dev,467,1
Ses05F_script01_1_F007,Ses05F,dev,train,3759;8183;12607,3
Ses05F_script01_1_F008,Ses05F,dev,train,3760;8184;12608,3
Ses05F_script01_1_F017,Ses05F,dev,train,3761;8185;12609,3
Ses05F_script01_1_F024,Ses05F,dev,train,3762;8186;12610,3
Ses05F_script01_1_F025,Ses05F,dev,train,3763;8187;12611,3
Ses05F_script01_1_F026,Ses05F,dev,train,3764;8188;12612,3
Ses05F_script01_1_F027,Ses05F,dev,dev,468,1
Ses05F_script01_1_F028,Ses05F,dev,train,3765;8189;12613,3
Ses05F_script01_1_F031,Ses05F,dev,train,3766;8190;12614,3
Ses05F_script01_1_F033,Ses05F,dev,dev,469,1
Ses05F_script01_1_F034,Ses05F,dev,train,3767;8191;12615,3
Ses05F_script01_1_F038,Ses05F,dev,train,3768;8192;12616,3
Ses05F_script01_1_M000,Ses05M,test,train,3769;8193;12617,3
Ses05F_script01_1_M001,Ses05M,test,test,470,1
Ses05F_script01_1_M002,Ses05M,test,train,3770;8194;12618,3
Ses05F_script01_1_M003,Ses05M,test,dev,470,1
Ses05F_script01_1_M004,Ses05M,test,dev,471,1
Ses05F_script01_1_M005,Ses05M,test,train,3771;8195;12619,3
Ses05F_script01_1_M006,Ses05M,test,train,3772;8196;12620,3
Ses05F_script01_1_M007,Ses05M,test,train,3773;8197;12621,3
Ses05F_script01_1_M008,Ses05M,test,train,3774;8198;12622,3
Ses05F_script01_1_M009,Ses05M,test,train,3775;8199;12623,3
Ses05F_script01_1_M013,Ses05M,test,dev,472,1
Ses05F_script01_1_M016,Ses05M,test,train,3776;8200;12624,3
Ses05F_script01_1_M018,Ses05M,test,train,3777;8201;12625,3
Ses05F_script01_1_M025,Ses05M,test,train,3778;8202;12626,3
Ses05F_script01_1_M035,Ses05M,test,train,3779;8203;12627,3
Ses05F_script01_2_F001,Ses05F,dev,train,3780;8204;12628,3
Ses05F_script01_2_F006,Ses05F,dev,train,3781;8205;12629,3
Ses05F_script01_2_F010,Ses05F,dev,train,3782;8206;12630,3
Ses05F_script01_2_F011,Ses05F,dev,train,3783;8207;12631,3
Ses05F_script01_2_F012,Ses05F,dev,dev,473,1
Ses05F_script01_2_F014,Ses05F,dev,train,3784;8208;12632,3
Ses05F_script01_2_F016,Ses05F,dev,train,3785;8209;12633,3
Ses05F_script01_2_F017,Ses05F,dev,train,3786;8210;12634,3
Ses05F_script01_2_M000,Ses05M,test,train,3787;8211;12635,3
Ses05F_script01_2_M001,Ses05M,test,train,3788;8212;12636,3
Ses05F_script01_2_M002,Ses05M,test,test,471,1
Ses05F_script01_2_M016,Ses05M,test,train,3789;8213;12637,3
Ses05F_script01_2_M017,Ses05M,test,train,3790;8214;12638,3
Ses05F_script01_3_F000,Ses05F,dev,train,3791;8215;12639,3
Ses05F_script01_3_F001,Ses05F,dev,train,3792;8216;12640,3
Ses05F_script01_3_F002,Ses05F,dev,train,3793;8217;12641,3
Ses05F_script01_3_F003,Ses05F,dev,train,3794;8218;12642,3
Ses05F_script01_3_F006,Ses05F,dev,train,3795;8219;12643,3
Ses05F_script01_3_F008,Ses05F,dev,train,3796;8220;12644,3
Ses05F_script01_3_F009,Ses05F,dev,train,3797;8221;12645,3
Ses05F_script01_3_F015,Ses05F,dev,train,3798;8222;12646,3
Ses05F_script01_3_F016,Ses05F,dev,train,3799;8223;12647,3
Ses05F_script01_3_F017,Ses05F,dev,train,3800;8224;12648,3
Ses05F_script01_3_F020,Ses05F,dev,test,472,1
Ses05F_script01_3_F021,Ses05F,dev,train,3801;8225;12649,3
Ses05F_script01_3_F022,Ses05F,dev,train,3802;8226;12650,3
Ses05F_script01_3_F023,Ses05F,dev,train,3803;8227;12651,3
Ses05F_script01_3_F024,Ses05F,dev,train,3804;8228;12652,3
Ses05F_script01_3_F025,Ses05F,dev,train,3805;8229;12653,3
Ses05F_script01_3_F026,Ses05F,dev,train,3806;8230;12654,3
Ses05F_script01_3_M000,Ses05M,test,train,3807;8231;12655,3
Ses05F_script01_3_M004,Ses05M,test,train,3808;8232;12656,3
Ses05F_script01_3_M005,Ses05M,test,train,3809;8233;12657,3
Ses05F_script01_3_M006,Ses05M,test,train,3810;8234;12658,3
Ses05F_script01_3_M008,Ses05M,test,train,3811;8235;12659,3
Ses05F_script01_3_M009,Ses05M,test,train,3812;8236;12660,3
Ses05F_script01_3_M010,Ses05M,test,train,3813;8237;12661,3
Ses05F_script01_3_M016,Ses05M,test,train,3814;8238;12662,3
Ses05F_script01_3_M017,Ses05M,test,train,3815;8239;12663,3
Ses05F_script01_3_M021,Ses05M,test,dev,474,1
Ses05F_script01_3_M023,Ses05M,test,test,473,1
Ses05F_script01_3_M024,Ses05M,test,train,3816;8240;12664,3
Ses05F_script01_3_M025,Ses05M,test,train,3817;8241;12665,3
Ses05F_script01_3_M026,Ses05M,test,train,3818;8242;12666,3
Ses05F_script01_3_M027,Ses05M,test,test,474,1
Ses05F_script01_3_M028,Ses05M,test,train,3819;8243;12667,3
Ses05F_script01_3_M029,Ses05M,test,test,475,1
Ses05F_script01_3_M030,Ses05M,test,train,3820;8244;12668,3
Ses05F_script01_3_M031,Ses05M,test,train,3821;8245;12669,3
Ses05F_script01_3_M032,Ses05M,test,train,3822;8246;12670,3
Ses05F_script01_3_M033,Ses05M,test,train,3823;8247;12671,3
Ses05F_script01_3_M034,Ses05M,test,dev,475,1
Ses05F_script01_3_M035,Ses05M,test,train,3824;8248;12672,3
Ses05F_script01_3_M036,Ses05M,test,dev,476,1
Ses05F_script01_3_M037,Ses05M,test,train,3825;8249;12673,3
Ses05F_script01_3_M039,Ses05M,test,train,3826;8250;12674,3
Ses05F_script01_3_M040,Ses05M,test,train,3827;8251;12675,3
Ses05F_script02_1_F000,Ses05F,dev,train,3828;8252;12676,3
Ses05F_script02_1_F001,Ses05F,dev,train,3829;8253;12677,3
Ses05F_script02_1_F005,Ses05F,dev,train,3830;8254;12678,3
Ses05F_script02_1_F007,Ses05F,dev,train,3831;8255;12679,3
Ses05F_script02_1_F011,Ses05F,dev,train,3832;8256;12680,3
Ses05F_script02_1_F012,Ses05F,dev,train,3833;8257;12681,3
Ses05F_script02_1_F015,Ses05F,dev,train,3834;8258;12682,3
Ses05F_script02_1_F016,Ses05F,dev,train,3835;8259;12683,3
Ses05F_script02_1_M000,Ses05M,test,train,3836;8260;12684,3
Ses05F_script02_1_M001,Ses05M,test,train,3837;8261;12685,3
Ses05F_script02_1_M002,Ses05M,test,train,3838;8262;12686,3
Ses05F_script02_1_M003,Ses05M,test,dev,477,1
Ses05F_script02_1_M009,Ses05M,test,train,3839;8263;12687,3
Ses05F_script02_1_M010,Ses05M,test,train,3840;8264;12688,3
Ses05F_script02_1_M011,Ses05M,test,dev,478,1
Ses05F_script02_1_M012,Ses05M,test,train,3841;8265;12689,3
Ses05F_script02_1_M014,Ses05M,test,train,3842;8266;12690,3
Ses05F_script02_1_M018,Ses05M,test,train,3843;8267;12691,3
Ses05F_script02_1_M019,Ses05M,test,train,3844;8268;12692,3
Ses05F_script02_1_M020,Ses05M,test,train,3845;8269;12693,3
Ses05F_script02_1_M021,Ses05M,test,train,3846;8270;12694,3
Ses05F_script02_1_M023,Ses05M,test,dev,479,1
Ses05F_script02_1_M024,Ses05M,test,train,3847;8271;12695,3
Ses05F_script02_1_M029,Ses05M,test,train,3848;8272;12696,3
Ses05F_script02_1_M030,Ses05M,test,dev,480,1
Ses05F_script02_1_M031,Ses05M,test,dev,481,1
Ses05F_script02_1_M032,Ses05M,test,test,476,1
Ses05F_script02_1_M033,Ses05M,test,train,3849;8273;12697,3
Ses05F_script02_1_M034,Ses05M,test,train,3850;8274;12698,3
Ses05F_script02_2_F005,Ses05F,dev,train,3851;8275;12699,3
Ses05F_script02_2_F013,Ses05F,dev,dev,482,1
Ses05F_script02_2_F014,Ses05F,dev,train,3852;8276;12700,3
Ses05F_script02_2_F015,Ses05F,dev,dev,483,1
Ses05F_script02_2_F016,Ses05F,dev,dev,484,1
Ses05F_script02_2_F017,Ses05F,dev,train,3853;8277;12701,3
Ses05F_script02_2_F018,Ses05F,dev,train,3854;8278;12702,3
Ses05F_script02_2_F019,Ses05F,dev,train,3855;8279;12703,3
Ses05F_script02_2_F025,Ses05F,dev,train,3856;8280;12704,3
Ses05F_script02_2_F026,Ses05F,dev,train,3857;8281;12705,3
Ses05F_script02_2_F027,Ses05F,dev,train,3858;8282;12706,3
Ses05F_script02_2_F028,Ses05F,dev,train,3859;8283;12707,3
Ses05F_script02_2_F029,Ses05F,dev,train,3860;8284;12708,3
Ses05F_script02_2_F030,Ses05F,dev,train,3861;8285;12709,3
Ses05F_script02_2_F032,Ses05F,dev,train,3862;8286;12710,3
Ses05F_script02_2_F033,Ses05F,dev,test,477,1
Ses05F_script02_2_F034,Ses05F,dev,train,3863;8287;12711,3
Ses05F_script02_2_F037,Ses05F,dev,train,3864;8288;12712,3
Ses05F_script02_2_M000,Ses05M,test,train,3865;8289;12713,3
Ses05F_script02_2_M002,Ses05M,test,train,3866;8290;12714,3
Ses05F_script02_2_M003,Ses05M,test,train,3867;8291;12715,3
Ses05F_script02_2_M005,Ses05M,test,train,3868;8292;12716,3
Ses05F_script02_2_M010,Ses05M,test,train,3869;8293;12717,3
Ses05F_script02_2_M016,Ses05M,test,dev,485,1
Ses05F_script02_2_M018,Ses05M,test,train,3870;8294;12718,3
Ses05F_script02_2_M019,Ses05M,test,test,478,1
Ses05F_script02_2_M020,Ses05M,test,dev,486,1
Ses05F_script02_2_M025,Ses05M,test,test,479,1
Ses05F_script02_2_M031,Ses05M,test,train,3871;8295;12719,3
Ses05F_script02_2_M032,Ses05M,test,train,3872;8296;12720,3
Ses05F_script02_2_M033,Ses05M,test,train,3873;8297;12721,3
Ses05F_script02_2_M035,Ses05M,test,train,3874;8298;12722,3
Ses05F_script02_2_M036,Ses05M,test,train,3875;8299;12723,3
Ses05F_script02_2_M037,Ses05M,test,train,3876;8300;12724,3
Ses05F_script02_2_M040,Ses05M,test,train,3877;8301;12725,3
Ses05F_script02_2_M041,Ses05M,test,dev,487,1
Ses05F_script03_1_F005,Ses05F,dev,train,3878;8302;12726,3
Ses05F_script03_1_F006,Ses05F,dev,test,480,1
Ses05F_script03_1_F007,Ses05F,dev,train,3879;8303;12727,3
Ses05F_script03_1_F010,Ses05F,dev,train,3880;8304;12728,3
Ses05F_script03_1_F011,Ses05F,dev,train,3881;8305;12729,3
Ses05F_script03_1_F013,Ses05F,dev,train,3882;8306;12730,3
Ses05F_script03_1_F015,Ses05F,dev,train,3883;8307;12731,3
Ses05F_script03_1_F019,Ses05F,dev,train,3884;8308;12732,3
Ses05F_script03_1_F025,Ses05F,dev,test,481,1
Ses05F_script03_1_F030,Ses05F,dev,test,482,1
Ses05F_script03_1_F031,Ses05F,dev,train,3885;8309;12733,3
Ses05F_script03_1_F033,Ses05F,dev,test,483,1
Ses05F_script03_1_M000,Ses05M,test,train,3886;8310;12734,3
Ses05F_script03_1_M001,Ses05M,test,train,3887;8311;12735,3
Ses05F_script03_1_M005,Ses05M,test,train,3888;8312;12736,3
Ses05F_script03_1_M007,Ses05M,test,dev,488,1
Ses05F_script03_1_M011,Ses05M,test,train,3889;8313;12737,3
Ses05F_script03_1_M013,Ses05M,test,train,3890;8314;12738,3
Ses05F_script03_1_M014,Ses05M,test,train,3891;8315;12739,3
Ses05F_script03_1_M015,Ses05M,test,train,3892;8316;12740,3
Ses05F_script03_1_M016,Ses05M,test,dev,489,1
Ses05F_script03_1_M017,Ses05M,test,train,3893;8317;12741,3
Ses05F_script03_1_M018,Ses05M,test,train,3894;8318;12742,3
Ses05F_script03_1_M019,Ses05M,test,train,3895;8319;12743,3
Ses05F_script03_1_M020,Ses05M,test,train,3896;8320;12744,3
Ses05F_script03_1_M021,Ses05M,test,dev,490,1
Ses05F_script03_1_M022,Ses05M,test,train,3897;8321;12745,3
Ses05F_script03_1_M024,Ses05M,test,train,3898;8322;12746,3
Ses05F_script03_1_M025,Ses05M,test,train,3899;8323;12747,3
Ses05F_script03_1_M026,Ses05M,test,train,3900;8324;12748,3
Ses05F_script03_1_M027,Ses05M,test,train,3901;8325;12749,3
Ses05F_script03_1_M028,Ses05M,test,train,3902;8326;12750,3
Ses05F_script03_1_M029,Ses05M,test,train,3903;8327;12751,3
Ses05F_script03_1_M030,Ses05M,test,train,3904;8328;12752,3
Ses05F_script03_1_M031,Ses05M,test,train,3905;8329;12753,3
Ses05F_script03_1_M032,Ses05M,test,dev,491,1
Ses05F_script03_1_M033,Ses05M,test,train,3906;8330;12754,3
Ses05F_script03_2_F000,Ses05F,dev,train,3907;8331;12755,3
Ses05F_script03_2_F001,Ses05F,dev,dev,492,1
Ses05F_script03_2_F003,Ses05F,dev,train,3908;8332;12756,3
Ses05F_script03_2_F004,Ses05F,dev,train,3909;8333;12757,3
Ses05F_script03_2_F005,Ses05F,dev,train,3910;8334;12758,3
Ses05F_script03_2_F006,Ses05F,dev,train,3911;8335;12759,3
Ses05F_script03_2_F010,Ses05F,dev,train,3912;8336;12760,3
Ses05F_script03_2_F011,Ses05F,dev,train,3913;8337;12761,3
Ses05F_script03_2_F012,Ses05F,dev,train,3914;8338;12762,3
Ses05F_script03_2_F014,Ses05F,dev,train,3915;8339;12763,3
Ses05F_script03_2_F018,Ses05F,dev,train,3916;8340;12764,3
Ses05F_script03_2_F019,Ses05F,dev,train,3917;8341;12765,3
Ses05F_script03_2_F020,Ses05F,dev,test,484,1
Ses05F_script03_2_F021,Ses05F,dev,train,3918;8342;12766,3
Ses05F_script03_2_F022,Ses05F,dev,train,3919;8343;12767,3
Ses05F_script03_2_F023,Ses05F,dev,train,3920;8344;12768,3
Ses05F_script03_2_F024,Ses05F,dev,train,3921;8345;12769,3
Ses05F_script03_2_F027,Ses05F,dev,train,3922;8346;12770,3
Ses05F_script03_2_F029,Ses05F,dev,train,3923;8347;12771,3
Ses05F_script03_2_F030,Ses05F,dev,train,3924;8348;12772,3
Ses05F_script03_2_F031,Ses05F,dev,train,3925;8349;12773,3
Ses05F_script03_2_F032,Ses05F,dev,train,3926;8350;12774,3
Ses05F_script03_2_F033,Ses05F,dev,train,3927;8351;12775,3
Ses05F_script03_2_F034,Ses05F,dev,train,3928;8352;12776,3
Ses05F_script03_2_F035,Ses05F,dev,test,485,1
Ses05F_script03_2_F036,Ses05F,dev,train,3929;8353;12777,3
Ses05F_script03_2_F037,Ses05F,dev,train,3930;8354;12778,3
Ses05F_script03_2_F038,Ses05F,dev,train,3931;8355;12779,3
Ses05F_script03_2_F039,Ses05F,dev,train,3932;8356;12780,3
Ses05F_script03_2_F040,Ses05F,dev,train,3933;8357;12781,3
Ses05F_script03_2_F041,Ses05F,dev,train,3934;8358;12782,3
Ses05F_script03_2_M004,Ses05M,test,train,3935;8359;12783,3
Ses05F_script03_2_M005,Ses05M,test,train,3936;8360;12784,3
Ses05F_script03_2_M008,Ses05M,test,dev,493,1
Ses05F_script03_2_M009,Ses05M,test,train,3937;8361;12785,3
Ses05F_script03_2_M010,Ses05M,test,train,3938;8362;12786,3
Ses05F_script03_2_M013,Ses05M,test,test,486,1
Ses05F_script03_2_M014,Ses05M,test,train,3939;8363;12787,3
Ses05F_script03_2_M016,Ses05M,test,train,3940;8364;12788,3
Ses05F_script03_2_M019,Ses05M,test,train,3941;8365;12789,3
Ses05F_script03_2_M022,Ses05M,test,train,3942;8366;12790,3
Ses05F_script03_2_M024,Ses05M,test,train,3943;8367;12791,3
Ses05F_script03_2_M025,Ses05M,test,train,3944;8368;12792,3
Ses05F_script03_2_M026,Ses05M,test,test,487,1
Ses05F_script03_2_M037,Ses05M,test,train,3945;8369;12793,3
Ses05F_script03_2_M038,Ses05M,test,train,3946;8370;12794,3
Ses05F_script03_2_M039,Ses05M,test,train,3947;8371;12795,3
Ses05F_script03_2_M040,Ses05M,test,dev,494,1
Ses05F_script03_2_M041,Ses05M,test,test,488,1
Ses05F_script03_2_M042,Ses05M,test,test,489,1
Ses05F_script03_2_M043,Ses05M,test,train,3948;8372;12796,3
Ses05M_impro01_F000,Ses05F,dev,train,3949;8373;12797,3
Ses05M_impro01_F001,Ses05F,dev,test,490,1
Ses05M_impro01_F002,Ses05F,dev,train,3950;8374;12798,3
Ses05M_impro01_F003,Ses05F,dev,train,3951;8375;12799,3
Ses05M_impro01_F004,Ses05F,dev,train,3952;8376;12800,3
Ses05M_impro01_F006,Ses05F,dev,train,3953;8377;12801,3
Ses05M_impro01_F009,Ses05F,dev,train,3954;8378;12802,3
Ses05M_impro01_F012,Ses05F,dev,train,3955;8379;12803,3
Ses05M_impro01_F021,Ses05F,dev,train,3956;8380;12804,3
Ses05M_impro01_F023,Ses05F,dev,train,3957;8381;12805,3
Ses05M_impro01_M005,Ses05M,test,train,3958;8382;12806,3
Ses05M_impro01_M015,Ses05M,test,train,3959;8383;12807,3
Ses05M_impro02_F012,Ses05F,dev,train,3960;8384;12808,3
Ses05M_impro02_F013,Ses05F,dev,train,3961;8385;12809,3
Ses05M_impro02_F020,Ses05F,dev,train,3962;8386;12810,3
Ses05M_impro02_F021,Ses05F,dev,train,3963;8387;12811,3
Ses05M_impro02_F023,Ses05F,dev,test,491,1
Ses05M_impro02_F024,Ses05F,dev,train,3964;8388;12812,3
Ses05M_impro02_M000,Ses05M,test,train,3965;8389;12813,3
Ses05M_impro02_M001,Ses05M,test,train,3966;8390;12814,3
Ses05M_impro02_M007,Ses05M,test,train,3967;8391;12815,3
Ses05M_impro02_M010,Ses05M,test,train,3968;8392;12816,3
Ses05M_impro02_M011,Ses05M,test,train,3969;8393;12817,3
Ses05M_impro02_M012,Ses05M,test,train,3970;8394;12818,3
Ses05M_impro02_M013,Ses05M,test,train,3971;8395;12819,3
Ses05M_impro02_M018,Ses05M,test,train,3972;8396;12820,3
Ses05M_impro02_M019,Ses05M,test,train,3973;8397;12821,3
Ses05M_impro02_M021,Ses05M,test,train,3974;8398;12822,3
Ses05M_impro02_M022,Ses05M,test,train,3975;8399;12823,3
Ses05M_impro02_M023,Ses05M,test,train,3976;8400;12824,3
Ses05M_impro02_M024,Ses05M,test,test,492,1
Ses05M_impro02_M025,Ses05M,test,train,3977;8401;12825,3
Ses05M_impro02_M027,Ses05M,test,test,493,1
Ses05M_impro02_M028,Ses05M,test,dev,495,1
Ses05M_impro02_M029,Ses05M,test,train,3978;8402;12826,3
Ses05M_impro02_M030,Ses05M,test,dev,496,1
Ses05M_impro03_F000,Ses05F,dev,train,3979;8403;12827,3
Ses05M_impro03_F002,Ses05F,dev,train,3980;8404;12828,3
Ses05M_impro03_F003,Ses05F,dev,train,3981;8405;12829,3
Ses05M_impro03_F004,Ses05F,dev,dev,497,1
Ses05M_impro03_F005,Ses05F,dev,dev,498,1
Ses05M_impro03_F006,Ses05F,dev,train,3982;8406;12830,3
Ses05M_impro03_F007,Ses05F,dev,train,3983;8407;12831,3
Ses05M_impro03_F008,Ses05F,dev,train,3984;8408;12832,3
Ses05M_impro03_F009,Ses05F,dev,train,3985;8409;12833,3
Ses05M_impro03_F010,Ses05F,dev,train,3986;8410;12834,3
Ses05M_impro03_F011,Ses05F,dev,train,3987;8411;12835,3
Ses05M_impro03_F012,Ses05F,dev,train,3988;8412;12836,3
Ses05M_impro03_F013,Ses05F,dev,test,494,1
Ses05M_impro03_F014,Ses05F,dev,train,3989;8413;12837,3
Ses05M_impro03_F015,Ses05F,dev,train,3990;8414;12838,3
Ses05M_impro03_F016,Ses05F,dev,train,3991;8415;12839,3
Ses05M_impro03_F017,Ses05F,dev,train,3992;8416;12840,3
Ses05M_impro03_F018,Ses05F,dev,train,3993;8417;12841,3
Ses05M_impro03_F019,Ses05F,dev,dev,499,1
Ses05M_impro03_F020,Ses05F,dev,train,3994;8418;12842,3
Ses05M_impro03_F021,Ses05F,dev,train,3995;8419;12843,3
Ses05M_impro03_F022,Ses05F,dev,train,3996;8420;12844,3
Ses05M_impro03_F023,Ses05F,dev,train,3997;8421;12845,3
Ses05M_impro03_F026,Ses05F,dev,train,3998;8422;12846,3
Ses05M_impro03_F027,Ses05F,dev,train,3999;8423;12847,3
Ses05M_impro03_F030,Ses05F,dev,train,4000;8424;12848,3
Ses05M_impro03_F031,Ses05F,dev,train,4001;8425;12849,3
Ses05M_impro03_M000,Ses05M,test,train,4002;8426;12850,3
Ses05M_impro03_M001,Ses05M,test,test,495,1
Ses05M_impro03_M002,Ses05M,test,dev,500,1
Ses05M_impro03_M003,Ses05M,test,train,4003;8427;12851,3
Ses05M_impro03_M004,Ses05M,test,train,4004;8428;12852,3
Ses05M_impro03_M006,Ses05M,test,train,4005;8429;12853,3
Ses05M_impro03_M007,Ses05M,test,dev,501,1
Ses05M_impro03_M008,Ses05M,test,train,4006;8430;12854,3
Ses05M_impro03_M009,Ses05M,test,train,4007;8431;12855,3
Ses05M_impro03_M010,Ses05M,test,train,4008;8432;12856,3
Ses05M_impro03_M011,Ses05M,test,train,4009;8433;12857,3
Ses05M_impro03_M012,Ses05M,test,train,4010;8434;12858,3
Ses05M_impro03_M013,Ses05M,test,train,4011;8435;12859,3
Ses05M_impro03_M014,Ses05M,test,train,4012;8436;12860,3
Ses05M_impro03_M015,Ses05M,test,train,4013;8437;12861,3
Ses05M_impro03_M016,Ses05M,test,train,4014;8438;12862,3
Ses05M_impro03_M018,Ses05M,test,train,4015;8439;12863,3
Ses05M_impro03_M019,Ses05M,test,train,4016;8440;12864,3
Ses05M_impro03_M020,Ses05M,test,train,4017;8441;12865,3
Ses05M_impro03_M021,Ses05M,test,train,4018;8442;12866,3
Ses05M_impro03_M023,Ses05M,test,train,4019;8443;12867,3
Ses05M_impro03_M024,Ses05M,test,train,4020;8444;12868,3
Ses05M_impro03_M025,Ses05M,test,train,4021;8445;12869,3
Ses05M_impro03_M026,Ses05M,test,train,4022;8446;12870,3
Ses05M_impro03_M027,Ses05M,test,train,4023;8447;12871,3
Ses05M_impro03_M028,Ses05M,test,test,496,1
Ses05M_impro03_M029,Ses05M,test,train,4024;8448;12872,3
Ses05M_impro03_M030,Ses05M,test,train,4025;8449;12873,3
Ses05M_impro03_M031,Ses05M,test,train,4026;8450;12874,3
Ses05M_impro03_M032,Ses05M,test,test,497,1
Ses05M_impro03_M033,Ses05M,test,train,4027;8451;12875,3
Ses05M_impro04_F001,Ses05F,dev,test,498,1
Ses05M_impro04_F002,Ses05F,dev,train,4028;8452;12876,3
Ses05M_impro04_F003,Ses05F,dev,train,4029;8453;12877,3
Ses05M_impro04_F004,Ses05F,dev,train,4030;8454;12878,3
Ses05M_impro04_F005,Ses05F,dev,train,4031;8455;12879,3
Ses05M_impro04_F006,Ses05F,dev,train,4032;8456;12880,3
Ses05M_impro04_F007,Ses05F,dev,dev,502,1
Ses05M_impro04_F008,Ses05F,dev,train,4033;8457;12881,3
Ses05M_impro04_F009,Ses05F,dev,train,4034;8458;12882,3
Ses05M_impro04_F010,Ses05F,dev,test,499,1
Ses05M_impro04_F011,Ses05F,dev,train,4035;8459;12883,3
Ses05M_impro04_F012,Ses05F,dev,test,500,1
Ses05M_impro04_F013,Ses05F,dev,train,4036;8460;12884,3
Ses05M_impro04_F014,Ses05F,dev,train,4037;8461;12885,3
Ses05M_impro04_F015,Ses05F,dev,train,4038;8462;12886,3
Ses05M_impro04_F016,Ses05F,dev,test,501,1
Ses05M_impro04_F017,Ses05F,dev,train,4039;8463;12887,3
Ses05M_impro04_F018,Ses05F,dev,train,4040;8464;12888,3
Ses05M_impro04_F019,Ses05F,dev,train,4041;8465;12889,3
Ses05M_impro04_F020,Ses05F,dev,train,4042;8466;12890,3
Ses05M_impro04_F021,Ses05F,dev,train,4043;8467;12891,3
Ses05M_impro04_F022,Ses05F,dev,train,4044;8468;12892,3
Ses05M_impro04_F023,Ses05F,dev,train,4045;8469;12893,3
Ses05M_impro04_F024,Ses05F,dev,train,4046;8470;12894,3
Ses05M_impro04_F026,Ses05F,dev,train,4047;8471;12895,3
Ses05M_impro04_F027,Ses05F,dev,test,502,1
Ses05M_impro04_F028,Ses05F,dev,train,4048;8472;12896,3
Ses05M_impro04_F029,Ses05F,dev,train,4049;8473;12897,3
Ses05M_impro04_F030,Ses05F,dev,train,4050;8474;12898,3
Ses05M_impro04_F031,Ses05F,dev,train,4051;8475;12899,3
Ses05M_impro04_F032,Ses05F,dev,train,4052;8476;12900,3
Ses05M_impro04_F034,Ses05F,dev,train,4053;8477;12901,3
Ses05M_impro04_F035,Ses05F,dev,train,4054;8478;12902,3
Ses05M_impro04_F036,Ses05F,dev,train,4055;8479;12903,3
Ses05M_impro04_F037,Ses05F,dev,train,4056;8480;12904,3
Ses05M_impro04_M008,Ses05M,test,test,503,1
Ses05M_impro04_M009,Ses05M,test,train,4057;8481;12905,3
Ses05M_impro04_M010,Ses05M,test,train,4058;8482;12906,3
Ses05M_impro04_M019,Ses05M,test,train,4059;8483;12907,3
Ses05M_impro04_M020,Ses05M,test,test,504,1
Ses05M_impro04_M040,Ses05M,test,dev,503,1
Ses05M_impro04_M041,Ses05M,test,train,4060;8484;12908,3
Ses05M_impro05_F000,Ses05F,dev,train,4061;8485;12909,3
Ses05M_impro05_F001,Ses05F,dev,train,4062;8486;12910,3
Ses05M_impro05_F002,Ses05F,dev,train,4063;8487;12911,3
Ses05M_impro05_F003,Ses05F,dev,train,4064;8488;12912,3
Ses05M_impro05_F004,Ses05F,dev,train,4065;8489;12913,3
Ses05M_impro05_F005,Ses05F,dev,train,4066;8490;12914,3
Ses05M_impro05_F006,Ses05F,dev,train,4067;8491;12915,3
Ses05M_impro05_F007,Ses05F,dev,train,4068;8492;12916,3
Ses05M_impro05_F008,Ses05F,dev,train,4069;8493;12917,3
Ses05M_impro05_F009,Ses05F,dev,train,4070;8494;12918,3
Ses05M_impro05_F010,Ses05F,dev,test,505,1
Ses05M_impro05_F011,Ses05F,dev,train,4071;8495;12919,3
Ses05M_impro05_F012,Ses05F,dev,train,4072;8496;12920,3
Ses05M_impro05_F013,Ses05F,dev,dev,504,1
Ses05M_impro05_F014,Ses05F,dev,train,4073;8497;12921,3
Ses05M_impro05_F015,Ses05F,dev,train,4074;8498;12922,3
Ses05M_impro05_F016,Ses05F,dev,train,4075;8499;12923,3
Ses05M_impro05_F017,Ses05F,dev,train,4076;8500;12924,3
Ses05M_impro05_F018,Ses05F,dev,train,4077;8501;12925,3
Ses05M_impro05_F019,Ses05F,dev,train,4078;8502;12926,3
Ses05M_impro05_F020,Ses05F,dev,test,506,1
Ses05M_impro05_F021,Ses05F,dev,train,4079;8503;12927,3
Ses05M_impro05_M000,Ses05M,test,train,4080;8504;12928,3
Ses05M_impro05_M001,Ses05M,test,test,507,1
Ses05M_impro05_M002,Ses05M,test,test,508,1
Ses05M_impro05_M003,Ses05M,test,train,4081;8505;12929,3
Ses05M_impro05_M004,Ses05M,test,train,4082;8506;12930,3
Ses05M_impro05_M005,Ses05M,test,test,509,1
Ses05M_impro05_M006,Ses05M,test,train,4083;8507;12931,3
Ses05M_impro05_M007,Ses05M,test,train,4084;8508;12932,3
Ses05M_impro05_M009,Ses05M,test,train,4085;8509;12933,3
Ses05M_impro05_M010,Ses05M,test,test,510,1
Ses05M_impro05_M022,Ses05M,test,train,4086;8510;12934,3
Ses05M_impro06_F002,Ses05F,dev,train,4087;8511;12935,3
Ses05M_impro06_F003,Ses05F,dev,dev,505,1
Ses05M_impro06_F004,Ses05F,dev,train,4088;8512;12936,3
Ses05M_impro06_F005,Ses05F,dev,train,4089;8513;12937,3
Ses05M_impro06_F006,Ses05F,dev,train,4090;8514;12938,3
Ses05M_impro06_F007,Ses05F,dev,train,4091;8515;12939,3
Ses05M_impro06_F008,Ses05F,dev,train,4092;8516;12940,3
Ses05M_impro06_F009,Ses05F,dev,train,4093;8517;12941,3
Ses05M_impro06_F010,Ses05F,dev,train,4094;8518;12942,3
Ses05M_impro06_M000,Ses05M,test,train,4095;8519;12943,3
Ses05M_impro06_M001,Ses05M,test,train,4096;8520;12944,3
Ses05M_impro06_M002,Ses05M,test,train,4097;8521;12945,3
Ses05M_impro06_M003,Ses05M,test,train,4098;8522;12946,3
Ses05M_impro06_M004,Ses05M,test,train,4099;8523;12947,3
Ses05M_impro06_M005,Ses05M,test,train,4100;8524;12948,3
Ses05M_impro06_M006,Ses05M,test,dev,506,1
Ses05M_impro06_M007,Ses05M,test,train,4101;8525;12949,3
Ses05M_impro06_M008,Ses05M,test,dev,507,1
Ses05M_impro06_M009,Ses05M,test,train,4102;8526;12950,3
Ses05M_impro06_M010,Ses05M,test,train,4103;8527;12951,3
Ses05M_impro06_M011,Ses05M,test,dev,508,1
Ses05M_impro06_M012,Ses05M,test,train,4104;8528;12952,3
Ses05M_impro06_M013,Ses05M,test,train,4105;8529;12953,3
Ses05M_impro06_M014,Ses05M,test,train,4106;8530;12954,3
Ses05M_impro06_M017,Ses05M,test,train,4107;8531;12955,3
Ses05M_impro06_M018,Ses05M,test,dev,509,1
Ses05M_impro06_M019,Ses05M,test,train,4108;8532;12956,3
Ses05M_impro06_M020,Ses05M,test,train,4109;8533;12957,3
Ses05M_impro07_F000,Ses05F,dev,test,511,1
Ses05M_impro07_F001,Ses05F,dev,train,4110;8534;12958,3
Ses05M_impro07_F003,Ses05F,dev,dev,510,1
Ses05M_impro07_F004,Ses05F,dev,train,4111;8535;12959,3
Ses05M_impro07_F005,Ses05F,dev,train,4112;8536;12960,3
Ses05M_impro07_F007,Ses05F,dev,train,4113;8537;12961,3
Ses05M_impro07_F008,Ses05F,dev,train,4114;8538;12962,3
Ses05M_impro07_F009,Ses05F,dev,dev,511,1
Ses05M_impro07_F010,Ses05F,dev,train,4115;8539;12963,3
Ses05M_impro07_F011,Ses05F,dev,train,4116;8540;12964,3
Ses05M_impro07_F012,Ses05F,dev,test,512,1
Ses05M_impro07_F013,Ses05F,dev,train,4117;8541;12965,3
Ses05M_impro07_F015,Ses05F,dev,train,4118;8542;12966,3
Ses05M_impro07_F016,Ses05F,dev,train,4119;8543;12967,3
Ses05M_impro07_F017,Ses05F,dev,dev,512,1
Ses05M_impro07_F018,Ses05F,dev,test,513,1
Ses05M_impro07_F019,Ses05F,dev,train,4120;8544;12968,3
Ses05M_impro07_F020,Ses05F,dev,dev,513,1
Ses05M_impro07_F021,Ses05F,dev,train,4121;8545;12969,3
Ses05M_impro07_F022,Ses05F,dev,train,4122;8546;12970,3
Ses05M_impro07_F023,Ses05F,dev,dev,514,1
Ses05M_impro07_F024,Ses05F,dev,train,4123;8547;12971,3
Ses05M_impro07_F025,Ses05F,dev,dev,515,1
Ses05M_impro07_F026,Ses05F,dev,train,4124;8548;12972,3
Ses05M_impro07_F027,Ses05F,dev,test,514,1
Ses05M_impro07_F028,Ses05F,dev,test,515,1
Ses05M_impro07_F029,Ses05F,dev,train,4125;8549;12973,3
Ses05M_impro07_F030,Ses05F,dev,train,4126;8550;12974,3
Ses05M_impro07_F031,Ses05F,dev,train,4127;8551;12975,3
Ses05M_impro07_F032,Ses05F,dev,train,4128;8552;12976,3
Ses05M_impro07_F033,Ses05F,dev,train,4129;8553;12977,3
Ses05M_impro07_F035,Ses05F,dev,dev,516,1
Ses05M_impro07_F036,Ses05F,dev,dev,517,1
Ses05M_impro07_F037,Ses05F,dev,train,4130;8554;12978,3
Ses05M_impro07_F038,Ses05F,dev,train,4131;8555;12979,3
Ses05M_impro07_F039,Ses05F,dev,train,4132;8556;12980,3
Ses05M_impro07_F040,Ses05F,dev,train,4133;8557;12981,3
Ses05M_impro07_F041,Ses05F,dev,train,4134;8558;12982,3
Ses05M_impro07_F042,Ses05F,dev,test,516,1
Ses05M_impro07_F044,Ses05F,dev,train,4135;8559;12983,3
Ses05M_impro07_F045,Ses05F,dev,train,4136;8560;12984,3
Ses05M_impro07_M000,Ses05M,test,train,4137;8561;12985,3
Ses05M_impro07_M001,Ses05M,test,train,4138;8562;12986,3
Ses05M_impro07_M002,Ses05M,test,train,4139;8563;12987,3
Ses05M_impro07_M003,Ses05M,test,train,4140;8564;12988,3
Ses05M_impro07_M004,Ses05M,test,train,4141;8565;12989,3
Ses05M_impro07_M005,Ses05M,test,train,4142;8566;12990,3
Ses05M_impro07_M006,Ses05M,test,train,4143;8567;12991,3
Ses05M_impro07_M007,Ses05M,test,train,4144;8568;12992,3
Ses05M_impro07_M009,Ses05M,test,train,4145;8569;12993,3
Ses05M_impro07_M011,Ses05M,test,train,4146;8570;12994,3
Ses05M_impro07_M013,Ses05M,test,train,4147;8571;12995,3
Ses05M_impro07_M014,Ses05M,test,train,4148;8572;12996,3
Ses05M_impro07_M016,Ses05M,test,train,4149;8573;12997,3
Ses05M_impro07_M017,Ses05M,test,train,4150;8574;12998,3
Ses05M_impro07_M018,Ses05M,test,train,4151;8575;12999,3
Ses05M_impro07_M019,Ses05M,test,train,4152;8576;13000,3
Ses05M_impro07_M020,Ses05M,test,train,4153;8577;13001,3
Ses05M_impro07_M021,Ses05M,test,test,517,1
Ses05M_impro07_M022,Ses05M,test,train,4154;8578;13002,3
Ses05M_impro07_M023,Ses05M,test,train,4155;8579;13003,3
Ses05M_impro07_M024,Ses05M,test,train,4156;8580;13004,3
Ses05M_impro07_M025,Ses05M,test,train,4157;8581;13005,3
Ses05M_impro07_M026,Ses05M,test,train,4158;8582;13006,3
Ses05M_impro07_M028,Ses05M,test,train,4159;8583;13007,3
Ses05M_impro07_M029,Ses05M,test,train,4160;8584;13008,3
Ses05M_impro07_M030,Ses05M,test,train,4161;8585;13009,3
Ses05M_impro07_M031,Ses05M,test,train,4162;8586;13010,3
Ses05M_impro07_M032,Ses05M,test,train,4163;8587;13011,3
Ses05M_impro07_M033,Ses05M,test,train,4164;8588;13012,3
Ses05M_impro07_M034,Ses05M,test,test,518,1
Ses05M_impro07_M035,Ses05M,test,train,4165;8589;13013,3
Ses05M_impro07_M036,Ses05M,test,train,4166;8590;13014,3
Ses05M_impro07_M037,Ses05M,test,train,4167;8591;13015,3
Ses05M_impro07_M039,Ses05M,test,train,4168;8592;13016,3
Ses05M_impro07_M040,Ses05M,test,train,4169;8593;13017,3
Ses05M_impro07_M041,Ses05M,test,train,4170;8594;13018,3
Ses05M_impro07_M042,Ses05M,test,train,4171;8595;13019,3
Ses05M_impro07_M043,Ses05M,test,train,4172;8596;13020,3
Ses05M_impro07_M044,Ses05M,test,train,4173;8597;13021,3
Ses05M_impro07_M045,Ses05M,test,test,519,1
Ses05M_impro07_M046,Ses05M,test,train,4174;8598;13022,3
Ses05M_impro07_M047,Ses05M,test,train,4175;8599;13023,3
Ses05M_impro08_F005,Ses05F,dev,test,520,1
Ses05M_impro08_F006,Ses05F,dev,train,4176;8600;13024,3
Ses05M_impro08_F007,Ses05F,dev,train,4177;8601;13025,3
Ses05M_impro08_F008,Ses05F,dev,dev,518,1
Ses05M_impro08_F009,Ses05F,dev,train,4178;8602;13026,3
Ses05M_impro08_F011,Ses05F,dev,test,521,1
Ses05M_impro08_F012,Ses05F,dev,test,522,1
Ses05M_impro08_F013,Ses05F,dev,train,4179;8603;13027,3
Ses05M_impro08_F014,Ses05F,dev,train,4180;8604;13028,3
Ses05M_impro08_F015,Ses05F,dev,train,4181;8605;13029,3
Ses05M_impro08_F016,Ses05F,dev,dev,519,1
Ses05M_impro08_F017,Ses05F,dev,train,4182;8606;13030,3
Ses05M_impro08_F018,Ses05F,dev,train,4183;8607;13031,3
Ses05M_impro08_F019,Ses05F,dev,train,4184;8608;13032,3
Ses05M_impro08_F022,Ses05F,dev,train,4185;8609;13033,3
Ses05M_impro08_F025,Ses05F,dev,dev,520,1
Ses05M_impro08_F026,Ses05F,dev,train,4186;8610;13034,3
Ses05M_impro08_F027,Ses05F,dev,test,523,1
Ses05M_impro08_F028,Ses05F,dev,train,4187;8611;13035,3
Ses05M_impro08_M000,Ses05M,test,train,4188;8612;13036,3
Ses05M_impro08_M001,Ses05M,test,train,4189;8613;13037,3
Ses05M_impro08_M002,Ses05M,test,test,524,1
Ses05M_impro08_M003,Ses05M,test,dev,521,1
Ses05M_impro08_M004,Ses05M,test,dev,522,1
Ses05M_impro08_M005,Ses05M,test,train,4190;8614;13038,3
Ses05M_impro08_M006,Ses05M,test,train,4191;8615;13039,3
Ses05M_impro08_M007,Ses05M,test,train,4192;8616;13040,3
Ses05M_impro08_M008,Ses05M,test,dev,523,1
Ses05M_impro08_M009,Ses05M,test,test,525,1
Ses05M_impro08_M010,Ses05M,test,train,4193;8617;13041,3
Ses05M_impro08_M011,Ses05M,test,train,4194;8618;13042,3
Ses05M_impro08_M012,Ses05M,test,train,4195;8619;13043,3
Ses05M_impro08_M013,Ses05M,test,train,4196;8620;13044,3
Ses05M_impro08_M014,Ses05M,test,train,4197;8621;13045,3
Ses05M_impro08_M015,Ses05M,test,train,4198;8622;13046,3
Ses05M_impro08_M016,Ses05M,test,train,4199;8623;13047,3
Ses05M_impro08_M017,Ses05M,test,train,4200;8624;13048,3
Ses05M_impro08_M018,Ses05M,test,dev,524,1
Ses05M_impro08_M019,Ses05M,test,train,4201;8625;13049,3
Ses05M_impro08_M020,Ses05M,test,train,4202;8626;13050,3
Ses05M_impro08_M021,Ses05M,test,train,4203;8627;13051,3
Ses05M_impro08_M022,Ses05M,test,train,4204;8628;13052,3
Ses05M_impro08_M023,Ses05M,test,dev,525,1
Ses05M_impro08_M024,Ses05M,test,train,4205;8629;13053,3
Ses05M_impro08_M025,Ses05M,test,train,4206;8630;13054,3
Ses05M_impro08_M026,Ses05M,test,train,4207;8631;13055,3
Ses05M_impro08_M027,Ses05M,test,train,4208;8632;13056,3
Ses05M_impro08_M028,Ses05M,test,train,4209;8633;13057,3
Ses05M_script01_1_F000,Ses05F,dev,train,4210;8634;13058,3
Ses05M_script01_1_F001,Ses05F,dev,train,4211;8635;13059,3
Ses05M_script01_1_F004,Ses05F,dev,test,526,1
Ses05M_script01_1_F005,Ses05F,dev,train,4212;8636;13060,3
Ses05M_script01_1_F014,Ses05F,dev,train,4213;8637;13061,3
Ses05M_script01_1_F018,Ses05F,dev,test,527,1
Ses05M_script01_1_F021,Ses05F,dev,dev,526,1
Ses05M_script01_1_F022,Ses05F,dev,test,528,1
Ses05M_script01_1_F023,Ses05F,dev,train,4214;8638;13062,3
Ses05M_script01_1_F024,Ses05F,dev,train,4215;8639;13063,3
Ses05M_script01_1_F025,Ses05F,dev,train,4216;8640;13064,3
Ses05M_script01_1_F026,Ses05F,dev,train,4217;8641;13065,3
Ses05M_script01_1_F032,Ses05F,dev,train,4218;8642;13066,3
Ses05M_script01_1_F035,Ses05F,dev,train,4219;8643;13067,3
Ses05M_script01_1_F036,Ses05F,dev,train,4220;8644;13068,3
Ses05M_script01_1_M004,Ses05M,test,dev,527,1
Ses05M_script01_1_M011,Ses05M,test,dev,528,1
Ses05M_script01_1_M013,Ses05M,test,train,4221;8645;13069,3
Ses05M_script01_1_M016,Ses05M,test,train,4222;8646;13070,3
Ses05M_script01_1_M017,Ses05M,test,train,4223;8647;13071,3
Ses05M_script01_1_M020,Ses05M,test,train,4224;8648;13072,3
Ses05M_script01_1_M021,Ses05M,test,train,4225;8649;13073,3
Ses05M_script01_1_M022,Ses05M,test,train,4226;8650;13074,3
Ses05M_script01_1_M023,Ses05M,test,train,4227;8651;13075,3
Ses05M_script01_1_M025,Ses05M,test,dev,529,1
Ses05M_script01_1_M028,Ses05M,test,train,4228;8652;13076,3
Ses05M_script01_1_M032,Ses05M,test,train,4229;8653;13077,3
Ses05M_script01_1_M033,Ses05M,test,train,4230;8654;13078,3
Ses05M_script01_1_M034,Ses05M,test,train,4231;8655;13079,3
Ses05M_script01_1_M035,Ses05M,test,train,4232;8656;13080,3
Ses05M_script01_1_M036,Ses05M,test,train,4233;8657;13081,3
Ses05M_script01_1_M037,Ses05M,test,train,4234;8658;13082,3
Ses05M_script01_1b_F000,Ses05F,dev,train,4235;8659;13083,3
Ses05M_script01_1b_F022,Ses05F,dev,train,4236;8660;13084,3
Ses05M_script01_1b_F023,Ses05F,dev,train,4237;8661;13085,3
Ses05M_script01_1b_F024,Ses05F,dev,dev,530,1
Ses05M_script01_1b_F026,Ses05F,dev,train,4238;8662;13086,3
Ses05M_script01_1b_F028,Ses05F,dev,train,4239;8663;13087,3
Ses05M_script01_1b_F031,Ses05F,dev,train,4240;8664;13088,3
Ses05M_script01_1b_F033,Ses05F,dev,train,4241;8665;13089,3
Ses05M_script01_1b_F034,Ses05F,dev,train,4242;8666;13090,3
Ses05M_script01_1b_M001,Ses05M,test,train,4243;8667;13091,3
Ses05M_script01_1b_M002,Ses05M,test,train,4244;8668;13092,3
Ses05M_script01_1b_M003,Ses05M,test,test,529,1
Ses05M_script01_1b_M004,Ses05M,test,dev,531,1
Ses05M_script01_1b_M005,Ses05M,test,train,4245;8669;13093,3
Ses05M_script01_1b_M019,Ses05M,test,train,4246;8670;13094,3
Ses05M_script01_1b_M020,Ses05M,test,dev,532,1
Ses05M_script01_1b_M022,Ses05M,test,dev,533,1
Ses05M_script01_1b_M031,Ses05M,test,train,4247;8671;13095,3
Ses05M_script01_1b_M032,Ses05M,test,train,4248;8672;13096,3
Ses05M_script01_1b_M033,Ses05M,test,train,4249;8673;13097,3
Ses05M_script01_1b_M035,Ses05M,test,train,4250;8674;13098,3
Ses05M_script01_1b_M036,Ses05M,test,train,4251;8675;13099,3
Ses05M_script01_1b_M040,Ses05M,test,train,4252;8676;13100,3
Ses05M_script01_1b_M041,Ses05M,test,train,4253;8677;13101,3
Ses05M_script01_2_F002,Ses05F,dev,train,4254;8678;13102,3
Ses05M_script01_2_F004,Ses05F,dev,train,4255;8679;13103,3
Ses05M_script01_2_F005,Ses05F,dev,test,530,1
Ses05M_script01_2_F015,Ses05F,dev,train,4256;8680;13104,3
Ses05M_script01_2_F017,Ses05F,dev,train,4257;8681;13105,3
Ses05M_script01_2_M000,Ses05M,test,dev,534,1
Ses05M_script01_2_M001,Ses05M,test,train,4258;8682;13106,3
Ses05M_script01_2_M003,Ses05M,test,train,4259;8683;13107,3
Ses05M_script01_2_M015,Ses05M,test,train,4260;8684;13108,3
Ses05M_script01_2_M016,Ses05M,test,train,4261;8685;13109,3
Ses05M_script01_3_F000,Ses05F,dev,train,4262;8686;13110,3
Ses05M_script01_3_F001,Ses05F,dev,dev,535,1
Ses05M_script01_3_F003,Ses05F,dev,train,4263;8687;13111,3
Ses05M_script01_3_F006,Ses05F,dev,train,4264;8688;13112,3
Ses05M_script01_3_F007,Ses05F,dev,train,4265;8689;13113,3
Ses05M_script01_3_F009,Ses05F,dev,test,531,1
Ses05M_script01_3_F010,Ses05F,dev,train,4266;8690;13114,3
Ses05M_script01_3_F012,Ses05F,dev,train,4267;8691;13115,3
Ses05M_script01_3_F013,Ses05F,dev,train,4268;8692;13116,3
Ses05M_script01_3_F015,Ses05F,dev,train,4269;8693;13117,3
Ses05M_script01_3_F016,Ses05F,dev,train,4270;8694;13118,3
Ses05M_script01_3_F019,Ses05F,dev,train,4271;8695;13119,3
Ses05M_script01_3_F020,Ses05F,dev,train,4272;8696;13120,3
Ses05M_script01_3_F021,Ses05F,dev,train,4273;8697;13121,3
Ses05M_script01_3_F022,Ses05F,dev,test,532,1
Ses05M_script01_3_F023,Ses05F,dev,train,4274;8698;13122,3
Ses05M_script01_3_F024,Ses05F,dev,train,4275;8699;13123,3
Ses05M_script01_3_F025,Ses05F,dev,test,533,1
Ses05M_script01_3_F027,Ses05F,dev,train,4276;8700;13124,3
Ses05M_script01_3_M001,Ses05M,test,train,4277;8701;13125,3
Ses05M_script01_3_M003,Ses05M,test,train,4278;8702;13126,3
Ses05M_script01_3_M010,Ses05M,test,dev,536,1
Ses05M_script01_3_M013,Ses05M,test,train,4279;8703;13127,3
Ses05M_script01_3_M016,Ses05M,test,train,4280;8704;13128,3
Ses05M_script01_3_M017,Ses05M,test,train,4281;8705;13129,3
Ses05M_script01_3_M019,Ses05M,test,test,534,1
Ses05M_script01_3_M020,Ses05M,test,train,4282;8706;13130,3
Ses05M_script01_3_M021,Ses05M,test,train,4283;8707;13131,3
Ses05M_script01_3_M022,Ses05M,test,train,4284;8708;13132,3
Ses05M_script01_3_M023,Ses05M,test,train,4285;8709;13133,3
Ses05M_script01_3_M025,Ses05M,test,train,4286;8710;13134,3
Ses05M_script01_3_M026,Ses05M,test,train,4287;8711;13135,3
Ses05M_script01_3_M027,Ses05M,test,dev,537,1
Ses05M_script01_3_M029,Ses05M,test,train,4288;8712;13136,3
Ses05M_script01_3_M030,Ses05M,test,train,4289;8713;13137,3
Ses05M_script01_3_M033,Ses05M,test,train,4290;8714;13138,3
Ses05M_script01_3_M036,Ses05M,test,train,4291;8715;13139,3
Ses05M_script01_3_M039,Ses05M,test,train,4292;8716;13140,3
Ses05M_script01_3_M040,Ses05M,test,train,4293;8717;13141,3
Ses05M_script01_3_M041,Ses05M,test,train,4294;8718;13142,3
Ses05M_script01_3_M042,Ses05M,test,train,4295;8719;13143,3
Ses05M_script02_1_F000,Ses05F,dev,test,535,1
Ses05M_script02_1_F001,Ses05F,dev,dev,538,1
Ses05M_script02_1_F016,Ses05F,dev,train,4296;8720;13144,3
Ses05M_script02_1_M000,Ses05M,test,train,4297;8721;13145,3
Ses05M_script02_1_M001,Ses05M,test,train,4298;8722;13146,3
Ses05M_script02_1_M002,Ses05M,test,dev,539,1
Ses05M_script02_1_M003,Ses05M,test,train,4299;8723;13147,3
Ses05M_script02_1_M005,Ses05M,test,train,4300;8724;13148,3
Ses05M_script02_1_M006,Ses05M,test,train,4301;8725;13149,3
Ses05M_script02_1_M007,Ses05M,test,train,4302;8726;13150,3
Ses05M_script02_1_M008,Ses05M,test,train,4303;8727;13151,3
Ses05M_script02_1_M009,Ses05M,test,test,536,1
Ses05M_script02_1_M010,Ses05M,test,train,4304;8728;13152,3
Ses05M_script02_1_M017,Ses05M,test,train,4305;8729;13153,3
Ses05M_script02_1_M018,Ses05M,test,train,4306;8730;13154,3
Ses05M_script02_1_M019,Ses05M,test,test,537,1
Ses05M_script02_1_M020,Ses05M,test,train,4307;8731;13155,3
Ses05M_script02_1_M021,Ses05M,test,train,4308;8732;13156,3
Ses05M_script02_1_M023,Ses05M,test,test,538,1
Ses05M_script02_1_M028,Ses05M,test,train,4309;8733;13157,3
Ses05M_script02_1_M029,Ses05M,test,train,4310;8734;13158,3
Ses05M_script02_1_M030,Ses05M,test,train,4311;8735;13159,3
Ses05M_script02_1_M031,Ses05M,test,train,4312;8736;13160,3
Ses05M_script02_1_M032,Ses05M,test,train,4313;8737;13161,3
Ses05M_script02_1_M033,Ses05M,test,train,4314;8738;13162,3
Ses05M_script02_2_F000,Ses05F,dev,train,4315;8739;13163,3
Ses05M_script02_2_F001,Ses05F,dev,train,4316;8740;13164,3
Ses05M_script02_2_F005,Ses05F,dev,train,4317;8741;13165,3
Ses05M_script02_2_F009,Ses05F,dev,train,4318;8742;13166,3
Ses05M_script02_2_F010,Ses05F,dev,train,4319;8743;13167,3
Ses05M_script02_2_F012,Ses05F,dev,train,4320;8744;13168,3
Ses05M_script02_2_F013,Ses05F,dev,train,4321;8745;13169,3
Ses05M_script02_2_F014,Ses05F,dev,train,4322;8746;13170,3
Ses05M_script02_2_F015,Ses05F,dev,train,4323;8747;13171,3
Ses05M_script02_2_F016,Ses05F,dev,train,4324;8748;13172,3
Ses05M_script02_2_F017,Ses05F,dev,dev,540,1
Ses05M_script02_2_F018,Ses05F,dev,test,539,1
Ses05M_script02_2_F019,Ses05F,dev,train,4325;8749;13173,3
Ses05M_script02_2_F022,Ses05F,dev,dev,541,1
Ses05M_script02_2_F023,Ses05F,dev,train,4326;8750;13174,3
Ses05M_script02_2_F026,Ses05F,dev,test,540,1
Ses05M_script02_2_F027,Ses05F,dev,train,4327;8751;13175,3
Ses05M_script02_2_F028,Ses05F,dev,train,4328;8752;13176,3
Ses05M_script02_2_F029,Ses05F,dev,train,4329;8753;13177,3
Ses05M_script02_2_F030,Ses05F,dev,train,4330;8754;13178,3
Ses05M_script02_2_F031,Ses05F,dev,train,4331;8755;13179,3
Ses05M_script02_2_F032,Ses05F,dev,train,4332;8756;13180,3
Ses05M_script02_2_F034,Ses05F,dev,test,541,1
Ses05M_script02_2_F037,Ses05F,dev,train,4333;8757;13181,3
Ses05M_script02_2_F038,Ses05F,dev,train,4334;8758;13182,3
Ses05M_script02_2_M000,Ses05M,test,train,4335;8759;13183,3
Ses05M_script02_2_M001,Ses05M,test,dev,542,1
Ses05M_script02_2_M005,Ses05M,test,train,4336;8760;13184,3
Ses05M_script02_2_M016,Ses05M,test,dev,543,1
Ses05M_script02_2_M024,Ses05M,test,train,4337;8761;13185,3
Ses05M_script02_2_M025,Ses05M,test,train,4338;8762;13186,3
Ses05M_script02_2_M026,Ses05M,test,train,4339;8763;13187,3
Ses05M_script02_2_M029,Ses05M,test,train,4340;8764;13188,3
Ses05M_script02_2_M030,Ses05M,test,train,4341;8765;13189,3
Ses05M_script02_2_M031,Ses05M,test,train,4342;8766;13190,3
Ses05M_script02_2_M032,Ses05M,test,test,542,1
Ses05M_script02_2_M034,Ses05M,test,train,4343;8767;13191,3
Ses05M_script02_2_M035,Ses05M,test,train,4344;8768;13192,3
Ses05M_script02_2_M036,Ses05M,test,train,4345;8769;13193,3
Ses05M_script02_2_M037,Ses05M,test,dev,544,1
Ses05M_script02_2_M040,Ses05M,test,train,4346;8770;13194,3
Ses05M_script03_1_F001,Ses05F,dev,train,4347;8771;13195,3
Ses05M_script03_1_F002,Ses05F,dev,train,4348;8772;13196,3
Ses05M_script03_1_F003,Ses05F,dev,train,4349;8773;13197,3
Ses05M_script03_1_F004,Ses05F,dev,dev,545,1
Ses05M_script03_1_F005,Ses05F,dev,train,4350;8774;13198,3
Ses05M_script03_1_F011,Ses05F,dev,train,4351;8775;13199,3
Ses05M_script03_1_F012,Ses05F,dev,dev,546,1
Ses05M_script03_1_F013,Ses05F,dev,train,4352;8776;13200,3
Ses05M_script03_1_F015,Ses05F,dev,dev,547,1
Ses05M_script03_1_F017,Ses05F,dev,dev,548,1
Ses05M_script03_1_F020,Ses05F,dev,train,4353;8777;13201,3
Ses05M_script03_1_F024,Ses05F,dev,train,4354;8778;13202,3
Ses05M_script03_1_F026,Ses05F,dev,train,4355;8779;13203,3
Ses05M_script03_1_F031,Ses05F,dev,train,4356;8780;13204,3
Ses05M_script03_1_M001,Ses05M,test,train,4357;8781;13205,3
Ses05M_script03_1_M003,Ses05M,test,dev,549,1
Ses05M_script03_1_M004,Ses05M,test,train,4358;8782;13206,3
Ses05M_script03_1_M006,Ses05M,test,train,4359;8783;13207,3
Ses05M_script03_1_M007,Ses05M,test,train,4360;8784;13208,3
Ses05M_script03_1_M008,Ses05M,test,train,4361;8785;13209,3
Ses05M_script03_1_M009,Ses05M,test,train,4362;8786;13210,3
Ses05M_script03_1_M010,Ses05M,test,train,4363;8787;13211,3
Ses05M_script03_1_M011,Ses05M,test,train,4364;8788;13212,3
Ses05M_script03_1_M012,Ses05M,test,train,4365;8789;13213,3
Ses05M_script03_1_M013,Ses05M,test,train,4366;8790;13214,3
Ses05M_script03_1_M014,Ses05M,test,train,4367;8791;13215,3
Ses05M_script03_1_M015,Ses05M,test,train,4368;8792;13216,3
Ses05M_script03_1_M016,Ses05M,test,dev,550,1
Ses05M_script03_1_M018,Ses05M,test,dev,551,1
Ses05M_script03_1_M020,Ses05M,test,train,4369;8793;13217,3
Ses05M_script03_1_M021,Ses05M,test,train,4370;8794;13218,3
Ses05M_script03_1_M022,Ses05M,test,test,543,1
Ses05M_script03_1_M023,Ses05M,test,train,4371;8795;13219,3
Ses05M_script03_1_M024,Ses05M,test,train,4372;8796;13220,3
Ses05M_script03_1_M025,Ses05M,test,train,4373;8797;13221,3
Ses05M_script03_1_M026,Ses05M,test,test,544,1
Ses05M_script03_1_M027,Ses05M,test,train,4374;8798;13222,3
Ses05M_script03_1_M028,Ses05M,test,train,4375;8799;13223,3
Ses05M_script03_1_M029,Ses05M,test,train,4376;8800;13224,3
Ses05M_script03_1_M030,Ses05M,test,train,4377;8801;13225,3
Ses05M_script03_1_M031,Ses05M,test,train,4378;8802;13226,3
Ses05M_script03_1_M032,Ses05M,test,train,4379;8803;13227,3
Ses05M_script03_1_M033,Ses05M,test,test,545,1
Ses05M_script03_2_F001,Ses05F,dev,train,4380;8804;13228,3
Ses05M_script03_2_F002,Ses05F,dev,train,4381;8805;13229,3
Ses05M_script03_2_F004,Ses05F,dev,train,4382;8806;13230,3
Ses05M_script03_2_F005,Ses05F,dev,train,4383;8807;13231,3
Ses05M_script03_2_F006,Ses05F,dev,test,546,1
Ses05M_script03_2_F009,Ses05F,dev,train,4384;8808;13232,3
Ses05M_script03_2_F012,Ses05F,dev,train,4385;8809;13233,3
Ses05M_script03_2_F015,Ses05F,dev,train,4386;8810;13234,3
Ses05M_script03_2_F017,Ses05F,dev,train,4387;8811;13235,3
Ses05M_script03_2_F018,Ses05F,dev,train,4388;8812;13236,3
Ses05M_script03_2_F023,Ses05F,dev,train,4389;8813;13237,3
Ses05M_script03_2_F026,Ses05F,dev,train,4390;8814;13238,3
Ses05M_script03_2_F028,Ses05F,dev,train,4391;8815;13239,3
Ses05M_script03_2_F034,Ses05F,dev,train,4392;8816;13240,3
Ses05M_script03_2_F035,Ses05F,dev,train,4393;8817;13241,3
Ses05M_script03_2_F036,Ses05F,dev,train,4394;8818;13242,3
Ses05M_script03_2_F037,Ses05F,dev,train,4395;8819;13243,3
Ses05M_script03_2_F038,Ses05F,dev,train,4396;8820;13244,3
Ses05M_script03_2_F039,Ses05F,dev,train,4397;8821;13245,3
Ses05M_script03_2_F040,Ses05F,dev,train,4398;8822;13246,3
Ses05M_script03_2_F041,Ses05F,dev,train,4399;8823;13247,3
Ses05M_script03_2_F042,Ses05F,dev,train,4400;8824;13248,3
Ses05M_script03_2_F043,Ses05F,dev,test,547,1
Ses05M_script03_2_F044,Ses05F,dev,train,4401;8825;13249,3
Ses05M_script03_2_M008,Ses05M,test,test,548,1
Ses05M_script03_2_M009,Ses05M,test,dev,552,1
Ses05M_script03_2_M010,Ses05M,test,train,4402;8826;13250,3
Ses05M_script03_2_M011,Ses05M,test,train,4403;8827;13251,3
Ses05M_script03_2_M015,Ses05M,test,train,4404;8828;13252,3
Ses05M_script03_2_M020,Ses05M,test,train,4405;8829;13253,3
Ses05M_script03_2_M023,Ses05M,test,train,4406;8830;13254,3
Ses05M_script03_2_M024,Ses05M,test,train,4407;8831;13255,3
Ses05M_script03_2_M025,Ses05M,test,train,4408;8832;13256,3
Ses05M_script03_2_M026,Ses05M,test,train,4409;8833;13257,3
Ses05M_script03_2_M027,Ses05M,test,train,4410;8834;13258,3
Ses05M_script03_2_M028,Ses05M,test,train,4411;8835;13259,3
Ses05M_script03_2_M029,Ses05M,test,train,4412;8836;13260,3
Ses05M_script03_2_M030,Ses05M,test,train,4413;8837;13261,3
Ses05M_script03_2_M031,Ses05M,test,train,4414;8838;13262,3
Ses05M_script03_2_M032,Ses05M,test,test,549,1
Ses05M_script03_2_M033,Ses05M,test,test,550,1
Ses05M_script03_2_M034,Ses05M,test,train,4415;8839;13263,3
Ses05M_script03_2_M035,Ses05M,test,train,4416;8840;13264,3
Ses05M_script03_2_M036,Ses05M,test,train,4417;8841;13265,3
Ses05M_script03_2_M037,Ses05M,test,train,4418;8842;13266,3
Ses05M_script03_2_M038,Ses05M,test,test,551,1
Ses05M_script03_2_M039,Ses05M,test,train,4419;8843;13267,3
Ses05M_script03_2_M040,Ses05M,test,test,552,1
Ses05M_script03_2_M041,Ses05M,test,train,4420;8844;13268,3
Ses05M_script03_2_M042,Ses05M,test,train,4421;8845;13269,3
Ses05M_script03_2_M043,Ses05M,test,train,4422;8846;13270,3
Ses05M_script03_2_M044,Ses05M,test,test,553,1
Ses05M_script03_2_M045,Ses05M,test,train,4423;8847;13271,3
