path,client_id,accent,label,source_split
common_voice_en_18009689.mp3,0332e7147236c83c51642ae8b1d7a1d30a273f42da26b05a2de2284de977734bda2b9d4942629364d41a133025aa740cb7c1f302a3f87a266d0714cebd260421,us,2,dev
common_voice_en_18009693.mp3,0332e7147236c83c51642ae8b1d7a1d30a273f42da26b05a2de2284de977734bda2b9d4942629364d41a133025aa740cb7c1f302a3f87a266d0714cebd260421,us,2,dev
common_voice_en_39753750.mp3,038a71df6a1fa710b507512ef5ded34aee4461642bda1d727f87f1493b14b03e53b6f9b68acef20e1cdf20c59d4443ae7e58a0bf8837cebf226e21b7849dce21,england,0,dev
common_voice_en_39753788.mp3,038a71df6a1fa710b507512ef5ded34aee4461642bda1d727f87f1493b14b03e53b6f9b68acef20e1cdf20c59d4443ae7e58a0bf8837cebf226e21b7849dce21,england,0,dev
common_voice_en_39753791.mp3,038a71df6a1fa710b507512ef5ded34aee4461642bda1d727f87f1493b14b03e53b6f9b68acef20e1cdf20c59d4443ae7e58a0bf8837cebf226e21b7849dce21,england,0,dev
common_voice_en_2731682.mp3,03e69c4f3612aa69b6117da919a92ffbfc57487e5830c9b8e1ab4da09c1624f3a73b19f7ae7aab5dbf841d24de2387689bcbd719f10a4ac9267c250469115d33,england,0,dev
common_voice_en_495879.mp3,05826ee131e2479f15f00a94f8aaba2c8fc2c2ea5cb7fc13cc3c9e14cbe1582670858188ecf44238e3abf7b9838a3b12198a0af4a7a854bf50dbc83d0d8694ac,us,2,dev
common_voice_en_495880.mp3,05826ee131e2479f15f00a94f8aaba2c8fc2c2ea5cb7fc13cc3c9e14cbe1582670858188ecf44238e3abf7b9838a3b12198a0af4a7a854bf50dbc83d0d8694ac,us,2,dev
common_voice_en_495881.mp3,05826ee131e2479f15f00a94f8aaba2c8fc2c2ea5cb7fc13cc3c9e14cbe1582670858188ecf44238e3abf7b9838a3b12198a0af4a7a854bf50dbc83d0d8694ac,us,2,dev
common_voice_en_636859.mp3,05c3a8d92b7534d9a829d88e85600f1a3fa30459cfece9bac4fac06ecf08ab483d29ba534d37ea155738029a8aa86dd08264517855e25dba11d2240fc7f9fa46,us,2,dev
common_voice_en_636862.mp3,05c3a8d92b7534d9a829d88e85600f1a3fa30459cfece9bac4fac06ecf08ab483d29ba534d37ea155738029a8aa86dd08264517855e25dba11d2240fc7f9fa46,us,2,dev
common_voice_en_522868.mp3,07db55524b4b5a1e299d6ace150171e501be22ff8c25679f548676ea2c7d0993fd79fa20bf65b379c4535261db97281a3cbd79be979f1c20ebcc7840e2cccd75,us,2,dev
common_voice_en_522869.mp3,07db55524b4b5a1e299d6ace150171e501be22ff8c25679f548676ea2c7d0993fd79fa20bf65b379c4535261db97281a3cbd79be979f1c20ebcc7840e2cccd75,us,2,dev
common_voice_en_483208.mp3,07e65f97acddc17d4f4b7cc8d40ebfbe5e2702edf1313103170e01d801c0ddefe8d084558200aeaa3b7dcfc698e93478a123c79114fbe8b457dc38135cac7006,us,2,dev
common_voice_en_17680070.mp3,07f153693d21bfad5199cdecc8c8e3d8578faf246196d884c90b0285f2a92b1fde777bc4d6d1ccd1b884f403cb999d568e4b1aa6f0c7e9cff167b5d1b8766cf7,us,2,dev
common_voice_en_368765.mp3,082ca6f98c5498eb61990bd80eee7fddf37eab2c22985fda22e949a41cd28d1ca27fbbc4ea30954a2ebfe7074fb4caa528db80333f7826445c27d64ab1e84419,indian,1,dev
common_voice_en_18506356.mp3,093580a6c59fa73c86513a8a98ce889f6418871e62b673ee1b42f771bb00bfa4a3113b7132c114db2e9508e82470ff1c2b24596287d2b03b70d010163300006f,indian,1,dev
common_voice_en_18506357.mp3,093580a6c59fa73c86513a8a98ce889f6418871e62b673ee1b42f771bb00bfa4a3113b7132c114db2e9508e82470ff1c2b24596287d2b03b70d010163300006f,indian,1,dev
common_voice_en_18506358.mp3,093580a6c59fa73c86513a8a98ce889f6418871e62b673ee1b42f771bb00bfa4a3113b7132c114db2e9508e82470ff1c2b24596287d2b03b70d010163300006f,indian,1,dev
common_voice_en_20301315.mp3,09e7bf49b575c9cf9890446766312efcb64f747afd3fa0ad6a703be7ec6afa9791e85dcc398ecf65cc5664ff3f3efbce10b843561351a34522a10eaa6bad5fac,england,0,dev
common_voice_en_20301321.mp3,09e7bf49b575c9cf9890446766312efcb64f747afd3fa0ad6a703be7ec6afa9791e85dcc398ecf65cc5664ff3f3efbce10b843561351a34522a10eaa6bad5fac,england,0,dev
common_voice_en_20301324.mp3,09e7bf49b575c9cf9890446766312efcb64f747afd3fa0ad6a703be7ec6afa9791e85dcc398ecf65cc5664ff3f3efbce10b843561351a34522a10eaa6bad5fac,england,0,dev
common_voice_en_18508472.mp3,0a8c5d0ef325bcfae1d90c8d0a520d4e23ee3226bc6739a39a5d8e84a465ae30fc4e37b87398dc7dcd6567db4cc2a740398a5c5400226c3e3e404272c774c458,us,2,dev
common_voice_en_18508473.mp3,0a8c5d0ef325bcfae1d90c8d0a520d4e23ee3226bc6739a39a5d8e84a465ae30fc4e37b87398dc7dcd6567db4cc2a740398a5c5400226c3e3e404272c774c458,us,2,dev
common_voice_en_18508474.mp3,0a8c5d0ef325bcfae1d90c8d0a520d4e23ee3226bc6739a39a5d8e84a465ae30fc4e37b87398dc7dcd6567db4cc2a740398a5c5400226c3e3e404272c774c458,us,2,dev
common_voice_en_28785156.mp3,0cb0dc369625cab04b228b15bb4524ac05e6e6da326d7c9d46dbac2a40a491e9e138e7c93579f826a085a63495230d7cf9cb1f93a70a198906f6391af91693a6,us,2,dev
common_voice_en_28785157.mp3,0cb0dc369625cab04b228b15bb4524ac05e6e6da326d7c9d46dbac2a40a491e9e138e7c93579f826a085a63495230d7cf9cb1f93a70a198906f6391af91693a6,us,2,dev
common_voice_en_28785158.mp3,0cb0dc369625cab04b228b15bb4524ac05e6e6da326d7c9d46dbac2a40a491e9e138e7c93579f826a085a63495230d7cf9cb1f93a70a198906f6391af91693a6,us,2,dev
common_voice_en_27637950.mp3,0e0b7a6515c907641d0129fc56594168080491e38154d58dc123e79e3f6b5b5945ca5acebf50d7aa5b94eb4c99cdd098762ae9fa09d138ef9c5fe7132cf80945,indian,1,dev
common_voice_en_27637953.mp3,0e0b7a6515c907641d0129fc56594168080491e38154d58dc123e79e3f6b5b5945ca5acebf50d7aa5b94eb4c99cdd098762ae9fa09d138ef9c5fe7132cf80945,indian,1,dev
common_voice_en_27637957.mp3,0e0b7a6515c907641d0129fc56594168080491e38154d58dc123e79e3f6b5b5945ca5acebf50d7aa5b94eb4c99cdd098762ae9fa09d138ef9c5fe7132cf80945,indian,1,dev
common_voice_en_37998101.mp3,0e27260bb642e30319b8576897839973de97445f4b0cdb8c5115ed9a2529965feb991c533d15d3794bb8a1230448aa62a64fc1b98736e50b6a8ec432b10ca046,indian,1,dev
common_voice_en_37998102.mp3,0e27260bb642e30319b8576897839973de97445f4b0cdb8c5115ed9a2529965feb991c533d15d3794bb8a1230448aa62a64fc1b98736e50b6a8ec432b10ca046,indian,1,dev
common_voice_en_37998105.mp3,0e27260bb642e30319b8576897839973de97445f4b0cdb8c5115ed9a2529965feb991c533d15d3794bb8a1230448aa62a64fc1b98736e50b6a8ec432b10ca046,indian,1,dev
common_voice_en_673729.mp3,0f1cf61f13f9d530df56a97c5383259c5f1cd0056087c31e4724810df4771083ab840177ac595472542928cea6c64216edb31b32dbca9001555929644f434274,us,2,dev
common_voice_en_673730.mp3,0f1cf61f13f9d530df56a97c5383259c5f1cd0056087c31e4724810df4771083ab840177ac595472542928cea6c64216edb31b32dbca9001555929644f434274,us,2,dev
common_voice_en_673731.mp3,0f1cf61f13f9d530df56a97c5383259c5f1cd0056087c31e4724810df4771083ab840177ac595472542928cea6c64216edb31b32dbca9001555929644f434274,us,2,dev
common_voice_en_24536133.mp3,0f2bb85f665953d65be658fbacaeef7dfc90744856f4ebf8053355e921edbfdb633d1a99b261470a170d02802b8bd43d5a8f836d828985dcc1f730eea4111043,us,2,dev
common_voice_en_24536134.mp3,0f2bb85f665953d65be658fbacaeef7dfc90744856f4ebf8053355e921edbfdb633d1a99b261470a170d02802b8bd43d5a8f836d828985dcc1f730eea4111043,us,2,dev
common_voice_en_24536135.mp3,0f2bb85f665953d65be658fbacaeef7dfc90744856f4ebf8053355e921edbfdb633d1a99b261470a170d02802b8bd43d5a8f836d828985dcc1f730eea4111043,us,2,dev
common_voice_en_18730788.mp3,0f79c5ce0b6e2abda50e9439bbd7905418f81feb5f05334a0d0319b1fbbce1d22cfc040f19f37abc4a6632e878b7250a51228e7b30c058c245ba7008723b51dc,us,2,dev
common_voice_en_18730789.mp3,0f79c5ce0b6e2abda50e9439bbd7905418f81feb5f05334a0d0319b1fbbce1d22cfc040f19f37abc4a6632e878b7250a51228e7b30c058c245ba7008723b51dc,us,2,dev
common_voice_en_18730791.mp3,0f79c5ce0b6e2abda50e9439bbd7905418f81feb5f05334a0d0319b1fbbce1d22cfc040f19f37abc4a6632e878b7250a51228e7b30c058c245ba7008723b51dc,us,2,dev
common_voice_en_33850480.mp3,102d5cf389fead24de1b6adf145b943f846d3560f04a3197ec020817a5b4126ab4cae5a1498e96ed503edd15b7a9411251f0d58536648da4c8a63c8a0108373a,us,2,dev
common_voice_en_33850482.mp3,102d5cf389fead24de1b6adf145b943f846d3560f04a3197ec020817a5b4126ab4cae5a1498e96ed503edd15b7a9411251f0d58536648da4c8a63c8a0108373a,us,2,dev
common_voice_en_33850483.mp3,102d5cf389fead24de1b6adf145b943f846d3560f04a3197ec020817a5b4126ab4cae5a1498e96ed503edd15b7a9411251f0d58536648da4c8a63c8a0108373a,us,2,dev
common_voice_en_36823671.mp3,11096061c3975fffe3b7299fab6144c833dabef5d4bd82f1f3a568bb621f7c3f9ee1964381f5e43485f89cdd675fb3f79403b92f46bfc5b07de29fb75585f80c,indian,1,dev
common_voice_en_36823673.mp3,11096061c3975fffe3b7299fab6144c833dabef5d4bd82f1f3a568bb621f7c3f9ee1964381f5e43485f89cdd675fb3f79403b92f46bfc5b07de29fb75585f80c,indian,1,dev
common_voice_en_36823674.mp3,11096061c3975fffe3b7299fab6144c833dabef5d4bd82f1f3a568bb621f7c3f9ee1964381f5e43485f89cdd675fb3f79403b92f46bfc5b07de29fb75585f80c,indian,1,dev
common_voice_en_24495072.mp3,113a624bb6cfa905836e8513b812b077ca70e35bd381bbb0cba6d11c72c85e62629619ff0f536615dee2fcd086b4c1f172f560baec4d13103d3e7346404ee3c5,us,2,dev
common_voice_en_24495074.mp3,113a624bb6cfa905836e8513b812b077ca70e35bd381bbb0cba6d11c72c85e62629619ff0f536615dee2fcd086b4c1f172f560baec4d13103d3e7346404ee3c5,us,2,dev
common_voice_en_24495075.mp3,113a624bb6cfa905836e8513b812b077ca70e35bd381bbb0cba6d11c72c85e62629619ff0f536615dee2fcd086b4c1f172f560baec4d13103d3e7346404ee3c5,us,2,dev
common_voice_en_21671780.mp3,124dcdfc2ca11f26aa611b493cd2cebb6aa7beb6a4b9130d8da6b4a16741f6ce28c70e947f85e2899e15488057adc9d97803bfe26435efdbeb8e2bbef774d1c0,indian,1,dev
common_voice_en_21671783.mp3,124dcdfc2ca11f26aa611b493cd2cebb6aa7beb6a4b9130d8da6b4a16741f6ce28c70e947f85e2899e15488057adc9d97803bfe26435efdbeb8e2bbef774d1c0,indian,1,dev
common_voice_en_21671784.mp3,124dcdfc2ca11f26aa611b493cd2cebb6aa7beb6a4b9130d8da6b4a16741f6ce28c70e947f85e2899e15488057adc9d97803bfe26435efdbeb8e2bbef774d1c0,indian,1,dev
common_voice_en_553745.mp3,1283eb761582eff95a984a7c7df434295c656b1bc19347b9bc4d19e732f3f20cf1d4b1850f97e4cf5301745157f5a8a4427d02b7b172d29b6b991cf6d0260848,indian,1,dev
common_voice_en_553746.mp3,1283eb761582eff95a984a7c7df434295c656b1bc19347b9bc4d19e732f3f20cf1d4b1850f97e4cf5301745157f5a8a4427d02b7b172d29b6b991cf6d0260848,indian,1,dev
common_voice_en_553747.mp3,1283eb761582eff95a984a7c7df434295c656b1bc19347b9bc4d19e732f3f20cf1d4b1850f97e4cf5301745157f5a8a4427d02b7b172d29b6b991cf6d0260848,indian,1,dev
common_voice_en_21397603.mp3,1338231040df3d06b60ca9391d1de23d072af64b0237726dc547146d7d05b4821495f56f096431d1f20eaf5f5cc8712c3648a549bae41e75590fa98a6ee44ed8,us,2,dev
common_voice_en_21397605.mp3,1338231040df3d06b60ca9391d1de23d072af64b0237726dc547146d7d05b4821495f56f096431d1f20eaf5f5cc8712c3648a549bae41e75590fa98a6ee44ed8,us,2,dev
common_voice_en_21397606.mp3,1338231040df3d06b60ca9391d1de23d072af64b0237726dc547146d7d05b4821495f56f096431d1f20eaf5f5cc8712c3648a549bae41e75590fa98a6ee44ed8,us,2,dev
common_voice_en_18170945.mp3,14bc302a435ec139f5b04a7f975a3d7a707fbdc883beed1d2d7f63dea052493f818af97c4425a427b1594f9a9aead3c3ab4ed6eb3e70996ee54602a0dddaed72,us,2,dev
common_voice_en_20347969.mp3,153ea1610c265b081f49a3bddab979378a6599e862f16f389bc31dae9c0f87710956a718c7862dc35153c4ebe0162b63e0b144dd8aa63673fd5af822bcf20b58,us,2,dev
common_voice_en_20347970.mp3,153ea1610c265b081f49a3bddab979378a6599e862f16f389bc31dae9c0f87710956a718c7862dc35153c4ebe0162b63e0b144dd8aa63673fd5af822bcf20b58,us,2,dev
common_voice_en_20347971.mp3,153ea1610c265b081f49a3bddab979378a6599e862f16f389bc31dae9c0f87710956a718c7862dc35153c4ebe0162b63e0b144dd8aa63673fd5af822bcf20b58,us,2,dev
common_voice_en_27409127.mp3,15546b2ff018542bdb621b91e6251f6ca62577d54c0fd5fd9316c9a4d829036abcd348b3da947f31fc3372a378960929192e0c167d651594790c7f729e2f5e30,england,0,dev
common_voice_en_27409129.mp3,15546b2ff018542bdb621b91e6251f6ca62577d54c0fd5fd9316c9a4d829036abcd348b3da947f31fc3372a378960929192e0c167d651594790c7f729e2f5e30,england,0,dev
common_voice_en_27409131.mp3,15546b2ff018542bdb621b91e6251f6ca62577d54c0fd5fd9316c9a4d829036abcd348b3da947f31fc3372a378960929192e0c167d651594790c7f729e2f5e30,england,0,dev
common_voice_en_33606184.mp3,15ed34d59e1bc08d510ee50246d8eec51d87cc531820ae23f3de72c68242300dd9eaafa18fa095ab3fe4101ea96f92e29af11578dbb0c05c26972af7034d95be,us,2,dev
common_voice_en_33606185.mp3,15ed34d59e1bc08d510ee50246d8eec51d87cc531820ae23f3de72c68242300dd9eaafa18fa095ab3fe4101ea96f92e29af11578dbb0c05c26972af7034d95be,us,2,dev
common_voice_en_33606187.mp3,15ed34d59e1bc08d510ee50246d8eec51d87cc531820ae23f3de72c68242300dd9eaafa18fa095ab3fe4101ea96f92e29af11578dbb0c05c26972af7034d95be,us,2,dev
common_voice_en_32144255.mp3,15ef55177cec88282bac9c7bd7814c372b88d426d613e5d95615a4abf681688fa87a1c33938730ba3156c494d1dc21b0cb3fff255a73b9ba2fda0cd0def077df,us,2,dev
common_voice_en_32144257.mp3,15ef55177cec88282bac9c7bd7814c372b88d426d613e5d95615a4abf681688fa87a1c33938730ba3156c494d1dc21b0cb3fff255a73b9ba2fda0cd0def077df,us,2,dev
common_voice_en_32144258.mp3,15ef55177cec88282bac9c7bd7814c372b88d426d613e5d95615a4abf681688fa87a1c33938730ba3156c494d1dc21b0cb3fff255a73b9ba2fda0cd0def077df,us,2,dev
common_voice_en_13755434.mp3,17751a874f54586ef64fb2d5111d17636c4f9a67a8eb08aa42f8d836dc7b7284fa0d0b78346d3e28c9c259a38855fa91f5e844851bb7d035970ead8ef5f5011a,us,2,dev
common_voice_en_19937590.mp3,1a47590b04d023190736982a67d95b4adcd098cfe370daa4e91c8489d19c12080c106be152520614b6a8ada4378adb75c8d2814e3ae99a2656765e4ff0d97dc1,us,2,dev
common_voice_en_19937592.mp3,1a47590b04d023190736982a67d95b4adcd098cfe370daa4e91c8489d19c12080c106be152520614b6a8ada4378adb75c8d2814e3ae99a2656765e4ff0d97dc1,us,2,dev
common_voice_en_19937733.mp3,1a47590b04d023190736982a67d95b4adcd098cfe370daa4e91c8489d19c12080c106be152520614b6a8ada4378adb75c8d2814e3ae99a2656765e4ff0d97dc1,us,2,dev
common_voice_en_18480294.mp3,1a799442ba751061a5b726bd3c39905d043c943340b2e6c6bb4086b7c77efe2fa78099c0960920b04078b04d889f1caf023dc26ab0430dd848f3df5a2e6a933a,indian,1,dev
common_voice_en_18480296.mp3,1a799442ba751061a5b726bd3c39905d043c943340b2e6c6bb4086b7c77efe2fa78099c0960920b04078b04d889f1caf023dc26ab0430dd848f3df5a2e6a933a,indian,1,dev
common_voice_en_17816776.mp3,1afbabc2cec4434915fcaf053dca65fb8d514c0f8caeec1ddee6e5f9c5e2da787fe7344cf33c44eed3e1b294653a0270eeccfed001cfb5d0fc7954984af922ae,us,2,dev
common_voice_en_31815787.mp3,1b07d66e16232412e735486f580a09e6c26cd7fe0913655d3ca1c5e78b1b25dd529140f22f32ebfc079e9234b0bb7b332c2b6c2648a82537ed451d4b457aeb64,us,2,dev
common_voice_en_31815788.mp3,1b07d66e16232412e735486f580a09e6c26cd7fe0913655d3ca1c5e78b1b25dd529140f22f32ebfc079e9234b0bb7b332c2b6c2648a82537ed451d4b457aeb64,us,2,dev
common_voice_en_31815790.mp3,1b07d66e16232412e735486f580a09e6c26cd7fe0913655d3ca1c5e78b1b25dd529140f22f32ebfc079e9234b0bb7b332c2b6c2648a82537ed451d4b457aeb64,us,2,dev
common_voice_en_36667403.mp3,1d5f70a0242e7a750827199d45ee8b67d1d159eca0366ea50b1a4e043d60ed59ee8a0947479660b0fe8c8814bee1fcc0c3abb14e5496221f550db9c5d52fd6e9,us,2,dev
common_voice_en_36667404.mp3,1d5f70a0242e7a750827199d45ee8b67d1d159eca0366ea50b1a4e043d60ed59ee8a0947479660b0fe8c8814bee1fcc0c3abb14e5496221f550db9c5d52fd6e9,us,2,dev
common_voice_en_36667405.mp3,1d5f70a0242e7a750827199d45ee8b67d1d159eca0366ea50b1a4e043d60ed59ee8a0947479660b0fe8c8814bee1fcc0c3abb14e5496221f550db9c5d52fd6e9,us,2,dev
common_voice_en_25132259.mp3,1db1aa27629d2b6dbd1b3bd415933b5eab4eff939a0822c15e10bbb0d95c11e2522b050214aadc2b180f4cbf730cd653996983cfb259828ea179da61ead27b22,us,2,dev
common_voice_en_25132260.mp3,1db1aa27629d2b6dbd1b3bd415933b5eab4eff939a0822c15e10bbb0d95c11e2522b050214aadc2b180f4cbf730cd653996983cfb259828ea179da61ead27b22,us,2,dev
common_voice_en_25132261.mp3,1db1aa27629d2b6dbd1b3bd415933b5eab4eff939a0822c15e10bbb0d95c11e2522b050214aadc2b180f4cbf730cd653996983cfb259828ea179da61ead27b22,us,2,dev
common_voice_en_17262961.mp3,1e07ad4cb87bce5c6d2d80a8b7901844251a979175f4c83f2e16d4a833e0737fb8db9d72cd9b828d07fbaea0e0ea9391e9fb01032c363ccd06b347609e275883,us,2,dev
common_voice_en_17267909.mp3,1e442bdc3561a90d9aaa92758cb7dc3f43110045408ec35d00b636bf7bbdbb8588f7a3b85029c5b901f33e008bfee10388a243add0884cba76c5ac1384523afc,england,0,dev
common_voice_en_24017644.mp3,1e452ef01ffcbbf269a48fdedc19a8ad4617a1fe4ba16c4e0b9b9368a6d0aaa0f50d8cb13ecceb16bb5553d7ce44f1cd40edace9710e5b9984e7cd17488960f1,indian,1,dev
common_voice_en_24017645.mp3,1e452ef01ffcbbf269a48fdedc19a8ad4617a1fe4ba16c4e0b9b9368a6d0aaa0f50d8cb13ecceb16bb5553d7ce44f1cd40edace9710e5b9984e7cd17488960f1,indian,1,dev
common_voice_en_24017648.mp3,1e452ef01ffcbbf269a48fdedc19a8ad4617a1fe4ba16c4e0b9b9368a6d0aaa0f50d8cb13ecceb16bb5553d7ce44f1cd40edace9710e5b9984e7cd17488960f1,indian,1,dev
common_voice_en_39718813.mp3,1f037ca9f892fc558202b7a457d2f4f5306ac4a2e2ebbae903899cefa85ae47d9f2e6464e4878cb21eb84c300f73b23eec092d46fe74d39758c846f628c3f8d7,us,2,dev
common_voice_en_39718829.mp3,1f037ca9f892fc558202b7a457d2f4f5306ac4a2e2ebbae903899cefa85ae47d9f2e6464e4878cb21eb84c300f73b23eec092d46fe74d39758c846f628c3f8d7,us,2,dev
common_voice_en_39718831.mp3,1f037ca9f892fc558202b7a457d2f4f5306ac4a2e2ebbae903899cefa85ae47d9f2e6464e4878cb21eb84c300f73b23eec092d46fe74d39758c846f628c3f8d7,us,2,dev
common_voice_en_21888173.mp3,1f8332ced3c9af2fb89d2ffacb64df753ca31c0c09685dbe04e93c98c0ba4e1f45731101292ccd21d88d183880a124f0c7d2e3d1c27cdf6cbc9dad8914715350,indian,1,dev
common_voice_en_21888175.mp3,1f8332ced3c9af2fb89d2ffacb64df753ca31c0c09685dbe04e93c98c0ba4e1f45731101292ccd21d88d183880a124f0c7d2e3d1c27cdf6cbc9dad8914715350,indian,1,dev
common_voice_en_21888176.mp3,1f8332ced3c9af2fb89d2ffacb64df753ca31c0c09685dbe04e93c98c0ba4e1f45731101292ccd21d88d183880a124f0c7d2e3d1c27cdf6cbc9dad8914715350,indian,1,dev
common_voice_en_24363156.mp3,1f926b245d3d1c0ff5de326c1361e3bfbe7c3715e49265bf4196ae0a150b89941b2aa6322c8e68f09d8feb5d16b8857588a715ccb2166fd1569a5a2fed8339a4,indian,1,dev
common_voice_en_24363157.mp3,1f926b245d3d1c0ff5de326c1361e3bfbe7c3715e49265bf4196ae0a150b89941b2aa6322c8e68f09d8feb5d16b8857588a715ccb2166fd1569a5a2fed8339a4,indian,1,dev
common_voice_en_24363159.mp3,1f926b245d3d1c0ff5de326c1361e3bfbe7c3715e49265bf4196ae0a150b89941b2aa6322c8e68f09d8feb5d16b8857588a715ccb2166fd1569a5a2fed8339a4,indian,1,dev
common_voice_en_37506915.mp3,2087eba48cfe95f170842c028b7fb3e5cadee6c08185d4b5e7d8afa373d104f890d5e747563af0eaa8c617fbd7d92c8d003330a3e8060ab0986c49eb88ddb4ba,us,2,dev
common_voice_en_37506916.mp3,2087eba48cfe95f170842c028b7fb3e5cadee6c08185d4b5e7d8afa373d104f890d5e747563af0eaa8c617fbd7d92c8d003330a3e8060ab0986c49eb88ddb4ba,us,2,dev
common_voice_en_37514123.mp3,2087eba48cfe95f170842c028b7fb3e5cadee6c08185d4b5e7d8afa373d104f890d5e747563af0eaa8c617fbd7d92c8d003330a3e8060ab0986c49eb88ddb4ba,us,2,dev
common_voice_en_18293538.mp3,210f9aafccf3c77b93a525dd29a516b53d8467d446c4694b310ef4340c0a15a922da08fb5abe364e37855aa50c552bef4206a41c4572866271ddfccced83d3ae,us,2,dev
common_voice_en_18293539.mp3,210f9aafccf3c77b93a525dd29a516b53d8467d446c4694b310ef4340c0a15a922da08fb5abe364e37855aa50c552bef4206a41c4572866271ddfccced83d3ae,us,2,dev
common_voice_en_39684183.mp3,221d90dc322e8d13e3d2550104f47cc38580df0240c3bf531873ae01c3b0db18ffc75131879102a22c2473ece1662b4abd0385145fd470db76407d0ebe3c1ce9,us,2,dev
common_voice_en_39684187.mp3,221d90dc322e8d13e3d2550104f47cc38580df0240c3bf531873ae01c3b0db18ffc75131879102a22c2473ece1662b4abd0385145fd470db76407d0ebe3c1ce9,us,2,dev
common_voice_en_39684202.mp3,221d90dc322e8d13e3d2550104f47cc38580df0240c3bf531873ae01c3b0db18ffc75131879102a22c2473ece1662b4abd0385145fd470db76407d0ebe3c1ce9,us,2,dev
common_voice_en_199112.mp3,2229dc384d202a18701dcda31c56407b6544672cce47ff7e415405b2fbc751a1084d414ce1efe38c31ff5ed4d5968c0f5e05a2022ea4599f5741d177d5114e1d,us,2,dev
common_voice_en_199113.mp3,2229dc384d202a18701dcda31c56407b6544672cce47ff7e415405b2fbc751a1084d414ce1efe38c31ff5ed4d5968c0f5e05a2022ea4599f5741d177d5114e1d,us,2,dev
common_voice_en_199114.mp3,2229dc384d202a18701dcda31c56407b6544672cce47ff7e415405b2fbc751a1084d414ce1efe38c31ff5ed4d5968c0f5e05a2022ea4599f5741d177d5114e1d,us,2,dev
common_voice_en_23730289.mp3,2278f54cfaed310b0cb89a69cfa3b92836944b6a9ac19ac03978f2f1d0dd020da6fb684acce5cc19d4077bf27ea2566cd2907c55bac1db071aad842b90ca0f65,indian,1,dev
common_voice_en_23730291.mp3,2278f54cfaed310b0cb89a69cfa3b92836944b6a9ac19ac03978f2f1d0dd020da6fb684acce5cc19d4077bf27ea2566cd2907c55bac1db071aad842b90ca0f65,indian,1,dev
common_voice_en_23730292.mp3,2278f54cfaed310b0cb89a69cfa3b92836944b6a9ac19ac03978f2f1d0dd020da6fb684acce5cc19d4077bf27ea2566cd2907c55bac1db071aad842b90ca0f65,indian,1,dev
common_voice_en_37463814.mp3,22cd638ad5a63849f361b28181c4842799da84f4e086c185d9a0b7e89ef3e7e94e65c854e824de3458492ed4e54c94bbe6fd9b48a9e50f04caff3e7232eaef4b,us,2,dev
common_voice_en_37463815.mp3,22cd638ad5a63849f361b28181c4842799da84f4e086c185d9a0b7e89ef3e7e94e65c854e824de3458492ed4e54c94bbe6fd9b48a9e50f04caff3e7232eaef4b,us,2,dev
common_voice_en_37463817.mp3,22cd638ad5a63849f361b28181c4842799da84f4e086c185d9a0b7e89ef3e7e94e65c854e824de3458492ed4e54c94bbe6fd9b48a9e50f04caff3e7232eaef4b,us,2,dev
common_voice_en_637033.mp3,2378856a3dc1067be1bb45b63a9d757540c3725fa9b581453b254b6f198499901d7da08f3f81cde491011755c7f9eeb8f63f5e2d798ee83cac5ecda72b13ad04,us,2,dev
common_voice_en_26960130.mp3,23bc79de36de6367cfc4079cb46c5028009c579b26facf5654ec3ba03005ff2862664e98149f47478abda85912e52533257efc9cf0c36f2719ec4c4b38457da0,england,0,dev
common_voice_en_26960135.mp3,23bc79de36de6367cfc4079cb46c5028009c579b26facf5654ec3ba03005ff2862664e98149f47478abda85912e52533257efc9cf0c36f2719ec4c4b38457da0,england,0,dev
common_voice_en_26960140.mp3,23bc79de36de6367cfc4079cb46c5028009c579b26facf5654ec3ba03005ff2862664e98149f47478abda85912e52533257efc9cf0c36f2719ec4c4b38457da0,england,0,dev
common_voice_en_37432699.mp3,2461c02d18303f9faaa3cec1764d2211583e724a86fa92575093376a3990f937f02a1abd8eb00fbfed992859d3006a9ebb12507fb5877361dde0574185d67a97,indian,1,dev
common_voice_en_37432701.mp3,2461c02d18303f9faaa3cec1764d2211583e724a86fa92575093376a3990f937f02a1abd8eb00fbfed992859d3006a9ebb12507fb5877361dde0574185d67a97,indian,1,dev
common_voice_en_37432703.mp3,2461c02d18303f9faaa3cec1764d2211583e724a86fa92575093376a3990f937f02a1abd8eb00fbfed992859d3006a9ebb12507fb5877361dde0574185d67a97,indian,1,dev
common_voice_en_36927202.mp3,2629d14e454d1ef23145695ad0051495a080ce8ac07508e9ef568d8150d659a9d64767b5c2eec8713ee67485f7c4d23b3be1730e62871ee79e5c609d01fb8e89,us,2,dev
common_voice_en_36927203.mp3,2629d14e454d1ef23145695ad0051495a080ce8ac07508e9ef568d8150d659a9d64767b5c2eec8713ee67485f7c4d23b3be1730e62871ee79e5c609d01fb8e89,us,2,dev
common_voice_en_36927204.mp3,2629d14e454d1ef23145695ad0051495a080ce8ac07508e9ef568d8150d659a9d64767b5c2eec8713ee67485f7c4d23b3be1730e62871ee79e5c609d01fb8e89,us,2,dev
common_voice_en_20022008.mp3,26a8bf7becdede3046e783d4c4a07033c9cdfa268504423f87cb2cf742304464c87de91473a751d77bd6e07a5eb02ff59b22d64e86282a96d4a5100025161e0e,us,2,dev
common_voice_en_20022009.mp3,26a8bf7becdede3046e783d4c4a07033c9cdfa268504423f87cb2cf742304464c87de91473a751d77bd6e07a5eb02ff59b22d64e86282a96d4a5100025161e0e,us,2,dev
common_voice_en_20022010.mp3,26a8bf7becdede3046e783d4c4a07033c9cdfa268504423f87cb2cf742304464c87de91473a751d77bd6e07a5eb02ff59b22d64e86282a96d4a5100025161e0e,us,2,dev
common_voice_en_36995484.mp3,2763e520340fe36a50478369c3d646496a297199bce715b98f154fae3351c16848d3e3a0dc14210f2585177db8364215a966e86aec4dabeff9f44b609a1f18f9,us,2,dev
common_voice_en_36995485.mp3,2763e520340fe36a50478369c3d646496a297199bce715b98f154fae3351c16848d3e3a0dc14210f2585177db8364215a966e86aec4dabeff9f44b609a1f18f9,us,2,dev
common_voice_en_36995486.mp3,2763e520340fe36a50478369c3d646496a297199bce715b98f154fae3351c16848d3e3a0dc14210f2585177db8364215a966e86aec4dabeff9f44b609a1f18f9,us,2,dev
common_voice_en_615770.mp3,2ab350d9d54ece86f1cc3dd4baa04f1132773264934c9883c9f76ecd06905f256727244b319a3eb998ea6392dc4bbabfd253ba42f1068c4b40fdd3d571b5a407,england,0,dev
common_voice_en_37617995.mp3,2c1fe69c127b70d64069a28d17027cb3471c90b64c1834d819b6f6d41dcfab74123574f2351b955a794e349615fb2ca2c1a0a0507972a25d99711f58f5c9e667,england,0,dev
common_voice_en_37617996.mp3,2c1fe69c127b70d64069a28d17027cb3471c90b64c1834d819b6f6d41dcfab74123574f2351b955a794e349615fb2ca2c1a0a0507972a25d99711f58f5c9e667,england,0,dev
common_voice_en_37617997.mp3,2c1fe69c127b70d64069a28d17027cb3471c90b64c1834d819b6f6d41dcfab74123574f2351b955a794e349615fb2ca2c1a0a0507972a25d99711f58f5c9e667,england,0,dev
common_voice_en_20253629.mp3,2cd4d256366fb07ecc5dbd48e95457861635079544186fc4a5f3b8648b2e613bc8e2f65791d08e0ecbe5aa5a9cf8c5e6a8f6462e10d337bf0088652a556b0575,us,2,dev
common_voice_en_20253635.mp3,2cd4d256366fb07ecc5dbd48e95457861635079544186fc4a5f3b8648b2e613bc8e2f65791d08e0ecbe5aa5a9cf8c5e6a8f6462e10d337bf0088652a556b0575,us,2,dev
common_voice_en_20253637.mp3,2cd4d256366fb07ecc5dbd48e95457861635079544186fc4a5f3b8648b2e613bc8e2f65791d08e0ecbe5aa5a9cf8c5e6a8f6462e10d337bf0088652a556b0575,us,2,dev
common_voice_en_37543488.mp3,2cffd0d7f6d725e623f24321185bd64eb4bd7c3ded6eea0c1a8040f5f4bbdf205e35cca0c2eeab415e0ba3394c461e3b4e340ed0c5ba6a00c420e45447387703,us,2,dev
common_voice_en_37543489.mp3,2cffd0d7f6d725e623f24321185bd64eb4bd7c3ded6eea0c1a8040f5f4bbdf205e35cca0c2eeab415e0ba3394c461e3b4e340ed0c5ba6a00c420e45447387703,us,2,dev
common_voice_en_37543490.mp3,2cffd0d7f6d725e623f24321185bd64eb4bd7c3ded6eea0c1a8040f5f4bbdf205e35cca0c2eeab415e0ba3394c461e3b4e340ed0c5ba6a00c420e45447387703,us,2,dev
common_voice_en_38207512.mp3,2d99edd67ef39faf1cccdb92eae7536861211f0f90fa38a9e7416c81a17ccd2d953e2ee4995c12038596461fcd92c3b17699e32e959682037a99a9166f5f4494,us,2,dev
common_voice_en_38207513.mp3,2d99edd67ef39faf1cccdb92eae7536861211f0f90fa38a9e7416c81a17ccd2d953e2ee4995c12038596461fcd92c3b17699e32e959682037a99a9166f5f4494,us,2,dev
common_voice_en_38207514.mp3,2d99edd67ef39faf1cccdb92eae7536861211f0f90fa38a9e7416c81a17ccd2d953e2ee4995c12038596461fcd92c3b17699e32e959682037a99a9166f5f4494,us,2,dev
common_voice_en_18941486.mp3,2d9f93e414b176a26e4e9b5ecf721ce374bdc1b1a49edf55538934a1ed5361f0178388c364d210ea541b7c92f980f95273193b76b5ae6c3d8515d8fb389ded8b,indian,1,dev
common_voice_en_18941487.mp3,2d9f93e414b176a26e4e9b5ecf721ce374bdc1b1a49edf55538934a1ed5361f0178388c364d210ea541b7c92f980f95273193b76b5ae6c3d8515d8fb389ded8b,indian,1,dev
common_voice_en_18941489.mp3,2d9f93e414b176a26e4e9b5ecf721ce374bdc1b1a49edf55538934a1ed5361f0178388c364d210ea541b7c92f980f95273193b76b5ae6c3d8515d8fb389ded8b,indian,1,dev
common_voice_en_19232077.mp3,2ef186e80a12a714d633bdec0e3f9c9ca5e87f4c75e1f81d05880ba05ed0c46bbc0b133451c04e97b48c4b0de66ad2e4efc5fc1d227848aa2820059de911a80f,us,2,dev
common_voice_en_19232078.mp3,2ef186e80a12a714d633bdec0e3f9c9ca5e87f4c75e1f81d05880ba05ed0c46bbc0b133451c04e97b48c4b0de66ad2e4efc5fc1d227848aa2820059de911a80f,us,2,dev
common_voice_en_19232079.mp3,2ef186e80a12a714d633bdec0e3f9c9ca5e87f4c75e1f81d05880ba05ed0c46bbc0b133451c04e97b48c4b0de66ad2e4efc5fc1d227848aa2820059de911a80f,us,2,dev
common_voice_en_17286891.mp3,2fb94f08efe16900d53d845f4414fe92fef94d14539e85ddfa69ac980036e491c3ff371a7b6a19b64b47b4a96f4ad4e8888c33b5a1737e752635386921f29b41,us,2,dev
common_voice_en_38207021.mp3,2fdb907c3f72a74f05cfbd3bb6afa88b74476898cf26f02525a7664556deef75951dbd72914ce205e0668dec70aae120bbc5139d66ecc296fe4b690e52e86c9b,us,2,dev
common_voice_en_38207022.mp3,2fdb907c3f72a74f05cfbd3bb6afa88b74476898cf26f02525a7664556deef75951dbd72914ce205e0668dec70aae120bbc5139d66ecc296fe4b690e52e86c9b,us,2,dev
common_voice_en_38207025.mp3,2fdb907c3f72a74f05cfbd3bb6afa88b74476898cf26f02525a7664556deef75951dbd72914ce205e0668dec70aae120bbc5139d66ecc296fe4b690e52e86c9b,us,2,dev
common_voice_en_18207683.mp3,309967f189c81824e7a3568d182867414d40e53f0d90f1edf86d92d9776dde17b3c4473a66944c457214f2f5e2689cf4640210d4d21045d516ed5d0cfa770085,us,2,dev
common_voice_en_18661523.mp3,320a902b5437620202f832545a1be3be83424e2668c523a8ae09ab298c78157a950d6c19bdcc1e863d775ffda991c57fb5d372d365acdbd874f107464f8723a8,us,2,dev
common_voice_en_18661525.mp3,320a902b5437620202f832545a1be3be83424e2668c523a8ae09ab298c78157a950d6c19bdcc1e863d775ffda991c57fb5d372d365acdbd874f107464f8723a8,us,2,dev
common_voice_en_18661526.mp3,320a902b5437620202f832545a1be3be83424e2668c523a8ae09ab298c78157a950d6c19bdcc1e863d775ffda991c57fb5d372d365acdbd874f107464f8723a8,us,2,dev
common_voice_en_19706779.mp3,35116ab4c1bbe3835fd511dea17ca6173559b8778e22e15e4a7e16018c252f22ccd111a04cf98fe1fc21e5f7297ae4215a3e6f8be1a7ecf7715d5023b345094b,us,2,dev
common_voice_en_19706780.mp3,35116ab4c1bbe3835fd511dea17ca6173559b8778e22e15e4a7e16018c252f22ccd111a04cf98fe1fc21e5f7297ae4215a3e6f8be1a7ecf7715d5023b345094b,us,2,dev
common_voice_en_19706783.mp3,35116ab4c1bbe3835fd511dea17ca6173559b8778e22e15e4a7e16018c252f22ccd111a04cf98fe1fc21e5f7297ae4215a3e6f8be1a7ecf7715d5023b345094b,us,2,dev
common_voice_en_20976458.mp3,37682f9a086b6d5a18c07ac96653b0a88197fd23949cb287168735da5b860a9f5937198ca00d71bb9ec27d634d6375bd2aff2f39d74941b0a00ac5176f1d5a89,indian,1,dev
common_voice_en_20976460.mp3,37682f9a086b6d5a18c07ac96653b0a88197fd23949cb287168735da5b860a9f5937198ca00d71bb9ec27d634d6375bd2aff2f39d74941b0a00ac5176f1d5a89,indian,1,dev
common_voice_en_20976461.mp3,37682f9a086b6d5a18c07ac96653b0a88197fd23949cb287168735da5b860a9f5937198ca00d71bb9ec27d634d6375bd2aff2f39d74941b0a00ac5176f1d5a89,indian,1,dev
common_voice_en_26978845.mp3,376db8279757f51dd35c82a87b44151a50853497f1e5d10500e1049ed4535d3db5e98b09ee9a7e562af689b57ed2606233451994b0a44801469f7c3b824c3c60,england,0,dev
common_voice_en_26978846.mp3,376db8279757f51dd35c82a87b44151a50853497f1e5d10500e1049ed4535d3db5e98b09ee9a7e562af689b57ed2606233451994b0a44801469f7c3b824c3c60,england,0,dev
common_voice_en_26978847.mp3,376db8279757f51dd35c82a87b44151a50853497f1e5d10500e1049ed4535d3db5e98b09ee9a7e562af689b57ed2606233451994b0a44801469f7c3b824c3c60,england,0,dev
common_voice_en_532206.mp3,38660569a15053a850e8cefb1a926e744256e3a12eb421562d20117db4f730ae1797e01502b6467b75f0136a5c7985d98d69373eeb262d9b7938113c7a586115,us,2,dev
common_voice_en_532207.mp3,38660569a15053a850e8cefb1a926e744256e3a12eb421562d20117db4f730ae1797e01502b6467b75f0136a5c7985d98d69373eeb262d9b7938113c7a586115,us,2,dev
common_voice_en_18953673.mp3,39f6c47bdc66ce75eb0b671f840f17430d393d6d9b58408d85e5b98b8913a0cd9dd021496e8421a6064b01eba13a19027cf50ae21b6604b7b82076328f8300af,england,0,dev
common_voice_en_18953674.mp3,39f6c47bdc66ce75eb0b671f840f17430d393d6d9b58408d85e5b98b8913a0cd9dd021496e8421a6064b01eba13a19027cf50ae21b6604b7b82076328f8300af,england,0,dev
common_voice_en_18953675.mp3,39f6c47bdc66ce75eb0b671f840f17430d393d6d9b58408d85e5b98b8913a0cd9dd021496e8421a6064b01eba13a19027cf50ae21b6604b7b82076328f8300af,england,0,dev
common_voice_en_17281385.mp3,3a5f2294c3de747b272b68a10e6eda750ae82fc80ac2265342a97dd3d0802f3debeb0b0f16252eec5e5624e6d6d21b157583b2120052067046493728da7310d8,us,2,dev
common_voice_en_17281386.mp3,3a5f2294c3de747b272b68a10e6eda750ae82fc80ac2265342a97dd3d0802f3debeb0b0f16252eec5e5624e6d6d21b157583b2120052067046493728da7310d8,us,2,dev
common_voice_en_621521.mp3,3a63156a69b7efedb3d97972d4a5df865c2d8793ea0a54ba6143b850506387d68e20e953512e010fb01287a6dadc84f125c32b2f9980b6a5049551bb40bc8ce1,us,2,dev
common_voice_en_25793074.mp3,3b7f5f3c0c01ca0d4767d6dc8fa1c65e96bea51f720a9d8f510d50b4cbec1a1275b137feaaeb0682bf123e0a539cb139ce5e895bcee1b49a7f4ccef9efe6dd95,us,2,dev
common_voice_en_25793076.mp3,3b7f5f3c0c01ca0d4767d6dc8fa1c65e96bea51f720a9d8f510d50b4cbec1a1275b137feaaeb0682bf123e0a539cb139ce5e895bcee1b49a7f4ccef9efe6dd95,us,2,dev
common_voice_en_25793078.mp3,3b7f5f3c0c01ca0d4767d6dc8fa1c65e96bea51f720a9d8f510d50b4cbec1a1275b137feaaeb0682bf123e0a539cb139ce5e895bcee1b49a7f4ccef9efe6dd95,us,2,dev
common_voice_en_30410940.mp3,3b832fb988b3856c514ffb8beb9a40f8fd75c5dc9fcd3d251ac2caf4a193b6dc4e1fafac674e24cf6601a582d162fa2c013a359ad63cffc041f70948581a8e43,indian,1,dev
common_voice_en_30410941.mp3,3b832fb988b3856c514ffb8beb9a40f8fd75c5dc9fcd3d251ac2caf4a193b6dc4e1fafac674e24cf6601a582d162fa2c013a359ad63cffc041f70948581a8e43,indian,1,dev
common_voice_en_30410942.mp3,3b832fb988b3856c514ffb8beb9a40f8fd75c5dc9fcd3d251ac2caf4a193b6dc4e1fafac674e24cf6601a582d162fa2c013a359ad63cffc041f70948581a8e43,indian,1,dev
common_voice_en_36932648.mp3,3bcf00e875f86ed0cc42d180d882948054127138523f55c910635b4f49702d35c611ce2fecf63afae10391dfbe10ce5f80e164e89073e1bf9c9c4a06a6773376,us,2,dev
common_voice_en_36932650.mp3,3bcf00e875f86ed0cc42d180d882948054127138523f55c910635b4f49702d35c611ce2fecf63afae10391dfbe10ce5f80e164e89073e1bf9c9c4a06a6773376,us,2,dev
common_voice_en_36932651.mp3,3bcf00e875f86ed0cc42d180d882948054127138523f55c910635b4f49702d35c611ce2fecf63afae10391dfbe10ce5f80e164e89073e1bf9c9c4a06a6773376,us,2,dev
common_voice_en_17563272.mp3,3d0877143632393ad5dfe871aedf628430210190fa72a611aad35742097531e37b5a18fed4d8e4e0b7cc064f8898dad99d18d81994c518c419d63c8ea3e69ab3,indian,1,dev
common_voice_en_490796.mp3,3d5f4770775063a6ef51141a0c5d8c001a9ba969ccf7012b72f56b67c2097f4f84782d05f65f2a2d155bfcbcf39d5837b98b0c8570be5f90629cb90987cad30b,us,2,dev
common_voice_en_490797.mp3,3d5f4770775063a6ef51141a0c5d8c001a9ba969ccf7012b72f56b67c2097f4f84782d05f65f2a2d155bfcbcf39d5837b98b0c8570be5f90629cb90987cad30b,us,2,dev
common_voice_en_490798.mp3,3d5f4770775063a6ef51141a0c5d8c001a9ba969ccf7012b72f56b67c2097f4f84782d05f65f2a2d155bfcbcf39d5837b98b0c8570be5f90629cb90987cad30b,us,2,dev
common_voice_en_19471374.mp3,3e4f0751c3f552a7b3f3f750ddf65203506792b484bdabcf520f8714b8d1a7b86e06632d9a2f3d820ae3e51cc2f50e2728f942d1841dca63b54efccec215181a,us,2,dev
common_voice_en_19471375.mp3,3e4f0751c3f552a7b3f3f750ddf65203506792b484bdabcf520f8714b8d1a7b86e06632d9a2f3d820ae3e51cc2f50e2728f942d1841dca63b54efccec215181a,us,2,dev
common_voice_en_19471376.mp3,3e4f0751c3f552a7b3f3f750ddf65203506792b484bdabcf520f8714b8d1a7b86e06632d9a2f3d820ae3e51cc2f50e2728f942d1841dca63b54efccec215181a,us,2,dev
common_voice_en_36817398.mp3,3e7a15b3deed659321e642c72ce52767e5ae9090f2127b89aca482f4a0e3a9af1cdeff5ca4748d740a5131dfa454b95fee8345356592e986ca4faae1232076d9,us,2,dev
common_voice_en_36817400.mp3,3e7a15b3deed659321e642c72ce52767e5ae9090f2127b89aca482f4a0e3a9af1cdeff5ca4748d740a5131dfa454b95fee8345356592e986ca4faae1232076d9,us,2,dev
common_voice_en_36817401.mp3,3e7a15b3deed659321e642c72ce52767e5ae9090f2127b89aca482f4a0e3a9af1cdeff5ca4748d740a5131dfa454b95fee8345356592e986ca4faae1232076d9,us,2,dev
common_voice_en_24987870.mp3,3f3f8cce04b0b5f0eb46d380f6bbc74397d27ef5fb973b8b29534f5d203ceef94d9aafb4c353b6f02ab3d14ae43efa1886a87387466ebda8c5172925a2d1b75a,england,0,dev
common_voice_en_24987872.mp3,3f3f8cce04b0b5f0eb46d380f6bbc74397d27ef5fb973b8b29534f5d203ceef94d9aafb4c353b6f02ab3d14ae43efa1886a87387466ebda8c5172925a2d1b75a,england,0,dev
common_voice_en_24987874.mp3,3f3f8cce04b0b5f0eb46d380f6bbc74397d27ef5fb973b8b29534f5d203ceef94d9aafb4c353b6f02ab3d14ae43efa1886a87387466ebda8c5172925a2d1b75a,england,0,dev
common_voice_en_19365432.mp3,3fa7d7ae1ea99399c1862e587c3fe01141494dbd369d082d01d1b30e7ae2110b7a5210da112bfccbc86bf0f327f57dc8bd759ef043c1adbdcf77fde7cf962842,us,2,dev
common_voice_en_19365435.mp3,3fa7d7ae1ea99399c1862e587c3fe01141494dbd369d082d01d1b30e7ae2110b7a5210da112bfccbc86bf0f327f57dc8bd759ef043c1adbdcf77fde7cf962842,us,2,dev
common_voice_en_19365436.mp3,3fa7d7ae1ea99399c1862e587c3fe01141494dbd369d082d01d1b30e7ae2110b7a5210da112bfccbc86bf0f327f57dc8bd759ef043c1adbdcf77fde7cf962842,us,2,dev
common_voice_en_18788899.mp3,40bfd9d49860127a5402adc19dd89fe1f4105c1919bf9945c8ff41c9402bf900fe221f4389eb7f957c58116acb9e18bec9556d2048d4a710ffc1c36c505769ec,us,2,dev
common_voice_en_18788901.mp3,40bfd9d49860127a5402adc19dd89fe1f4105c1919bf9945c8ff41c9402bf900fe221f4389eb7f957c58116acb9e18bec9556d2048d4a710ffc1c36c505769ec,us,2,dev
common_voice_en_18788903.mp3,40bfd9d49860127a5402adc19dd89fe1f4105c1919bf9945c8ff41c9402bf900fe221f4389eb7f957c58116acb9e18bec9556d2048d4a710ffc1c36c505769ec,us,2,dev
common_voice_en_19817958.mp3,40d00fac1647e5d05d7ad078adda2cbd598983b82199755d4b9b7078f32954d6e3ef7c7ac7d9650e66f1bea74a34c5da360dc654e2d3a8075216aa5860582661,us,2,dev
common_voice_en_19817959.mp3,40d00fac1647e5d05d7ad078adda2cbd598983b82199755d4b9b7078f32954d6e3ef7c7ac7d9650e66f1bea74a34c5da360dc654e2d3a8075216aa5860582661,us,2,dev
common_voice_en_19817961.mp3,40d00fac1647e5d05d7ad078adda2cbd598983b82199755d4b9b7078f32954d6e3ef7c7ac7d9650e66f1bea74a34c5da360dc654e2d3a8075216aa5860582661,us,2,dev
common_voice_en_35001865.mp3,40ec44be350ff67e9976cca2694af23a067f4ca13bf31202cca31b277bc3bbecece998318b94208cbce182e60d5e4d00ef04dd9479b458169dfd1dc6eef1bc0f,us,2,dev
common_voice_en_35001867.mp3,40ec44be350ff67e9976cca2694af23a067f4ca13bf31202cca31b277bc3bbecece998318b94208cbce182e60d5e4d00ef04dd9479b458169dfd1dc6eef1bc0f,us,2,dev
common_voice_en_35001868.mp3,40ec44be350ff67e9976cca2694af23a067f4ca13bf31202cca31b277bc3bbecece998318b94208cbce182e60d5e4d00ef04dd9479b458169dfd1dc6eef1bc0f,us,2,dev
common_voice_en_37073528.mp3,40ef4ce237bab10c1a1be431df0ae5d39504963073290b5ddd0b2ffe6c8c95cdabf4cc3dbb2b6387d968d3f80a9bbcff94651faf74520e1e6f0ec2cda69f80dc,england,0,dev
common_voice_en_37073530.mp3,40ef4ce237bab10c1a1be431df0ae5d39504963073290b5ddd0b2ffe6c8c95cdabf4cc3dbb2b6387d968d3f80a9bbcff94651faf74520e1e6f0ec2cda69f80dc,england,0,dev
common_voice_en_37073531.mp3,40ef4ce237bab10c1a1be431df0ae5d39504963073290b5ddd0b2ffe6c8c95cdabf4cc3dbb2b6387d968d3f80a9bbcff94651faf74520e1e6f0ec2cda69f80dc,england,0,dev
common_voice_en_20233163.mp3,428a1ee3aaf5fe0b437573a35198a015fc44332091bd3b37f287cab7f92c59765a97b32bcafdce0b9bf3813042f9bdb3b841da7ffddbd41616b06db7b11b35e0,england,0,dev
common_voice_en_20233164.mp3,428a1ee3aaf5fe0b437573a35198a015fc44332091bd3b37f287cab7f92c59765a97b32bcafdce0b9bf3813042f9bdb3b841da7ffddbd41616b06db7b11b35e0,england,0,dev
common_voice_en_20233166.mp3,428a1ee3aaf5fe0b437573a35198a015fc44332091bd3b37f287cab7f92c59765a97b32bcafdce0b9bf3813042f9bdb3b841da7ffddbd41616b06db7b11b35e0,england,0,dev
common_voice_en_546119.mp3,4423759c103ed917e71e43e20ff6790e0525e1947129e386517bd153df82b387fd1d96f18f9bc2ae49ff8936a498e88b9fa31f91c45b751313e7a89e52054d98,us,2,dev
common_voice_en_546121.mp3,4423759c103ed917e71e43e20ff6790e0525e1947129e386517bd153df82b387fd1d96f18f9bc2ae49ff8936a498e88b9fa31f91c45b751313e7a89e52054d98,us,2,dev
common_voice_en_23679643.mp3,446e7f2b579ab8f243ba3732026a5b4480d72e68821ed7502c24a26a44d236553c51c9c8c03145b89aedce58afa2dfb5b9a7cd551eeffed6674afe0ee291a40f,us,2,dev
common_voice_en_23679644.mp3,446e7f2b579ab8f243ba3732026a5b4480d72e68821ed7502c24a26a44d236553c51c9c8c03145b89aedce58afa2dfb5b9a7cd551eeffed6674afe0ee291a40f,us,2,dev
common_voice_en_23679646.mp3,446e7f2b579ab8f243ba3732026a5b4480d72e68821ed7502c24a26a44d236553c51c9c8c03145b89aedce58afa2dfb5b9a7cd551eeffed6674afe0ee291a40f,us,2,dev
common_voice_en_17290789.mp3,44c99d031480139260180ba5614cc1a60a241931565bfb62eaddea741482d10270b1c4254381d3489c94dc68892d6049d14a4af707ddbef6ef939befb4b6ae05,us,2,dev
common_voice_en_17890010.mp3,44fbf0c9a922f52be9aab24b1a4153d2c6e1a752e408e54364e04414a7169672eb270259e538751c9f7b72bff06f62c7c01ff6cb2eccc4f1a49e1448384c15c9,indian,1,dev
common_voice_en_117200.mp3,45438126565d1a4a80c3996042ecbc7bf8010660a2a95f9adc8c59b83f40b0bf58727020efb6e1cb49968e8fc70f3c2753f92a64f0f8db7677f7ff55d823fba5,us,2,dev
common_voice_en_38306441.mp3,45b3d02d0a0bcadc4bcac306dc5ebe0a52a09ade6be17fa0d0b134d906bd7cad6fb37fc6386e19390df220d544dc5ebce2b30dbc98a8e2ac8ac93d9d0e61b074,us,2,dev
common_voice_en_38306442.mp3,45b3d02d0a0bcadc4bcac306dc5ebe0a52a09ade6be17fa0d0b134d906bd7cad6fb37fc6386e19390df220d544dc5ebce2b30dbc98a8e2ac8ac93d9d0e61b074,us,2,dev
common_voice_en_38306443.mp3,45b3d02d0a0bcadc4bcac306dc5ebe0a52a09ade6be17fa0d0b134d906bd7cad6fb37fc6386e19390df220d544dc5ebce2b30dbc98a8e2ac8ac93d9d0e61b074,us,2,dev
common_voice_en_17288438.mp3,46763014356e1d3f52e9d26e8bc73f44ccba18c52225781782a1a55d52b04f1ffff2106d18775d3840b70980b92d1d2c045cdee290d5a231172de7375af374f0,us,2,dev
common_voice_en_17552102.mp3,484d957d6c9181b4b190766bdb3661ea21b55ac294cf8aa61d2958e8ac560b69803dcb61925701760bc1d2d91dd4e54f4d87fb78ad28fbbd0b2e6abd22a90a2a,indian,1,dev
common_voice_en_38413097.mp3,4876560ba974c049f6251fc895476fca67556463e438d5b9ade694238204d19bdb27ff1fa1b1dd9babc33bcd37b85c6baccc9d2d9928e4c7af3451f167ed71df,us,2,dev
common_voice_en_38413123.mp3,4876560ba974c049f6251fc895476fca67556463e438d5b9ade694238204d19bdb27ff1fa1b1dd9babc33bcd37b85c6baccc9d2d9928e4c7af3451f167ed71df,us,2,dev
common_voice_en_38413133.mp3,4876560ba974c049f6251fc895476fca67556463e438d5b9ade694238204d19bdb27ff1fa1b1dd9babc33bcd37b85c6baccc9d2d9928e4c7af3451f167ed71df,us,2,dev
common_voice_en_502622.mp3,48c2f55434bf27bddd486c656863beb5ba9e8a7a3d550c1a5c571a47d03b16e7520ecfc2ce6e6731f7e87975b5c4495f587c6a0c1d5a5e693d3fbca09a05e70b,us,2,dev
common_voice_en_502623.mp3,48c2f55434bf27bddd486c656863beb5ba9e8a7a3d550c1a5c571a47d03b16e7520ecfc2ce6e6731f7e87975b5c4495f587c6a0c1d5a5e693d3fbca09a05e70b,us,2,dev
common_voice_en_502624.mp3,48c2f55434bf27bddd486c656863beb5ba9e8a7a3d550c1a5c571a47d03b16e7520ecfc2ce6e6731f7e87975b5c4495f587c6a0c1d5a5e693d3fbca09a05e70b,us,2,dev
common_voice_en_17638866.mp3,48dbb0d9d723a4193c209adde5cfb02998a141f63a7675f8e63b59e24bd71f8c609946ceeffa2cbd6bd01e343641d44534165c5321cb39cfcd6501a67491d546,us,2,dev
common_voice_en_17281512.mp3,49a9b21b1c59af40352e07a25213b02065cc81a9c5f2947a840333ac5f2fa158c13675f4820b1ab7c62e39f9174aff55bc706dd29da18cea7ac521c74fd4ca22,indian,1,dev
common_voice_en_15735839.mp3,4b1b9a92c1b47bc7309fe4c8e47e5e72afaa62283c52507e3b137f0f9238fc6bb1ad6584b9ff312d38d437b22f6fb89c1361b31a90ad72d0d5a86884857351f4,us,2,dev
common_voice_en_20872478.mp3,50733120bb46f4d0b8a04fce2868bd98ce72d6a592080e612ebf52f2d3747925f3082bf33fad0494fceaa2ed9ceea7d2286c368a6c1d29ad3832aae8a984ccde,us,2,dev
common_voice_en_20872479.mp3,50733120bb46f4d0b8a04fce2868bd98ce72d6a592080e612ebf52f2d3747925f3082bf33fad0494fceaa2ed9ceea7d2286c368a6c1d29ad3832aae8a984ccde,us,2,dev
common_voice_en_20872481.mp3,50733120bb46f4d0b8a04fce2868bd98ce72d6a592080e612ebf52f2d3747925f3082bf33fad0494fceaa2ed9ceea7d2286c368a6c1d29ad3832aae8a984ccde,us,2,dev
common_voice_en_490606.mp3,51cac37dc7776dc6ed89e1aeabf181ff838536a1aef80bb1e1f2f012df2d7a03111d62d7ca11f404a79747dd078f54bf00a2bb900ad94646c80421ee5c7ca46b,us,2,dev
common_voice_en_17290799.mp3,51d854802751e1bd65ff4761373074ff1a73988692424fd66a399a65bdfe8233880836ee9ec566db44b27d1dd7d4ac959ae7c0d48a508c2aea559ca7f6e141d5,us,2,dev
common_voice_en_23732802.mp3,51f3a0f47da94fcc90b86ac01eb86f1a83fbfefed7ace1d6ac29539d92ce4a14eca9319001123d369da4a5baef4790b57f9c9f96ed3706db0a12ea754f4dac3e,us,2,dev
common_voice_en_23732803.mp3,51f3a0f47da94fcc90b86ac01eb86f1a83fbfefed7ace1d6ac29539d92ce4a14eca9319001123d369da4a5baef4790b57f9c9f96ed3706db0a12ea754f4dac3e,us,2,dev
common_voice_en_23732804.mp3,51f3a0f47da94fcc90b86ac01eb86f1a83fbfefed7ace1d6ac29539d92ce4a14eca9319001123d369da4a5baef4790b57f9c9f96ed3706db0a12ea754f4dac3e,us,2,dev
common_voice_en_532870.mp3,52dd4bec5643f70b1bf0bab2a855337f6731074f2132ec0bc1ed808b1bac635fb9fa32b2393c9f714f18ff035195385a2fe608a1f9578dbb1267c6a7fe4542a0,indian,1,dev
common_voice_en_37626227.mp3,54005d8cc5159731db3163d93f8fe6725e54c72211a00ddc8abcaf761f42518e758335bb08d4e1b53639491c6239574e4c9aac683ebc54c7e88def39557924e9,us,2,dev
common_voice_en_37626229.mp3,54005d8cc5159731db3163d93f8fe6725e54c72211a00ddc8abcaf761f42518e758335bb08d4e1b53639491c6239574e4c9aac683ebc54c7e88def39557924e9,us,2,dev
common_voice_en_37626230.mp3,54005d8cc5159731db3163d93f8fe6725e54c72211a00ddc8abcaf761f42518e758335bb08d4e1b53639491c6239574e4c9aac683ebc54c7e88def39557924e9,us,2,dev
common_voice_en_25259814.mp3,545febd5d5df75b6f7f48ddffc1fa1fd3c717e7fd72e8f67b0458f44a6ca42a57a203536a67fd48f903a97a7678a7b3312c084a5896f9c4c3eb493118659762d,us,2,dev
common_voice_en_25259816.mp3,545febd5d5df75b6f7f48ddffc1fa1fd3c717e7fd72e8f67b0458f44a6ca42a57a203536a67fd48f903a97a7678a7b3312c084a5896f9c4c3eb493118659762d,us,2,dev
common_voice_en_25259819.mp3,545febd5d5df75b6f7f48ddffc1fa1fd3c717e7fd72e8f67b0458f44a6ca42a57a203536a67fd48f903a97a7678a7b3312c084a5896f9c4c3eb493118659762d,us,2,dev
common_voice_en_17780603.mp3,552a7aa22cb5dc0a67af5b8ca7a0faeeccb76ec5a7d139c7ec06dc19dd66c70150039da6eb6624961929f102a6f1661e752aecb6a686e456069ec61ae16975c0,indian,1,dev
common_voice_en_17780605.mp3,552a7aa22cb5dc0a67af5b8ca7a0faeeccb76ec5a7d139c7ec06dc19dd66c70150039da6eb6624961929f102a6f1661e752aecb6a686e456069ec61ae16975c0,indian,1,dev
common_voice_en_17780615.mp3,552a7aa22cb5dc0a67af5b8ca7a0faeeccb76ec5a7d139c7ec06dc19dd66c70150039da6eb6624961929f102a6f1661e752aecb6a686e456069ec61ae16975c0,indian,1,dev
common_voice_en_25356228.mp3,553124914047b9d72ebde221d4cdcb1be1d7b363ead825fb89e90d25e903f0ffbf538006cbdd5b48663649062458372718843c934365aba1158ffe0cec12e193,indian,1,dev
common_voice_en_25356234.mp3,553124914047b9d72ebde221d4cdcb1be1d7b363ead825fb89e90d25e903f0ffbf538006cbdd5b48663649062458372718843c934365aba1158ffe0cec12e193,indian,1,dev
common_voice_en_25356239.mp3,553124914047b9d72ebde221d4cdcb1be1d7b363ead825fb89e90d25e903f0ffbf538006cbdd5b48663649062458372718843c934365aba1158ffe0cec12e193,indian,1,dev
common_voice_en_17270637.mp3,5531af59b322f3789e39451b9c1997775739208d61eca0e0e1d6cc58abf97b3d1c1ba2ce664a0a9ac6e361900683a339a9c1399198cf72a94184961603a0ae09,us,2,dev
common_voice_en_25698457.mp3,57332cd0d19a57dcd5fd5e3101b48bcef26f05a9f75cc9f30a58e1438599f0a89c62c3150be39c5130ab08e83a62c52744deebb9d7bb39e861bf142fd21ae7ae,us,2,dev
common_voice_en_25698459.mp3,57332cd0d19a57dcd5fd5e3101b48bcef26f05a9f75cc9f30a58e1438599f0a89c62c3150be39c5130ab08e83a62c52744deebb9d7bb39e861bf142fd21ae7ae,us,2,dev
common_voice_en_25698461.mp3,57332cd0d19a57dcd5fd5e3101b48bcef26f05a9f75cc9f30a58e1438599f0a89c62c3150be39c5130ab08e83a62c52744deebb9d7bb39e861bf142fd21ae7ae,us,2,dev
common_voice_en_531948.mp3,57d51e8b7290afd80a97b0f8522314229455cf453cf6070979b6c14b35c05ca31ffaec253fed3b283949fceded17de81e7e787d0271b32c72dedfaa2e4ce4626,us,2,dev
common_voice_en_531963.mp3,57d51e8b7290afd80a97b0f8522314229455cf453cf6070979b6c14b35c05ca31ffaec253fed3b283949fceded17de81e7e787d0271b32c72dedfaa2e4ce4626,us,2,dev
common_voice_en_32068279.mp3,57fa79b868c0c413fa2429624a8e33321018004e077191aef26c5fb373243ce7b06acf48a1732e0692ee1f8e9b71bddc9683cb35ba8a3852cc19f7bbae568c00,england,0,dev
common_voice_en_32068280.mp3,57fa79b868c0c413fa2429624a8e33321018004e077191aef26c5fb373243ce7b06acf48a1732e0692ee1f8e9b71bddc9683cb35ba8a3852cc19f7bbae568c00,england,0,dev
common_voice_en_32068281.mp3,57fa79b868c0c413fa2429624a8e33321018004e077191aef26c5fb373243ce7b06acf48a1732e0692ee1f8e9b71bddc9683cb35ba8a3852cc19f7bbae568c00,england,0,dev
common_voice_en_17267856.mp3,5800bca8dcb9110c6e3e7b888feb694eb5fbb338381fb715c80c68df8d1de4d748272ff5567904f7da6e75dbcb27b492458369f8304449dd496912a0d80c1a80,england,0,dev
common_voice_en_17811808.mp3,5a25dc7555a507e7184760c212c42353bf7def48a5d0aee4e4a74213c25607a258b3bd6d47cb7d4a85d372ca4c7fd0d595f3eb1ce1dc50cc63e4c5730fbaec5d,england,0,dev
common_voice_en_26610415.mp3,5a5aebd445894ec922446b020c663fd4f217f71295cacc36001707b023da94408f16a9f167686c83bfe9be29b8556229866b458aea17fe04138f6ee835a8b298,us,2,dev
common_voice_en_26610416.mp3,5a5aebd445894ec922446b020c663fd4f217f71295cacc36001707b023da94408f16a9f167686c83bfe9be29b8556229866b458aea17fe04138f6ee835a8b298,us,2,dev
common_voice_en_26610417.mp3,5a5aebd445894ec922446b020c663fd4f217f71295cacc36001707b023da94408f16a9f167686c83bfe9be29b8556229866b458aea17fe04138f6ee835a8b298,us,2,dev
common_voice_en_19490921.mp3,5bbcb9160c81f87bcabf8b401e0e7cb380a982eda273cb1e2a780d406ddd11ebe099ec6403084e9f0328a9460bcbb2c58fd71634a1c9672f50900cbac1b16072,us,2,dev
common_voice_en_19490922.mp3,5bbcb9160c81f87bcabf8b401e0e7cb380a982eda273cb1e2a780d406ddd11ebe099ec6403084e9f0328a9460bcbb2c58fd71634a1c9672f50900cbac1b16072,us,2,dev
common_voice_en_19490923.mp3,5bbcb9160c81f87bcabf8b401e0e7cb380a982eda273cb1e2a780d406ddd11ebe099ec6403084e9f0328a9460bcbb2c58fd71634a1c9672f50900cbac1b16072,us,2,dev
common_voice_en_27322949.mp3,5c24514497b50749709d199a8ea858aa0fafe6882d2b58bb5fe31d02f8540b64477d02e0ed8c7f094f8ea65e33818cb991a8b6730131120b27dd1f1a829c093c,indian,1,dev
common_voice_en_27322952.mp3,5c24514497b50749709d199a8ea858aa0fafe6882d2b58bb5fe31d02f8540b64477d02e0ed8c7f094f8ea65e33818cb991a8b6730131120b27dd1f1a829c093c,indian,1,dev
common_voice_en_27322953.mp3,5c24514497b50749709d199a8ea858aa0fafe6882d2b58bb5fe31d02f8540b64477d02e0ed8c7f094f8ea65e33818cb991a8b6730131120b27dd1f1a829c093c,indian,1,dev
common_voice_en_292123.mp3,5ca7cdad37d14164ee8dbc4ed02241b582d895786f79d1f1f91e47f383b057381c35d90f04e85783e7c82425d34213cc02d23edd48da6daa7ea90749bc169ccc,us,2,dev
common_voice_en_591529.mp3,5e85c3e74578455ebaca5c68cc9ac629c64ad897639b87265b79a9142d374c889130208169fbbe6daaf8a3a09d3a7f888cd40142b9f49fdcb0fe80ca114a5ffb,us,2,dev
common_voice_en_591530.mp3,5e85c3e74578455ebaca5c68cc9ac629c64ad897639b87265b79a9142d374c889130208169fbbe6daaf8a3a09d3a7f888cd40142b9f49fdcb0fe80ca114a5ffb,us,2,dev
common_voice_en_591531.mp3,5e85c3e74578455ebaca5c68cc9ac629c64ad897639b87265b79a9142d374c889130208169fbbe6daaf8a3a09d3a7f888cd40142b9f49fdcb0fe80ca114a5ffb,us,2,dev
common_voice_en_17906456.mp3,61b696b9a5a8621543fe50c5fc7d1cdde67119c05edcb8a7cc23584d46f379a4fcf61627e600050ba7c2acb0e96e14e19a4c48ad54f83851a45f0622b808efd7,indian,1,dev
common_voice_en_36383319.mp3,61c425d96d7134e658de8ad4c63b87c20cc4ae6486d4a406d8efe580d4d6c68bb17312d865c4e6e7ef3abbaa2c4f91091ca10395d8f4ef97faef16437ec800a3,us,2,dev
common_voice_en_36383320.mp3,61c425d96d7134e658de8ad4c63b87c20cc4ae6486d4a406d8efe580d4d6c68bb17312d865c4e6e7ef3abbaa2c4f91091ca10395d8f4ef97faef16437ec800a3,us,2,dev
common_voice_en_36383321.mp3,61c425d96d7134e658de8ad4c63b87c20cc4ae6486d4a406d8efe580d4d6c68bb17312d865c4e6e7ef3abbaa2c4f91091ca10395d8f4ef97faef16437ec800a3,us,2,dev
common_voice_en_20688704.mp3,62b94ee8dfa760637d57984bd0ade8a19c3e5d8226fe76a8b4604dbc6f0cc40dba4191e9f034039d17fa72f545e2a289f4261873d47907478e939e7b1ae1e37a,us,2,dev
common_voice_en_20688706.mp3,62b94ee8dfa760637d57984bd0ade8a19c3e5d8226fe76a8b4604dbc6f0cc40dba4191e9f034039d17fa72f545e2a289f4261873d47907478e939e7b1ae1e37a,us,2,dev
common_voice_en_20688708.mp3,62b94ee8dfa760637d57984bd0ade8a19c3e5d8226fe76a8b4604dbc6f0cc40dba4191e9f034039d17fa72f545e2a289f4261873d47907478e939e7b1ae1e37a,us,2,dev
common_voice_en_26331570.mp3,62fe7c7997f6fafb8845be854280a07072880e46580ef61510e43c5c2288161946cb12e5ecfffaa6c473043019362ce288442efa897e54fd3208bf8d64421925,england,0,dev
common_voice_en_26331574.mp3,62fe7c7997f6fafb8845be854280a07072880e46580ef61510e43c5c2288161946cb12e5ecfffaa6c473043019362ce288442efa897e54fd3208bf8d64421925,england,0,dev
common_voice_en_26331576.mp3,62fe7c7997f6fafb8845be854280a07072880e46580ef61510e43c5c2288161946cb12e5ecfffaa6c473043019362ce288442efa897e54fd3208bf8d64421925,england,0,dev
common_voice_en_388600.mp3,641ae5d1e222bcd4c67bf478351cbfe26a0a2052352a16a9cb3099bb32b8856ff2d1ffb544d2208875299d1f8574b67bcc0bb2b83cb60786960e9f94d90a224e,england,0,dev
common_voice_en_18860624.mp3,644446288cf26ca240c6dd90a2af2ab6b0871caacf0ce1844a9b35f81b05dc808fe35619834b8d3f23c020b2e18f789b70b94827ab49e4e5cf97c23161aed431,us,2,dev
common_voice_en_18860635.mp3,644446288cf26ca240c6dd90a2af2ab6b0871caacf0ce1844a9b35f81b05dc808fe35619834b8d3f23c020b2e18f789b70b94827ab49e4e5cf97c23161aed431,us,2,dev
common_voice_en_18860636.mp3,644446288cf26ca240c6dd90a2af2ab6b0871caacf0ce1844a9b35f81b05dc808fe35619834b8d3f23c020b2e18f789b70b94827ab49e4e5cf97c23161aed431,us,2,dev
common_voice_en_18944277.mp3,645297fe1bb2ead5e67539b8204077ff253399dc6c58205af70c7e8cf50fa3391082576f723ba256aa1d71bf9252069efb97579575317a0c0a6f7abe46ccd75f,us,2,dev
common_voice_en_18944280.mp3,645297fe1bb2ead5e67539b8204077ff253399dc6c58205af70c7e8cf50fa3391082576f723ba256aa1d71bf9252069efb97579575317a0c0a6f7abe46ccd75f,us,2,dev
common_voice_en_18944281.mp3,645297fe1bb2ead5e67539b8204077ff253399dc6c58205af70c7e8cf50fa3391082576f723ba256aa1d71bf9252069efb97579575317a0c0a6f7abe46ccd75f,us,2,dev
common_voice_en_38044261.mp3,6475217f2fcd77b93d2b51673ad2d6a293b7e3cecb0707edd323f3606e17638c99dbd473e0107180a73c1c556c5d275ed7e950c01375ab1db432e17441625524,us,2,dev
common_voice_en_38044262.mp3,6475217f2fcd77b93d2b51673ad2d6a293b7e3cecb0707edd323f3606e17638c99dbd473e0107180a73c1c556c5d275ed7e950c01375ab1db432e17441625524,us,2,dev
common_voice_en_38044265.mp3,6475217f2fcd77b93d2b51673ad2d6a293b7e3cecb0707edd323f3606e17638c99dbd473e0107180a73c1c556c5d275ed7e950c01375ab1db432e17441625524,us,2,dev
common_voice_en_32144882.mp3,64fc1546bf30d6e524be2fe451e0cc9dcdd5a60b1b32f80c53f3732358db91e12d6a48e8618072fa7a6e3ec6105251003cc031ad642e89a247e35fb3862f607d,us,2,dev
common_voice_en_32144885.mp3,64fc1546bf30d6e524be2fe451e0cc9dcdd5a60b1b32f80c53f3732358db91e12d6a48e8618072fa7a6e3ec6105251003cc031ad642e89a247e35fb3862f607d,us,2,dev
common_voice_en_32144886.mp3,64fc1546bf30d6e524be2fe451e0cc9dcdd5a60b1b32f80c53f3732358db91e12d6a48e8618072fa7a6e3ec6105251003cc031ad642e89a247e35fb3862f607d,us,2,dev
common_voice_en_24683272.mp3,65c7cd68a20622a15d35bb9afb7dd3a0336c1bb80976d9a26da38f91e685bfeab10f4c91ddc0e5f3f1a4254940c5de5bc8cbe93e79001fa890e61a02eafc0211,us,2,dev
common_voice_en_24683274.mp3,65c7cd68a20622a15d35bb9afb7dd3a0336c1bb80976d9a26da38f91e685bfeab10f4c91ddc0e5f3f1a4254940c5de5bc8cbe93e79001fa890e61a02eafc0211,us,2,dev
common_voice_en_24683276.mp3,65c7cd68a20622a15d35bb9afb7dd3a0336c1bb80976d9a26da38f91e685bfeab10f4c91ddc0e5f3f1a4254940c5de5bc8cbe93e79001fa890e61a02eafc0211,us,2,dev
common_voice_en_567122.mp3,672d9b95fc5439ff14182a69ff4b1faaaf5e9d19a516f2bbe4372558084f80e0adf8b196633456567f635d5775ec167fedea13302fc1b32297b196ebdf3639b8,us,2,dev
common_voice_en_429338.mp3,6927f0e0b664c98d5ea5a5ab3bcd9e45984cb351996b08323034e16ca144ba01a3ad23fde7d619363e3c57bc59a9cb47746cf0b092dc1e004fcbd6f0cebebb15,indian,1,dev
common_voice_en_528777.mp3,693925766b05f4ef359a07acb1d85b3ec4c4383b2a3db0b763f8215bf65355437967cc20977296210ba20d7d7181b4495a6cae86e20959a481ea9fb92aad69cf,england,0,dev
common_voice_en_20060878.mp3,6aaa06beee53b47d271ebc0428be3daa591cc58ee8ab6f31169c866e29a433443aac773883564635d14f48774aac287e356f0c16ae5ac3099cc11ddbad20c60c,us,2,dev
common_voice_en_20060880.mp3,6aaa06beee53b47d271ebc0428be3daa591cc58ee8ab6f31169c866e29a433443aac773883564635d14f48774aac287e356f0c16ae5ac3099cc11ddbad20c60c,us,2,dev
common_voice_en_20060881.mp3,6aaa06beee53b47d271ebc0428be3daa591cc58ee8ab6f31169c866e29a433443aac773883564635d14f48774aac287e356f0c16ae5ac3099cc11ddbad20c60c,us,2,dev
common_voice_en_15734836.mp3,6c5f4517cd3f37a0f2944394f6bac2fbd6bde213caa4129c27201f432984dae8d4c4dda18f4f2699d7cd6193582a6cbca97e4d7ee1514bd8b300d1953ba5c4ce,us,2,dev
common_voice_en_15734837.mp3,6c5f4517cd3f37a0f2944394f6bac2fbd6bde213caa4129c27201f432984dae8d4c4dda18f4f2699d7cd6193582a6cbca97e4d7ee1514bd8b300d1953ba5c4ce,us,2,dev
common_voice_en_26980010.mp3,6d5197b50476cc0b00f1b1c36e262f464a406409bc955b28a4fe5d9940261a17c262c22e2927c425e8355beb5245a448db0f4d355c5458bbc998f7826405956f,indian,1,dev
common_voice_en_26980014.mp3,6d5197b50476cc0b00f1b1c36e262f464a406409bc955b28a4fe5d9940261a17c262c22e2927c425e8355beb5245a448db0f4d355c5458bbc998f7826405956f,indian,1,dev
common_voice_en_26980015.mp3,6d5197b50476cc0b00f1b1c36e262f464a406409bc955b28a4fe5d9940261a17c262c22e2927c425e8355beb5245a448db0f4d355c5458bbc998f7826405956f,indian,1,dev
common_voice_en_19026342.mp3,6dfca572b204eae566b33326761158327f9bf34fee979e598cd411a59d33f6f46c63807a949e11a6a7ccaa10af302a80a1760bdde99b2f9d743d617841a6b67f,us,2,dev
common_voice_en_19026344.mp3,6dfca572b204eae566b33326761158327f9bf34fee979e598cd411a59d33f6f46c63807a949e11a6a7ccaa10af302a80a1760bdde99b2f9d743d617841a6b67f,us,2,dev
common_voice_en_19026346.mp3,6dfca572b204eae566b33326761158327f9bf34fee979e598cd411a59d33f6f46c63807a949e11a6a7ccaa10af302a80a1760bdde99b2f9d743d617841a6b67f,us,2,dev
common_voice_en_32643014.mp3,6e467297dc31d65b784dddfd83a89771ef3b02ab8d0baeb9efd354b82ac0b4c9c0a10b37e91d93838ec017bc3b3ae35e3f80d5ab4e36fe7c234ad33b511aa0c1,us,2,dev
common_voice_en_32643016.mp3,6e467297dc31d65b784dddfd83a89771ef3b02ab8d0baeb9efd354b82ac0b4c9c0a10b37e91d93838ec017bc3b3ae35e3f80d5ab4e36fe7c234ad33b511aa0c1,us,2,dev
common_voice_en_32643017.mp3,6e467297dc31d65b784dddfd83a89771ef3b02ab8d0baeb9efd354b82ac0b4c9c0a10b37e91d93838ec017bc3b3ae35e3f80d5ab4e36fe7c234ad33b511aa0c1,us,2,dev
common_voice_en_19711121.mp3,6f75dacc5ace979e725722f4d272c9aea7f02125c37760c55e457f0c671b4efb8c0b55289bc41c2a3deaa0f1fbaa4ada1777dd952b93576495cfed27fc356622,us,2,dev
common_voice_en_19711124.mp3,6f75dacc5ace979e725722f4d272c9aea7f02125c37760c55e457f0c671b4efb8c0b55289bc41c2a3deaa0f1fbaa4ada1777dd952b93576495cfed27fc356622,us,2,dev
common_voice_en_19711125.mp3,6f75dacc5ace979e725722f4d272c9aea7f02125c37760c55e457f0c671b4efb8c0b55289bc41c2a3deaa0f1fbaa4ada1777dd952b93576495cfed27fc356622,us,2,dev
common_voice_en_32801907.mp3,6fb23179924eb27ebed0808e3d5147e60e49a3ba577f0ee7b7434cc48fb1029b6d03aba8a4bd79eb0ebab22d69b510fe95e480f10da894afe61437a208aaa673,us,2,dev
common_voice_en_32801909.mp3,6fb23179924eb27ebed0808e3d5147e60e49a3ba577f0ee7b7434cc48fb1029b6d03aba8a4bd79eb0ebab22d69b510fe95e480f10da894afe61437a208aaa673,us,2,dev
common_voice_en_32801911.mp3,6fb23179924eb27ebed0808e3d5147e60e49a3ba577f0ee7b7434cc48fb1029b6d03aba8a4bd79eb0ebab22d69b510fe95e480f10da894afe61437a208aaa673,us,2,dev
common_voice_en_19031184.mp3,739aa71bd381b7c793b8cad3c6c3f2adabfee60e6b00ce143575e7fab1f2bc503e0696bf6532c402ec9f3877984f12c3f6ebdf46f695a62ac8b2db98225bdcf7,us,2,dev
common_voice_en_19031185.mp3,739aa71bd381b7c793b8cad3c6c3f2adabfee60e6b00ce143575e7fab1f2bc503e0696bf6532c402ec9f3877984f12c3f6ebdf46f695a62ac8b2db98225bdcf7,us,2,dev
common_voice_en_19031187.mp3,739aa71bd381b7c793b8cad3c6c3f2adabfee60e6b00ce143575e7fab1f2bc503e0696bf6532c402ec9f3877984f12c3f6ebdf46f695a62ac8b2db98225bdcf7,us,2,dev
common_voice_en_21550590.mp3,751b6392b3d3e0a0ee4fe2ae519324386fd72778f9586c2abdaa2eb9e3a9776a9bb97590100dfaeed290b328de7ff59d52d8251bc57e3403a04a5603c266aa7f,us,2,dev
common_voice_en_21550593.mp3,751b6392b3d3e0a0ee4fe2ae519324386fd72778f9586c2abdaa2eb9e3a9776a9bb97590100dfaeed290b328de7ff59d52d8251bc57e3403a04a5603c266aa7f,us,2,dev
common_voice_en_21550594.mp3,751b6392b3d3e0a0ee4fe2ae519324386fd72778f9586c2abdaa2eb9e3a9776a9bb97590100dfaeed290b328de7ff59d52d8251bc57e3403a04a5603c266aa7f,us,2,dev
common_voice_en_113714.mp3,754672e29d2f58ece3b2eb5be71108c4ddb3e9aa2ac0084b53987667c1806263d495842fdd2157ab2f965a27efd68a99a9cc8bde7366d278058c987f9a83a1db,england,0,dev
common_voice_en_113715.mp3,754672e29d2f58ece3b2eb5be71108c4ddb3e9aa2ac0084b53987667c1806263d495842fdd2157ab2f965a27efd68a99a9cc8bde7366d278058c987f9a83a1db,england,0,dev
common_voice_en_113716.mp3,754672e29d2f58ece3b2eb5be71108c4ddb3e9aa2ac0084b53987667c1806263d495842fdd2157ab2f965a27efd68a99a9cc8bde7366d278058c987f9a83a1db,england,0,dev
common_voice_en_18504107.mp3,756d2ad9932d60292d49391a12ec2484db5df78ab16c995abdb96a07121f67d4851ce66c2265d2705b97c0c99a416ffa0eccb1cc7b9cc043c5c4f14f1356932e,us,2,dev
common_voice_en_18504110.mp3,756d2ad9932d60292d49391a12ec2484db5df78ab16c995abdb96a07121f67d4851ce66c2265d2705b97c0c99a416ffa0eccb1cc7b9cc043c5c4f14f1356932e,us,2,dev
common_voice_en_18504111.mp3,756d2ad9932d60292d49391a12ec2484db5df78ab16c995abdb96a07121f67d4851ce66c2265d2705b97c0c99a416ffa0eccb1cc7b9cc043c5c4f14f1356932e,us,2,dev
common_voice_en_37367638.mp3,75e90fa552ea225f9d30db6b03a6a078fdbc1c821eee9598fc94252a445440d3aeebfaa6429db257d0f323e28fe748c229d4c902e1719ef506c7713a6c5f49c8,indian,1,dev
common_voice_en_37367639.mp3,75e90fa552ea225f9d30db6b03a6a078fdbc1c821eee9598fc94252a445440d3aeebfaa6429db257d0f323e28fe748c229d4c902e1719ef506c7713a6c5f49c8,indian,1,dev
common_voice_en_37367640.mp3,75e90fa552ea225f9d30db6b03a6a078fdbc1c821eee9598fc94252a445440d3aeebfaa6429db257d0f323e28fe748c229d4c902e1719ef506c7713a6c5f49c8,indian,1,dev
common_voice_en_22953445.mp3,76cc764a181ef558fc71e6d00be531fd5f6d8c6256c43730b29549439ae389a87ac580a3ffc1a59c52541024d6c3c4f6b07a612a5ddbdf8ee601912f86c0083a,us,2,dev
common_voice_en_22953446.mp3,76cc764a181ef558fc71e6d00be531fd5f6d8c6256c43730b29549439ae389a87ac580a3ffc1a59c52541024d6c3c4f6b07a612a5ddbdf8ee601912f86c0083a,us,2,dev
common_voice_en_22953449.mp3,76cc764a181ef558fc71e6d00be531fd5f6d8c6256c43730b29549439ae389a87ac580a3ffc1a59c52541024d6c3c4f6b07a612a5ddbdf8ee601912f86c0083a,us,2,dev
common_voice_en_37506907.mp3,771d91c40fc00721de558fdba09f5e7e72774b483368e0deb9d625b74982346739e07ed599c0e8d705d915eb3f760e2492edbf6241584f9d67d45c46b042d563,us,2,dev
common_voice_en_37506908.mp3,771d91c40fc00721de558fdba09f5e7e72774b483368e0deb9d625b74982346739e07ed599c0e8d705d915eb3f760e2492edbf6241584f9d67d45c46b042d563,us,2,dev
common_voice_en_37506909.mp3,771d91c40fc00721de558fdba09f5e7e72774b483368e0deb9d625b74982346739e07ed599c0e8d705d915eb3f760e2492edbf6241584f9d67d45c46b042d563,us,2,dev
common_voice_en_32311200.mp3,776a6b71d95d611ee6b87148116fc575e20a6786a0e9af3b65820a7b29ebd861de0926ac5110d7964132aafe2ee1236ffb7a91ea9b923cbcb06ffe15d4c9b6e3,us,2,dev
common_voice_en_32311201.mp3,776a6b71d95d611ee6b87148116fc575e20a6786a0e9af3b65820a7b29ebd861de0926ac5110d7964132aafe2ee1236ffb7a91ea9b923cbcb06ffe15d4c9b6e3,us,2,dev
common_voice_en_32311207.mp3,776a6b71d95d611ee6b87148116fc575e20a6786a0e9af3b65820a7b29ebd861de0926ac5110d7964132aafe2ee1236ffb7a91ea9b923cbcb06ffe15d4c9b6e3,us,2,dev
common_voice_en_38590711.mp3,77c5a1cbf27b3d1e866e50538c8d6957ffea83211c227abe2fc32a2029bcde3ad99a488de0a02a7615fd82432035942825e970984cd30557f0b5b940e8491f09,us,2,dev
common_voice_en_38590715.mp3,77c5a1cbf27b3d1e866e50538c8d6957ffea83211c227abe2fc32a2029bcde3ad99a488de0a02a7615fd82432035942825e970984cd30557f0b5b940e8491f09,us,2,dev
common_voice_en_38590717.mp3,77c5a1cbf27b3d1e866e50538c8d6957ffea83211c227abe2fc32a2029bcde3ad99a488de0a02a7615fd82432035942825e970984cd30557f0b5b940e8491f09,us,2,dev
common_voice_en_37553544.mp3,77ca9a658ee8b02ee75f68261da77a8d950751237976bdf76fdb845c8dd931f9cf2d21971ed1831ddb1c7efb30e0da1b320f8ecce995ba1cc9b0c95afb319e63,us,2,dev
common_voice_en_37553547.mp3,77ca9a658ee8b02ee75f68261da77a8d950751237976bdf76fdb845c8dd931f9cf2d21971ed1831ddb1c7efb30e0da1b320f8ecce995ba1cc9b0c95afb319e63,us,2,dev
common_voice_en_37553551.mp3,77ca9a658ee8b02ee75f68261da77a8d950751237976bdf76fdb845c8dd931f9cf2d21971ed1831ddb1c7efb30e0da1b320f8ecce995ba1cc9b0c95afb319e63,us,2,dev
common_voice_en_19938540.mp3,788eb79da05fe8ea94bdd516be94c3638f93ce3018089ab70fa9f945ddd88f3fe27a762ef3e1ba1626cce4eba6af0b135d808a216e46fa80c89f7dfeed661781,indian,1,dev
common_voice_en_19938608.mp3,788eb79da05fe8ea94bdd516be94c3638f93ce3018089ab70fa9f945ddd88f3fe27a762ef3e1ba1626cce4eba6af0b135d808a216e46fa80c89f7dfeed661781,indian,1,dev
common_voice_en_19938614.mp3,788eb79da05fe8ea94bdd516be94c3638f93ce3018089ab70fa9f945ddd88f3fe27a762ef3e1ba1626cce4eba6af0b135d808a216e46fa80c89f7dfeed661781,indian,1,dev
common_voice_en_21305920.mp3,7a238717b25fd975510700ca17cf9974ae7c2f7dc74ef76b48e4a451a54e473c81a093365a3cf402364de1e67de3923c0395ca382a59981c4de85ece05f4ba0b,us,2,dev
common_voice_en_21305922.mp3,7a238717b25fd975510700ca17cf9974ae7c2f7dc74ef76b48e4a451a54e473c81a093365a3cf402364de1e67de3923c0395ca382a59981c4de85ece05f4ba0b,us,2,dev
common_voice_en_21305924.mp3,7a238717b25fd975510700ca17cf9974ae7c2f7dc74ef76b48e4a451a54e473c81a093365a3cf402364de1e67de3923c0395ca382a59981c4de85ece05f4ba0b,us,2,dev
common_voice_en_17279654.mp3,7a7ea0a37899252628b8eb3c709322df81a5dc3698eceaaa3bb67b61183c3a1ba6d5d1cfc6fcaa4be940028de8082a30f447e4ddf6128e345d577c550a71f3da,us,2,dev
common_voice_en_523808.mp3,7ac17aee427414fa04bb0df54728708ef89fb7712b25d66730a76f4e72d020e103d79f68836895f77808c248f72b15dd4f59cfb94d9fdad6e1fea76f8e1abc10,us,2,dev
common_voice_en_19584428.mp3,7be1ea41327c3500e496ba64c20314a253b95618e9febad0a21df602c1d6f044e7b058f6ca091e79436cb5202f3eb77e6919b1c902823973c08ba44c2e55018b,indian,1,dev
common_voice_en_19584430.mp3,7be1ea41327c3500e496ba64c20314a253b95618e9febad0a21df602c1d6f044e7b058f6ca091e79436cb5202f3eb77e6919b1c902823973c08ba44c2e55018b,indian,1,dev
common_voice_en_19584432.mp3,7be1ea41327c3500e496ba64c20314a253b95618e9febad0a21df602c1d6f044e7b058f6ca091e79436cb5202f3eb77e6919b1c902823973c08ba44c2e55018b,indian,1,dev
common_voice_en_32650353.mp3,7cda18e9c585a1ba9f249fc473a6af4f7457ec4744923c18a5e7ba05621e8f97c45d995c875616198803d9c1f40e2c78000613f91f2aa05c401100a79d9a710d,us,2,dev
common_voice_en_32650354.mp3,7cda18e9c585a1ba9f249fc473a6af4f7457ec4744923c18a5e7ba05621e8f97c45d995c875616198803d9c1f40e2c78000613f91f2aa05c401100a79d9a710d,us,2,dev
common_voice_en_32650356.mp3,7cda18e9c585a1ba9f249fc473a6af4f7457ec4744923c18a5e7ba05621e8f97c45d995c875616198803d9c1f40e2c78000613f91f2aa05c401100a79d9a710d,us,2,dev
common_voice_en_19492642.mp3,7d04b07b9efbd5182de2aae8076ad6ef505a6afa2325716081b844f2dc9f75bcfaa769bb15346e2441d949ea7194c0b43cb09473759d7fb9f4b75e6b314c1188,us,2,dev
common_voice_en_19492643.mp3,7d04b07b9efbd5182de2aae8076ad6ef505a6afa2325716081b844f2dc9f75bcfaa769bb15346e2441d949ea7194c0b43cb09473759d7fb9f4b75e6b314c1188,us,2,dev
common_voice_en_19492644.mp3,7d04b07b9efbd5182de2aae8076ad6ef505a6afa2325716081b844f2dc9f75bcfaa769bb15346e2441d949ea7194c0b43cb09473759d7fb9f4b75e6b314c1188,us,2,dev
common_voice_en_19541204.mp3,7e7b718cb630b63a3e02fb031f87151d19365385a5ffd3a6c102f64c10a7ff82aceb338c8c542ebcf6b1b33baccf905cc15875d960fa9831dccd7562eebf107f,indian,1,dev
common_voice_en_19541205.mp3,7e7b718cb630b63a3e02fb031f87151d19365385a5ffd3a6c102f64c10a7ff82aceb338c8c542ebcf6b1b33baccf905cc15875d960fa9831dccd7562eebf107f,indian,1,dev
common_voice_en_19541207.mp3,7e7b718cb630b63a3e02fb031f87151d19365385a5ffd3a6c102f64c10a7ff82aceb338c8c542ebcf6b1b33baccf905cc15875d960fa9831dccd7562eebf107f,indian,1,dev
common_voice_en_37240514.mp3,80ecefb96a86795d2a8041c284b1d4c69a122ba0876e758d890e142fe06f73282a013caf7318b0b967994c8700febc0a0205f297fb59252ee0950c8ee2fb872a,us,2,dev
common_voice_en_37240516.mp3,80ecefb96a86795d2a8041c284b1d4c69a122ba0876e758d890e142fe06f73282a013caf7318b0b967994c8700febc0a0205f297fb59252ee0950c8ee2fb872a,us,2,dev
common_voice_en_37240517.mp3,80ecefb96a86795d2a8041c284b1d4c69a122ba0876e758d890e142fe06f73282a013caf7318b0b967994c8700febc0a0205f297fb59252ee0950c8ee2fb872a,us,2,dev
common_voice_en_581049.mp3,81de4beda172258aac9636713f8dcb441393e131d9acc70e4dd563df2c7e499edcd6fb29bae0a7fc2b7750fa9feb5057314cfad843f3fdca082bd8c55a6b7a25,us,2,dev
common_voice_en_581050.mp3,81de4beda172258aac9636713f8dcb441393e131d9acc70e4dd563df2c7e499edcd6fb29bae0a7fc2b7750fa9feb5057314cfad843f3fdca082bd8c55a6b7a25,us,2,dev
common_voice_en_581051.mp3,81de4beda172258aac9636713f8dcb441393e131d9acc70e4dd563df2c7e499edcd6fb29bae0a7fc2b7750fa9feb5057314cfad843f3fdca082bd8c55a6b7a25,us,2,dev
common_voice_en_18025539.mp3,8248b203261b865356b9209aa95e203e13c9a89f175c9e0136fccfa5699c7443723e75ed629d70066053ada02e04c22dbe1290cf7730096e2c773f606927d09e,indian,1,dev
common_voice_en_18025542.mp3,8248b203261b865356b9209aa95e203e13c9a89f175c9e0136fccfa5699c7443723e75ed629d70066053ada02e04c22dbe1290cf7730096e2c773f606927d09e,indian,1,dev
common_voice_en_20249873.mp3,836b40c31b8fe8a183f21a8dbf4edacab5c681acd15384d935dcfaf7cc4380af394cda9974029992898b5318f5b9d8cc818d37454e3626e0d89e215c96af93c5,indian,1,dev
common_voice_en_20249874.mp3,836b40c31b8fe8a183f21a8dbf4edacab5c681acd15384d935dcfaf7cc4380af394cda9974029992898b5318f5b9d8cc818d37454e3626e0d89e215c96af93c5,indian,1,dev
common_voice_en_20249875.mp3,836b40c31b8fe8a183f21a8dbf4edacab5c681acd15384d935dcfaf7cc4380af394cda9974029992898b5318f5b9d8cc818d37454e3626e0d89e215c96af93c5,indian,1,dev
common_voice_en_33572626.mp3,8447fe0cdba1cf5554b77fddf778931ffbce168260d60c1b125d1a759b1f61a55f8784a08c4ff7107baff2674e89ae5b48230fd6aca4e4e4574c24de071a6715,us,2,dev
common_voice_en_33572629.mp3,8447fe0cdba1cf5554b77fddf778931ffbce168260d60c1b125d1a759b1f61a55f8784a08c4ff7107baff2674e89ae5b48230fd6aca4e4e4574c24de071a6715,us,2,dev
common_voice_en_33572630.mp3,8447fe0cdba1cf5554b77fddf778931ffbce168260d60c1b125d1a759b1f61a55f8784a08c4ff7107baff2674e89ae5b48230fd6aca4e4e4574c24de071a6715,us,2,dev
common_voice_en_18565872.mp3,84a278ccb9f1d57f4b8bdc57175a1ea617e168077f6e1b9852597d9d4f2f0d6692920c3e0e3885bf3e85ffc045bd522f088b5e4f66b65d1b2160741c381fadba,us,2,dev
common_voice_en_18565873.mp3,84a278ccb9f1d57f4b8bdc57175a1ea617e168077f6e1b9852597d9d4f2f0d6692920c3e0e3885bf3e85ffc045bd522f088b5e4f66b65d1b2160741c381fadba,us,2,dev
common_voice_en_18565874.mp3,84a278ccb9f1d57f4b8bdc57175a1ea617e168077f6e1b9852597d9d4f2f0d6692920c3e0e3885bf3e85ffc045bd522f088b5e4f66b65d1b2160741c381fadba,us,2,dev
common_voice_en_20991625.mp3,85292bd37de17d2e32b3e458c1bac48be6cd7754c0b941cb570348072070ba8dc4f202f9f2b8b30ad20f647e212e7f036e321b9d0c48aca0a7b0a4177493641f,us,2,dev
common_voice_en_20991626.mp3,85292bd37de17d2e32b3e458c1bac48be6cd7754c0b941cb570348072070ba8dc4f202f9f2b8b30ad20f647e212e7f036e321b9d0c48aca0a7b0a4177493641f,us,2,dev
common_voice_en_20991629.mp3,85292bd37de17d2e32b3e458c1bac48be6cd7754c0b941cb570348072070ba8dc4f202f9f2b8b30ad20f647e212e7f036e321b9d0c48aca0a7b0a4177493641f,us,2,dev
common_voice_en_26951136.mp3,854ff6346e409dd84e5926fabafd4261f44e99647b1338652c97d84d6ae10042a5a56b76e1d60ff7004e28cea4c1f3cac11153c5f88164c15793d0ad73ea6061,us,2,dev
common_voice_en_26951137.mp3,854ff6346e409dd84e5926fabafd4261f44e99647b1338652c97d84d6ae10042a5a56b76e1d60ff7004e28cea4c1f3cac11153c5f88164c15793d0ad73ea6061,us,2,dev
common_voice_en_26951143.mp3,854ff6346e409dd84e5926fabafd4261f44e99647b1338652c97d84d6ae10042a5a56b76e1d60ff7004e28cea4c1f3cac11153c5f88164c15793d0ad73ea6061,us,2,dev
common_voice_en_36841809.mp3,866b0ae4a4a5d99a41ce9f88e8300178665f2701f168811ffa4a03abd27c7b24ec636e2747785637a6bc3603cb34a7d375fa7b3edb6de2ee4cf8be4649f1eafc,us,2,dev
common_voice_en_36841810.mp3,866b0ae4a4a5d99a41ce9f88e8300178665f2701f168811ffa4a03abd27c7b24ec636e2747785637a6bc3603cb34a7d375fa7b3edb6de2ee4cf8be4649f1eafc,us,2,dev
common_voice_en_36841812.mp3,866b0ae4a4a5d99a41ce9f88e8300178665f2701f168811ffa4a03abd27c7b24ec636e2747785637a6bc3603cb34a7d375fa7b3edb6de2ee4cf8be4649f1eafc,us,2,dev
common_voice_en_27164054.mp3,870438031aae711dc5398e0d8e0dbcd9df32fed1dd1206805ca3caa015b6f2b5a688933373c39aaf8edb8a8d52949932ddfd4b982c437f434c6d9f1cebb80736,us,2,dev
common_voice_en_27164056.mp3,870438031aae711dc5398e0d8e0dbcd9df32fed1dd1206805ca3caa015b6f2b5a688933373c39aaf8edb8a8d52949932ddfd4b982c437f434c6d9f1cebb80736,us,2,dev
common_voice_en_27164057.mp3,870438031aae711dc5398e0d8e0dbcd9df32fed1dd1206805ca3caa015b6f2b5a688933373c39aaf8edb8a8d52949932ddfd4b982c437f434c6d9f1cebb80736,us,2,dev
common_voice_en_33194912.mp3,891b665c4b24bcfab4e2ec7f2074eb6f8dca9b0e9edf813b110efff1303e02a16e82e8428b7c1c8ae1b30c80d698d945a36a0291c3f7c5ea912a02ca0c5cba8b,indian,1,dev
common_voice_en_33194916.mp3,891b665c4b24bcfab4e2ec7f2074eb6f8dca9b0e9edf813b110efff1303e02a16e82e8428b7c1c8ae1b30c80d698d945a36a0291c3f7c5ea912a02ca0c5cba8b,indian,1,dev
common_voice_en_37565274.mp3,891b665c4b24bcfab4e2ec7f2074eb6f8dca9b0e9edf813b110efff1303e02a16e82e8428b7c1c8ae1b30c80d698d945a36a0291c3f7c5ea912a02ca0c5cba8b,indian,1,dev
common_voice_en_509312.mp3,892757b5c6209903ae8e38bdd9ef300649d32b54c0694b3e7490d26816446b261fd9538bf1a7ecd746cf969b1f5151bc5c65ddf95f48a453a4edc038891364f7,us,2,dev
common_voice_en_509314.mp3,892757b5c6209903ae8e38bdd9ef300649d32b54c0694b3e7490d26816446b261fd9538bf1a7ecd746cf969b1f5151bc5c65ddf95f48a453a4edc038891364f7,us,2,dev
common_voice_en_27966799.mp3,89a61961091ec1e86f4d8a5edc9536db07e41cc0d6aac0600476e7ba980129d99f7977368ccf86bd538eae80bfdde92e920df990f698a23c9e142edba895e21a,indian,1,dev
common_voice_en_27966800.mp3,89a61961091ec1e86f4d8a5edc9536db07e41cc0d6aac0600476e7ba980129d99f7977368ccf86bd538eae80bfdde92e920df990f698a23c9e142edba895e21a,indian,1,dev
common_voice_en_27966804.mp3,89a61961091ec1e86f4d8a5edc9536db07e41cc0d6aac0600476e7ba980129d99f7977368ccf86bd538eae80bfdde92e920df990f698a23c9e142edba895e21a,indian,1,dev
common_voice_en_20735339.mp3,89dc0fbdc187f4905a813090c2de49745cc0ea136bc5de20e78ee82d8303a0d15ceda4de2ff525954f124278c0c2f4a34ae64d0abc57510ecbd7d126fe9538f6,us,2,dev
common_voice_en_20735341.mp3,89dc0fbdc187f4905a813090c2de49745cc0ea136bc5de20e78ee82d8303a0d15ceda4de2ff525954f124278c0c2f4a34ae64d0abc57510ecbd7d126fe9538f6,us,2,dev
common_voice_en_20735342.mp3,89dc0fbdc187f4905a813090c2de49745cc0ea136bc5de20e78ee82d8303a0d15ceda4de2ff525954f124278c0c2f4a34ae64d0abc57510ecbd7d126fe9538f6,us,2,dev
common_voice_en_666025.mp3,8b6657db4ec212844c414f9078a24ca326c8153863e6c920b3a17fee9e4b666f7f27f37160f2ec23391315c41689d2a0b846d7df90a64c5888c05366e8c9988f,us,2,dev
common_voice_en_20270942.mp3,8d2ac2996ec006e1f69d6878514b3da6b259d869d5cf4891675833120426068ef38e04bfbf0338242d233fbb25756062c70027d33caab7a6f9cfbecb7d8643c5,england,0,dev
common_voice_en_20270944.mp3,8d2ac2996ec006e1f69d6878514b3da6b259d869d5cf4891675833120426068ef38e04bfbf0338242d233fbb25756062c70027d33caab7a6f9cfbecb7d8643c5,england,0,dev
common_voice_en_20270946.mp3,8d2ac2996ec006e1f69d6878514b3da6b259d869d5cf4891675833120426068ef38e04bfbf0338242d233fbb25756062c70027d33caab7a6f9cfbecb7d8643c5,england,0,dev
common_voice_en_37708079.mp3,8d3192730024f3d8948b448391ece5a81231ffc21b723bc4c2fbf2ad66baa4c1454442e975b61ff8adbaad3ef39951dfb4c2a8d7242b2b4baf6d5ca96bf1073e,us,2,dev
common_voice_en_37708081.mp3,8d3192730024f3d8948b448391ece5a81231ffc21b723bc4c2fbf2ad66baa4c1454442e975b61ff8adbaad3ef39951dfb4c2a8d7242b2b4baf6d5ca96bf1073e,us,2,dev
common_voice_en_37708082.mp3,8d3192730024f3d8948b448391ece5a81231ffc21b723bc4c2fbf2ad66baa4c1454442e975b61ff8adbaad3ef39951dfb4c2a8d7242b2b4baf6d5ca96bf1073e,us,2,dev
common_voice_en_36862338.mp3,8f1bb45b6bd06216dc9ffbfa13c30e215bebea5e746d17877520e82c1f43e098084568a3f69e8ba20b2c52984c18c5785fdf7fc9cd353aa2c6cefafa82ff3f4d,us,2,dev
common_voice_en_36862340.mp3,8f1bb45b6bd06216dc9ffbfa13c30e215bebea5e746d17877520e82c1f43e098084568a3f69e8ba20b2c52984c18c5785fdf7fc9cd353aa2c6cefafa82ff3f4d,us,2,dev
common_voice_en_36862341.mp3,8f1bb45b6bd06216dc9ffbfa13c30e215bebea5e746d17877520e82c1f43e098084568a3f69e8ba20b2c52984c18c5785fdf7fc9cd353aa2c6cefafa82ff3f4d,us,2,dev
common_voice_en_19063145.mp3,8fba407003c85948c039eb3695ec8a582d2aad7d8ee67a3d69e2e6420cde2d34276f7069ad82a0163e08b07ca41c64fbe404150304187973f5766a86243e4312,england,0,dev
common_voice_en_19063147.mp3,8fba407003c85948c039eb3695ec8a582d2aad7d8ee67a3d69e2e6420cde2d34276f7069ad82a0163e08b07ca41c64fbe404150304187973f5766a86243e4312,england,0,dev
common_voice_en_19063148.mp3,8fba407003c85948c039eb3695ec8a582d2aad7d8ee67a3d69e2e6420cde2d34276f7069ad82a0163e08b07ca41c64fbe404150304187973f5766a86243e4312,england,0,dev
common_voice_en_18382434.mp3,907d5ca71c7a0b6eb8605a68349cf09c59509fbccc88f2007973da4c3a6296b40a01eefeba4c1da46b7238c3b0c7ca1acef8a942d4b7e30fed86cc053b6b13ec,england,0,dev
common_voice_en_26980135.mp3,9097a7b274bf1530eb493820051bf9ae95b3b498f577f26783aaa3638e84357619acc6cadd3f4414092f9261a913237d921a100a3e7dd5795ae41d4e72372b3e,us,2,dev
common_voice_en_26980139.mp3,9097a7b274bf1530eb493820051bf9ae95b3b498f577f26783aaa3638e84357619acc6cadd3f4414092f9261a913237d921a100a3e7dd5795ae41d4e72372b3e,us,2,dev
common_voice_en_26980140.mp3,9097a7b274bf1530eb493820051bf9ae95b3b498f577f26783aaa3638e84357619acc6cadd3f4414092f9261a913237d921a100a3e7dd5795ae41d4e72372b3e,us,2,dev
common_voice_en_307109.mp3,919392184ef73381939b8b0a5390b1404e65b545e5eaf652b68ffb10465481b00e450ea59c1533fc031eac131302a59710930befd5f13745a86c3b733b1660d1,england,0,dev
common_voice_en_18385590.mp3,92250798d189065fe6e279ce5d42d5a0f90f1f87f0479e2e2edab65fa2e4f2b0499c87ce4f1ed6f0b3828902784b45175eef743ca31e8483423038565e2e91e3,us,2,dev
common_voice_en_25257209.mp3,9300334a70cc0480d20cab43d8cdcbde69c9990ad1a177528a21b905aee2cd98eb0e64dd1f223f87e4e538fa415579c6db0d4904995cb07c28d85a23cd5d3bc3,us,2,dev
common_voice_en_25257210.mp3,9300334a70cc0480d20cab43d8cdcbde69c9990ad1a177528a21b905aee2cd98eb0e64dd1f223f87e4e538fa415579c6db0d4904995cb07c28d85a23cd5d3bc3,us,2,dev
common_voice_en_25257211.mp3,9300334a70cc0480d20cab43d8cdcbde69c9990ad1a177528a21b905aee2cd98eb0e64dd1f223f87e4e538fa415579c6db0d4904995cb07c28d85a23cd5d3bc3,us,2,dev
common_voice_en_503774.mp3,93639eeec32e368b7116b213776046b5cae953abb376a7d345ce212892e201b690dfb2214282bffea20094d7c82d4280d4629e4c2b5ac752ca2ce6171971f1f2,indian,1,dev
common_voice_en_503775.mp3,93639eeec32e368b7116b213776046b5cae953abb376a7d345ce212892e201b690dfb2214282bffea20094d7c82d4280d4629e4c2b5ac752ca2ce6171971f1f2,indian,1,dev
common_voice_en_2756089.mp3,94f0b73166a95cb485c801ff43a2f1f98f9fe8f2d9e87c3151abe3b265879b72607f8acc43637fefba54221ef4838bef3cde890e2d0597b5f61ce3f717cf1a3f,indian,1,dev
common_voice_en_19605173.mp3,9612779fc5b4c438a81d849762a67d3d492fe0bd5a0a9dbcf5fca47d4561fb5ab4f70231e272e214ce4429cbcb803cc32a9270c7a98cab3b1cdae139e3fc6a9a,england,0,dev
common_voice_en_19605179.mp3,9612779fc5b4c438a81d849762a67d3d492fe0bd5a0a9dbcf5fca47d4561fb5ab4f70231e272e214ce4429cbcb803cc32a9270c7a98cab3b1cdae139e3fc6a9a,england,0,dev
common_voice_en_19605194.mp3,9612779fc5b4c438a81d849762a67d3d492fe0bd5a0a9dbcf5fca47d4561fb5ab4f70231e272e214ce4429cbcb803cc32a9270c7a98cab3b1cdae139e3fc6a9a,england,0,dev
common_voice_en_28064058.mp3,963d996ebc2c58fb55bf48f75f468623720be58f4a18e1b42db72dcce903e6f91cdaa5da0732b120182900b606e01db55172fdaa497c1bc48275b9612c106df0,us,2,dev
common_voice_en_28064064.mp3,963d996ebc2c58fb55bf48f75f468623720be58f4a18e1b42db72dcce903e6f91cdaa5da0732b120182900b606e01db55172fdaa497c1bc48275b9612c106df0,us,2,dev
common_voice_en_28064066.mp3,963d996ebc2c58fb55bf48f75f468623720be58f4a18e1b42db72dcce903e6f91cdaa5da0732b120182900b606e01db55172fdaa497c1bc48275b9612c106df0,us,2,dev
common_voice_en_67637.mp3,967d106dd398f70dbf03687ab2bba5111e8a86e2ffdbfca1dc84a10bd5d1e553b217370280ce567dc472be973463d82f4ec4dba3330e1a95e800c3a4135d7576,indian,1,dev
common_voice_en_67638.mp3,967d106dd398f70dbf03687ab2bba5111e8a86e2ffdbfca1dc84a10bd5d1e553b217370280ce567dc472be973463d82f4ec4dba3330e1a95e800c3a4135d7576,indian,1,dev
common_voice_en_67639.mp3,967d106dd398f70dbf03687ab2bba5111e8a86e2ffdbfca1dc84a10bd5d1e553b217370280ce567dc472be973463d82f4ec4dba3330e1a95e800c3a4135d7576,indian,1,dev
common_voice_en_36680121.mp3,9865b7360cf9652877895b23ad29a4a79d3e7006f32d225529edeb7cf3b89ef7238b8121240b7daf9c091d2c7f317beb77544a7739a7c46cf09ff5ee4555dcdc,indian,1,dev
common_voice_en_36680122.mp3,9865b7360cf9652877895b23ad29a4a79d3e7006f32d225529edeb7cf3b89ef7238b8121240b7daf9c091d2c7f317beb77544a7739a7c46cf09ff5ee4555dcdc,indian,1,dev
common_voice_en_36680123.mp3,9865b7360cf9652877895b23ad29a4a79d3e7006f32d225529edeb7cf3b89ef7238b8121240b7daf9c091d2c7f317beb77544a7739a7c46cf09ff5ee4555dcdc,indian,1,dev
common_voice_en_35225390.mp3,9894ef3a72be0a13c282acece064e641ee14b2bff833fcee42af63d541cf5b47ff732022cdcc9d54d03ee7b4eb71f70d4830109004766e458a01dded4af5e5ee,us,2,dev
common_voice_en_35225391.mp3,9894ef3a72be0a13c282acece064e641ee14b2bff833fcee42af63d541cf5b47ff732022cdcc9d54d03ee7b4eb71f70d4830109004766e458a01dded4af5e5ee,us,2,dev
common_voice_en_35225393.mp3,9894ef3a72be0a13c282acece064e641ee14b2bff833fcee42af63d541cf5b47ff732022cdcc9d54d03ee7b4eb71f70d4830109004766e458a01dded4af5e5ee,us,2,dev
common_voice_en_36869529.mp3,9b210998aafd94f815b93dde9572ff4ce0fea36b1d6a7283c0bce97385f3589fd52ffc50744d96b7168009e41a3bc39a7b7943574b284a54283be7d3fe234053,indian,1,dev
common_voice_en_36869530.mp3,9b210998aafd94f815b93dde9572ff4ce0fea36b1d6a7283c0bce97385f3589fd52ffc50744d96b7168009e41a3bc39a7b7943574b284a54283be7d3fe234053,indian,1,dev
common_voice_en_36869531.mp3,9b210998aafd94f815b93dde9572ff4ce0fea36b1d6a7283c0bce97385f3589fd52ffc50744d96b7168009e41a3bc39a7b7943574b284a54283be7d3fe234053,indian,1,dev
common_voice_en_32798369.mp3,9b6bf11e5d42f496e163e35d6350b8b1feaf4addc6397f12fd4a637d1c4a0a0cb10f9df1c18a7ed0c6d5e726249486c137d27c2160be7a758864867e5fcc0342,england,0,dev
common_voice_en_32798371.mp3,9b6bf11e5d42f496e163e35d6350b8b1feaf4addc6397f12fd4a637d1c4a0a0cb10f9df1c18a7ed0c6d5e726249486c137d27c2160be7a758864867e5fcc0342,england,0,dev
common_voice_en_32798372.mp3,9b6bf11e5d42f496e163e35d6350b8b1feaf4addc6397f12fd4a637d1c4a0a0cb10f9df1c18a7ed0c6d5e726249486c137d27c2160be7a758864867e5fcc0342,england,0,dev
common_voice_en_29533701.mp3,9bdffd79afd60d3048d88f7747ebcd2c72a5b406967b5522b5f3e48e7fba78340ad37c319b796416f1dada567da9ef848331857c0932a00c9f9a555f8d59a40e,us,2,dev
common_voice_en_29533702.mp3,9bdffd79afd60d3048d88f7747ebcd2c72a5b406967b5522b5f3e48e7fba78340ad37c319b796416f1dada567da9ef848331857c0932a00c9f9a555f8d59a40e,us,2,dev
common_voice_en_29533704.mp3,9bdffd79afd60d3048d88f7747ebcd2c72a5b406967b5522b5f3e48e7fba78340ad37c319b796416f1dada567da9ef848331857c0932a00c9f9a555f8d59a40e,us,2,dev
common_voice_en_18877857.mp3,9c5ac5531a59fc67e8c3a0c22492dd1c9e42477aaa773bf94bb04a12de336487c52c83e98b88d3974656d90d33ce31409fd9aba6cbe5b43bfa44fded21a484fa,us,2,dev
common_voice_en_18877858.mp3,9c5ac5531a59fc67e8c3a0c22492dd1c9e42477aaa773bf94bb04a12de336487c52c83e98b88d3974656d90d33ce31409fd9aba6cbe5b43bfa44fded21a484fa,us,2,dev
common_voice_en_18877860.mp3,9c5ac5531a59fc67e8c3a0c22492dd1c9e42477aaa773bf94bb04a12de336487c52c83e98b88d3974656d90d33ce31409fd9aba6cbe5b43bfa44fded21a484fa,us,2,dev
common_voice_en_19067558.mp3,9cd8f1ca12ad6c84f9aae0b99ed4b6a786060e7043878a9656ff8204ac5b477b08f6eaff5d4430c24b219361fd0a2dd44a141bdd49a4667e3934e9f4afb1e083,us,2,dev
common_voice_en_19067559.mp3,9cd8f1ca12ad6c84f9aae0b99ed4b6a786060e7043878a9656ff8204ac5b477b08f6eaff5d4430c24b219361fd0a2dd44a141bdd49a4667e3934e9f4afb1e083,us,2,dev
common_voice_en_19067561.mp3,9cd8f1ca12ad6c84f9aae0b99ed4b6a786060e7043878a9656ff8204ac5b477b08f6eaff5d4430c24b219361fd0a2dd44a141bdd49a4667e3934e9f4afb1e083,us,2,dev
common_voice_en_28360317.mp3,9d6fb70db42881b4165ed0aa256f4c3bb66f1cc643a518e193de186336551cfed9d22148c31c9149fbcbea3a52233c1baa2fe8caa32a268de88b1b3e19906408,us,2,dev
common_voice_en_28360320.mp3,9d6fb70db42881b4165ed0aa256f4c3bb66f1cc643a518e193de186336551cfed9d22148c31c9149fbcbea3a52233c1baa2fe8caa32a268de88b1b3e19906408,us,2,dev
common_voice_en_28360321.mp3,9d6fb70db42881b4165ed0aa256f4c3bb66f1cc643a518e193de186336551cfed9d22148c31c9149fbcbea3a52233c1baa2fe8caa32a268de88b1b3e19906408,us,2,dev
common_voice_en_580512.mp3,9eafbd2e419d3e346c64e0c64ee68f4d7d2e91b3f1eb9aa5339a6f7eeba44af2c32f4909cec0d44d205f081dba54f00c8f8f5b50c3368102e80ce4b3837bc31d,indian,1,dev
common_voice_en_23426889.mp3,9f62fba32af5e483a1a297c2e8eca57cb5124d3eacf1bc1ca519539de764970c60a8298e127a38860e1877f6a34a3401a67a0ace7f05e87fa529b4fa80597d2f,us,2,dev
common_voice_en_23426890.mp3,9f62fba32af5e483a1a297c2e8eca57cb5124d3eacf1bc1ca519539de764970c60a8298e127a38860e1877f6a34a3401a67a0ace7f05e87fa529b4fa80597d2f,us,2,dev
common_voice_en_23426892.mp3,9f62fba32af5e483a1a297c2e8eca57cb5124d3eacf1bc1ca519539de764970c60a8298e127a38860e1877f6a34a3401a67a0ace7f05e87fa529b4fa80597d2f,us,2,dev
common_voice_en_21360711.mp3,9f8a46d432af343264c39b9d6c5b00cc6578b24b2318d9fb55bf443445e5ef22dfddfe29e76a1ab657e19f1873d991c3944d887c51ba9a0605db3c6324e8b6ef,indian,1,dev
common_voice_en_21360712.mp3,9f8a46d432af343264c39b9d6c5b00cc6578b24b2318d9fb55bf443445e5ef22dfddfe29e76a1ab657e19f1873d991c3944d887c51ba9a0605db3c6324e8b6ef,indian,1,dev
common_voice_en_21360713.mp3,9f8a46d432af343264c39b9d6c5b00cc6578b24b2318d9fb55bf443445e5ef22dfddfe29e76a1ab657e19f1873d991c3944d887c51ba9a0605db3c6324e8b6ef,indian,1,dev
common_voice_en_20490578.mp3,a0b0dff2dd7185a522f971b5eb042ba96b6eb14a07ecf48c7db5aa69cf987f5e5be48ba53dec865807a6621120dccf60281e0afd7ef82394f29a61e75402c6dd,us,2,dev
common_voice_en_20490579.mp3,a0b0dff2dd7185a522f971b5eb042ba96b6eb14a07ecf48c7db5aa69cf987f5e5be48ba53dec865807a6621120dccf60281e0afd7ef82394f29a61e75402c6dd,us,2,dev
common_voice_en_20490586.mp3,a0b0dff2dd7185a522f971b5eb042ba96b6eb14a07ecf48c7db5aa69cf987f5e5be48ba53dec865807a6621120dccf60281e0afd7ef82394f29a61e75402c6dd,us,2,dev
common_voice_en_36667809.mp3,a0bb7a84becc39fee047d6d3b571196e88dbcb5e152eed3bd22af59fff96efd65ac22c8f7deafcce8411dd232cedde2da1d20617e8b5a93469055c40d7f3ca99,indian,1,dev
common_voice_en_36667810.mp3,a0bb7a84becc39fee047d6d3b571196e88dbcb5e152eed3bd22af59fff96efd65ac22c8f7deafcce8411dd232cedde2da1d20617e8b5a93469055c40d7f3ca99,indian,1,dev
common_voice_en_36667811.mp3,a0bb7a84becc39fee047d6d3b571196e88dbcb5e152eed3bd22af59fff96efd65ac22c8f7deafcce8411dd232cedde2da1d20617e8b5a93469055c40d7f3ca99,indian,1,dev
common_voice_en_27619472.mp3,a18709191053075371e77e3c3c0c702c607d20fd0d1666e3e4096ae72cd1a4e057f1a3d6704ae44e7724d13d3464ff8fcb39824934a9627d4b92a61ce2313d39,us,2,dev
common_voice_en_27619474.mp3,a18709191053075371e77e3c3c0c702c607d20fd0d1666e3e4096ae72cd1a4e057f1a3d6704ae44e7724d13d3464ff8fcb39824934a9627d4b92a61ce2313d39,us,2,dev
common_voice_en_27619476.mp3,a18709191053075371e77e3c3c0c702c607d20fd0d1666e3e4096ae72cd1a4e057f1a3d6704ae44e7724d13d3464ff8fcb39824934a9627d4b92a61ce2313d39,us,2,dev
common_voice_en_31712917.mp3,a1d0dd7741dd43f589b1a6fb9b75d694e9f5eeb4b1002e4e7aec7c5d28fa4ad0bb8663e9c247a691630bf9529f4f3931e697a376147fba4ff010b31afdcfe3ee,indian,1,dev
common_voice_en_31712940.mp3,a1d0dd7741dd43f589b1a6fb9b75d694e9f5eeb4b1002e4e7aec7c5d28fa4ad0bb8663e9c247a691630bf9529f4f3931e697a376147fba4ff010b31afdcfe3ee,indian,1,dev
common_voice_en_31713069.mp3,a1d0dd7741dd43f589b1a6fb9b75d694e9f5eeb4b1002e4e7aec7c5d28fa4ad0bb8663e9c247a691630bf9529f4f3931e697a376147fba4ff010b31afdcfe3ee,indian,1,dev
common_voice_en_38589956.mp3,a257641da2893058aa455eb6d2a2e072e77d9a5fb7c88b0682e500356f8b9bc1e997cbe354e4f965dc8d3428822e1025bc231e9842d62dcacc8e59f4f53c1464,england,0,dev
common_voice_en_38589964.mp3,a257641da2893058aa455eb6d2a2e072e77d9a5fb7c88b0682e500356f8b9bc1e997cbe354e4f965dc8d3428822e1025bc231e9842d62dcacc8e59f4f53c1464,england,0,dev
common_voice_en_38589965.mp3,a257641da2893058aa455eb6d2a2e072e77d9a5fb7c88b0682e500356f8b9bc1e997cbe354e4f965dc8d3428822e1025bc231e9842d62dcacc8e59f4f53c1464,england,0,dev
common_voice_en_471399.mp3,a38d96f77c03f229da6e45d426ad904ac119ec6680b77f81a24a5693efbc46764af969be603c42d96d605277b0a2bb9262933b8355ad892aed86c73884a22530,us,2,dev
common_voice_en_471400.mp3,a38d96f77c03f229da6e45d426ad904ac119ec6680b77f81a24a5693efbc46764af969be603c42d96d605277b0a2bb9262933b8355ad892aed86c73884a22530,us,2,dev
common_voice_en_25315625.mp3,a55079a853392f3625b26b066fbeb07868b812e39ab2474344af1c11f3e0528e36e10de080394b43f8924223eb01103e8d079381f922754b4504647e1a534ec4,england,0,dev
common_voice_en_25315626.mp3,a55079a853392f3625b26b066fbeb07868b812e39ab2474344af1c11f3e0528e36e10de080394b43f8924223eb01103e8d079381f922754b4504647e1a534ec4,england,0,dev
common_voice_en_25315628.mp3,a55079a853392f3625b26b066fbeb07868b812e39ab2474344af1c11f3e0528e36e10de080394b43f8924223eb01103e8d079381f922754b4504647e1a534ec4,england,0,dev
common_voice_en_36864739.mp3,a5bed095a5eb8f50d6361eebfb7b24df638a9550e648c528ce604d7cda99970e036c776d2521c64f27422162113d6bd0b47a39a189aead23a436fd8a11f076b0,us,2,dev
common_voice_en_36864741.mp3,a5bed095a5eb8f50d6361eebfb7b24df638a9550e648c528ce604d7cda99970e036c776d2521c64f27422162113d6bd0b47a39a189aead23a436fd8a11f076b0,us,2,dev
common_voice_en_36864742.mp3,a5bed095a5eb8f50d6361eebfb7b24df638a9550e648c528ce604d7cda99970e036c776d2521c64f27422162113d6bd0b47a39a189aead23a436fd8a11f076b0,us,2,dev
common_voice_en_37800528.mp3,a5c6bdcefb8b959a3a1898af0a99faf48cbf89b0c577ac9f225f63fca238752f829967f27978ac89191576d131ebaee2417c93df25ce56e71036a562f2113a1d,us,2,dev
common_voice_en_37800529.mp3,a5c6bdcefb8b959a3a1898af0a99faf48cbf89b0c577ac9f225f63fca238752f829967f27978ac89191576d131ebaee2417c93df25ce56e71036a562f2113a1d,us,2,dev
common_voice_en_37800531.mp3,a5c6bdcefb8b959a3a1898af0a99faf48cbf89b0c577ac9f225f63fca238752f829967f27978ac89191576d131ebaee2417c93df25ce56e71036a562f2113a1d,us,2,dev
common_voice_en_19057179.mp3,a5ee5314815ec6cb81a5da46651398a7b57222a91388b707538b189830e331569dd9edfa3fb222d8230afadc7eb32bc1f36cddd0469d56266787290e1edb0c25,england,0,dev
common_voice_en_19057220.mp3,a5ee5314815ec6cb81a5da46651398a7b57222a91388b707538b189830e331569dd9edfa3fb222d8230afadc7eb32bc1f36cddd0469d56266787290e1edb0c25,england,0,dev
common_voice_en_19057221.mp3,a5ee5314815ec6cb81a5da46651398a7b57222a91388b707538b189830e331569dd9edfa3fb222d8230afadc7eb32bc1f36cddd0469d56266787290e1edb0c25,england,0,dev
common_voice_en_34389746.mp3,a6f610d4cb3c1d95260a91f0c15295208cf6a6b27c25163baea08f428b2aa170f89780f874797492b1e627e40e75311b071a4b8279789dae03be43d69282f7f9,indian,1,dev
common_voice_en_34389748.mp3,a6f610d4cb3c1d95260a91f0c15295208cf6a6b27c25163baea08f428b2aa170f89780f874797492b1e627e40e75311b071a4b8279789dae03be43d69282f7f9,indian,1,dev
common_voice_en_34389749.mp3,a6f610d4cb3c1d95260a91f0c15295208cf6a6b27c25163baea08f428b2aa170f89780f874797492b1e627e40e75311b071a4b8279789dae03be43d69282f7f9,indian,1,dev
common_voice_en_37443874.mp3,a7131384f2f99f7101866fcc9852deae0a00a2c58d8bdae4f9e48f5d7f5ba02b4203dc74ec3aa940d9745b94f67a3e82f8a25607553246373243363236f706e5,indian,1,dev
common_voice_en_37443875.mp3,a7131384f2f99f7101866fcc9852deae0a00a2c58d8bdae4f9e48f5d7f5ba02b4203dc74ec3aa940d9745b94f67a3e82f8a25607553246373243363236f706e5,indian,1,dev
common_voice_en_37443877.mp3,a7131384f2f99f7101866fcc9852deae0a00a2c58d8bdae4f9e48f5d7f5ba02b4203dc74ec3aa940d9745b94f67a3e82f8a25607553246373243363236f706e5,indian,1,dev
common_voice_en_19456086.mp3,a7fe9d9da3a0fbd5afe28303a2ce0ea901f4b6e0e6697a21e8990ac66b17fbba08ec454fa249df8dc55332f93f93d3bc2efb183f1c117a2024c90e73912e325a,us,2,dev
common_voice_en_19456087.mp3,a7fe9d9da3a0fbd5afe28303a2ce0ea901f4b6e0e6697a21e8990ac66b17fbba08ec454fa249df8dc55332f93f93d3bc2efb183f1c117a2024c90e73912e325a,us,2,dev
common_voice_en_19456088.mp3,a7fe9d9da3a0fbd5afe28303a2ce0ea901f4b6e0e6697a21e8990ac66b17fbba08ec454fa249df8dc55332f93f93d3bc2efb183f1c117a2024c90e73912e325a,us,2,dev
common_voice_en_17245990.mp3,a85c43a1dc6a51e2cd03231f85f3bc0795b4cd3158a29b259eb71481dd0a4f6c23aefc0edbdf2581ac364863f84e502d6833071ee06b5635fe8e514a6ee54d3a,england,0,dev
common_voice_en_26789472.mp3,aae27ea030a605446c068b259735d8d50646d0f24528df5a3408f7cc7c1c737ee9197743005d0797ff804c1eda368d3d644090932c75577550333bc975b88de6,us,2,dev
common_voice_en_26789473.mp3,aae27ea030a605446c068b259735d8d50646d0f24528df5a3408f7cc7c1c737ee9197743005d0797ff804c1eda368d3d644090932c75577550333bc975b88de6,us,2,dev
common_voice_en_26789474.mp3,aae27ea030a605446c068b259735d8d50646d0f24528df5a3408f7cc7c1c737ee9197743005d0797ff804c1eda368d3d644090932c75577550333bc975b88de6,us,2,dev
common_voice_en_36864850.mp3,ab8c028d96347f96a85c44e216a6fe68c2df5fec88e1a78dc108fe271983fd51d64cf0789020ed1b6d1d560c7c57fa26f3fb206de5021f726a18712302d73d59,us,2,dev
common_voice_en_36864852.mp3,ab8c028d96347f96a85c44e216a6fe68c2df5fec88e1a78dc108fe271983fd51d64cf0789020ed1b6d1d560c7c57fa26f3fb206de5021f726a18712302d73d59,us,2,dev
common_voice_en_36864853.mp3,ab8c028d96347f96a85c44e216a6fe68c2df5fec88e1a78dc108fe271983fd51d64cf0789020ed1b6d1d560c7c57fa26f3fb206de5021f726a18712302d73d59,us,2,dev
common_voice_en_19649568.mp3,abc1fba01ffc57ed4d99516e32864038c7cb27e9c21501fff8504e9d8a29def879e6f55ab2fbd192f68418e5793af6009b2001c974bb5367b6da9dd4d00e01a2,indian,1,dev
common_voice_en_19650125.mp3,abc1fba01ffc57ed4d99516e32864038c7cb27e9c21501fff8504e9d8a29def879e6f55ab2fbd192f68418e5793af6009b2001c974bb5367b6da9dd4d00e01a2,indian,1,dev
common_voice_en_19650128.mp3,abc1fba01ffc57ed4d99516e32864038c7cb27e9c21501fff8504e9d8a29def879e6f55ab2fbd192f68418e5793af6009b2001c974bb5367b6da9dd4d00e01a2,indian,1,dev
common_voice_en_19681611.mp3,abe0631f4a4222eb46e9b2e46f73593d56da44727a9ff3edee0c7edc35d357ceed27e7e0cdc09a0fdee9195bf52a2369c2c4f2249bc20736e15dfb38aee94c60,indian,1,dev
common_voice_en_19681617.mp3,abe0631f4a4222eb46e9b2e46f73593d56da44727a9ff3edee0c7edc35d357ceed27e7e0cdc09a0fdee9195bf52a2369c2c4f2249bc20736e15dfb38aee94c60,indian,1,dev
common_voice_en_19681624.mp3,abe0631f4a4222eb46e9b2e46f73593d56da44727a9ff3edee0c7edc35d357ceed27e7e0cdc09a0fdee9195bf52a2369c2c4f2249bc20736e15dfb38aee94c60,indian,1,dev
common_voice_en_37513698.mp3,ac4cada8536fb469468493c640eaed9314616f9d46699318fc9fdd69671b28dad92540c41335a5d67142c1abf9820aad6c06121b2f47f185a40e5c66758fbf0c,us,2,dev
common_voice_en_37513699.mp3,ac4cada8536fb469468493c640eaed9314616f9d46699318fc9fdd69671b28dad92540c41335a5d67142c1abf9820aad6c06121b2f47f185a40e5c66758fbf0c,us,2,dev
common_voice_en_37513700.mp3,ac4cada8536fb469468493c640eaed9314616f9d46699318fc9fdd69671b28dad92540c41335a5d67142c1abf9820aad6c06121b2f47f185a40e5c66758fbf0c,us,2,dev
common_voice_en_29327699.mp3,acd497a051998f170fd6286ea19fd3ffc6f999f530df257a4359d2e24508e25b72b7a2f86f45e14fdd46ce352a89e73d0f0b8f7a26a3ca5fae59622a033fbe87,indian,1,dev
common_voice_en_29327700.mp3,acd497a051998f170fd6286ea19fd3ffc6f999f530df257a4359d2e24508e25b72b7a2f86f45e14fdd46ce352a89e73d0f0b8f7a26a3ca5fae59622a033fbe87,indian,1,dev
common_voice_en_29327701.mp3,acd497a051998f170fd6286ea19fd3ffc6f999f530df257a4359d2e24508e25b72b7a2f86f45e14fdd46ce352a89e73d0f0b8f7a26a3ca5fae59622a033fbe87,indian,1,dev
common_voice_en_20306170.mp3,acf11fb68eae0c6082efc06a93ab72124a98c6be6f498b680718952a95b5fdbcbd3e078e5b8d75a14c34ebeff9daf1317ca3fd5456b3976d03676b3ac5621efd,us,2,dev
common_voice_en_20306172.mp3,acf11fb68eae0c6082efc06a93ab72124a98c6be6f498b680718952a95b5fdbcbd3e078e5b8d75a14c34ebeff9daf1317ca3fd5456b3976d03676b3ac5621efd,us,2,dev
common_voice_en_20306173.mp3,acf11fb68eae0c6082efc06a93ab72124a98c6be6f498b680718952a95b5fdbcbd3e078e5b8d75a14c34ebeff9daf1317ca3fd5456b3976d03676b3ac5621efd,us,2,dev
common_voice_en_36707194.mp3,ad544483a58625e5919ae019cd8b1286becb3dcaca8bcf9460167593bb18fc2825d9f792962ebed6b37cd9909b6a0820381d85b43f9eeb37d29196b1a9c8a6b6,indian,1,dev
common_voice_en_36707199.mp3,ad544483a58625e5919ae019cd8b1286becb3dcaca8bcf9460167593bb18fc2825d9f792962ebed6b37cd9909b6a0820381d85b43f9eeb37d29196b1a9c8a6b6,indian,1,dev
common_voice_en_36707201.mp3,ad544483a58625e5919ae019cd8b1286becb3dcaca8bcf9460167593bb18fc2825d9f792962ebed6b37cd9909b6a0820381d85b43f9eeb37d29196b1a9c8a6b6,indian,1,dev
common_voice_en_22953524.mp3,ad59a7a622136bd68e5c51355b8c0dacb0ff95f1a120fa5aa2ee618845a90ab55211177f7bb0fc16797ccd054e38c8ff39aa5d3897e4e0ac442cb288452e31a3,indian,1,dev
common_voice_en_22953526.mp3,ad59a7a622136bd68e5c51355b8c0dacb0ff95f1a120fa5aa2ee618845a90ab55211177f7bb0fc16797ccd054e38c8ff39aa5d3897e4e0ac442cb288452e31a3,indian,1,dev
common_voice_en_22953527.mp3,ad59a7a622136bd68e5c51355b8c0dacb0ff95f1a120fa5aa2ee618845a90ab55211177f7bb0fc16797ccd054e38c8ff39aa5d3897e4e0ac442cb288452e31a3,indian,1,dev
common_voice_en_34346766.mp3,afb09087b216ff6257dbd59ebf61ac475e5afc0ea9a69b596ab789ee4d026bc0792adb6814cc5a3c8e812196d6a4db1c567fe0040832665cf9b1613ce54694fe,us,2,dev
common_voice_en_34346768.mp3,afb09087b216ff6257dbd59ebf61ac475e5afc0ea9a69b596ab789ee4d026bc0792adb6814cc5a3c8e812196d6a4db1c567fe0040832665cf9b1613ce54694fe,us,2,dev
common_voice_en_34346769.mp3,afb09087b216ff6257dbd59ebf61ac475e5afc0ea9a69b596ab789ee4d026bc0792adb6814cc5a3c8e812196d6a4db1c567fe0040832665cf9b1613ce54694fe,us,2,dev
common_voice_en_1719490.mp3,b0a031d2cfbc5272118083112b99b0dfd8186fcc74967493dfc7007699e5a887305506174313986e86b204079b0ed2d4b72b751b2c6ab24e6b73e04ae5bc1ab5,us,2,dev
common_voice_en_15733950.mp3,b1c9e6dd0043cc5bfa4f8dec3c3a4862f0a38ab0277f663ae9aebb9cd86ecfd78d30a30d981e95c426bfd247c22ac0959baed23314c1c3cf38e4ecef9018df4f,us,2,dev
common_voice_en_19675620.mp3,b23b4b8e4d7c751ba6ad6512b21d34cd2f4c0444f874fac0539a4a0af6d88d90aba2492e6a30321048ed8b90eea3975084a1458c4d7dc53002de5fd0e5ada134,indian,1,dev
common_voice_en_19675621.mp3,b23b4b8e4d7c751ba6ad6512b21d34cd2f4c0444f874fac0539a4a0af6d88d90aba2492e6a30321048ed8b90eea3975084a1458c4d7dc53002de5fd0e5ada134,indian,1,dev
common_voice_en_19675623.mp3,b23b4b8e4d7c751ba6ad6512b21d34cd2f4c0444f874fac0539a4a0af6d88d90aba2492e6a30321048ed8b90eea3975084a1458c4d7dc53002de5fd0e5ada134,indian,1,dev
common_voice_en_19673779.mp3,b2518ede07b4ee8631816ef89d0c1f23464f8d471afd1c6c31120f356337ac50d9fe6b723e904595e9bbf9f00a1774ecc6f1fd643b4f6efe12a12772557ecb34,indian,1,dev
common_voice_en_19673780.mp3,b2518ede07b4ee8631816ef89d0c1f23464f8d471afd1c6c31120f356337ac50d9fe6b723e904595e9bbf9f00a1774ecc6f1fd643b4f6efe12a12772557ecb34,indian,1,dev
common_voice_en_19673782.mp3,b2518ede07b4ee8631816ef89d0c1f23464f8d471afd1c6c31120f356337ac50d9fe6b723e904595e9bbf9f00a1774ecc6f1fd643b4f6efe12a12772557ecb34,indian,1,dev
common_voice_en_34628490.mp3,b31560d573e25e9bd72b838752725a806d80aef52279cf523039fdb97ecba5b21106f62d20211d08b60718677a62ae1ee9721c9cc6c491e9627eff4f83d5c85c,indian,1,dev
common_voice_en_34628492.mp3,b31560d573e25e9bd72b838752725a806d80aef52279cf523039fdb97ecba5b21106f62d20211d08b60718677a62ae1ee9721c9cc6c491e9627eff4f83d5c85c,indian,1,dev
common_voice_en_34628496.mp3,b31560d573e25e9bd72b838752725a806d80aef52279cf523039fdb97ecba5b21106f62d20211d08b60718677a62ae1ee9721c9cc6c491e9627eff4f83d5c85c,indian,1,dev
common_voice_en_23937581.mp3,b3a9d00791dae63b944756627fdb96c21c53f4d69beef3a56780607d83e56d0a6faf52d5d704c925bb323f8b2c9a168a87c2cd94fcc3d3abf6b034c9e7f5cd77,indian,1,dev
common_voice_en_23937582.mp3,b3a9d00791dae63b944756627fdb96c21c53f4d69beef3a56780607d83e56d0a6faf52d5d704c925bb323f8b2c9a168a87c2cd94fcc3d3abf6b034c9e7f5cd77,indian,1,dev
common_voice_en_23937585.mp3,b3a9d00791dae63b944756627fdb96c21c53f4d69beef3a56780607d83e56d0a6faf52d5d704c925bb323f8b2c9a168a87c2cd94fcc3d3abf6b034c9e7f5cd77,indian,1,dev
common_voice_en_36376465.mp3,b67a0779b6ed15025b47d6af8979877df511a70f6605cb29d5cfd9c240d0e60e5762bb2c486546e366afb69f5d2be25006e7a4dda94115e85013c2ddd55ac679,indian,1,dev
common_voice_en_36376466.mp3,b67a0779b6ed15025b47d6af8979877df511a70f6605cb29d5cfd9c240d0e60e5762bb2c486546e366afb69f5d2be25006e7a4dda94115e85013c2ddd55ac679,indian,1,dev
common_voice_en_36376467.mp3,b67a0779b6ed15025b47d6af8979877df511a70f6605cb29d5cfd9c240d0e60e5762bb2c486546e366afb69f5d2be25006e7a4dda94115e85013c2ddd55ac679,indian,1,dev
common_voice_en_20045134.mp3,b689d8a768d32c81ca3910ca8ccba55139716c31e9c1371974229fb284c5af7cf285055d39641132c6c7da26b885f1e48155c27b3b338090f6ed2687b4b8d5d3,indian,1,dev
common_voice_en_20045135.mp3,b689d8a768d32c81ca3910ca8ccba55139716c31e9c1371974229fb284c5af7cf285055d39641132c6c7da26b885f1e48155c27b3b338090f6ed2687b4b8d5d3,indian,1,dev
common_voice_en_20045136.mp3,b689d8a768d32c81ca3910ca8ccba55139716c31e9c1371974229fb284c5af7cf285055d39641132c6c7da26b885f1e48155c27b3b338090f6ed2687b4b8d5d3,indian,1,dev
common_voice_en_26951260.mp3,b6e8e71dc9f920ccd621baeb24c301812228a69f8d91e8f09a3790e2e5678f445d09c5b7940194e444547ffcecfa01df100d2a7794244d32a70fbb11ca81becc,us,2,dev
common_voice_en_26951261.mp3,b6e8e71dc9f920ccd621baeb24c301812228a69f8d91e8f09a3790e2e5678f445d09c5b7940194e444547ffcecfa01df100d2a7794244d32a70fbb11ca81becc,us,2,dev
common_voice_en_26951264.mp3,b6e8e71dc9f920ccd621baeb24c301812228a69f8d91e8f09a3790e2e5678f445d09c5b7940194e444547ffcecfa01df100d2a7794244d32a70fbb11ca81becc,us,2,dev
common_voice_en_17969258.mp3,b7477019f56a5d6e77325e64f4d1847ee06ef924fe297a9d5e934ea595a8ebe63601a0261055cfce42eaf0ebd47f4f2fd68a5d07d4b79dce597ea78b2d691fe0,us,2,dev
common_voice_en_20964091.mp3,b7e8c8f4bec26224a9f242b6f998e13e84292e12467fa77ab6a85b76626a2dde72b4a3d5afb0f1fd96008eeba74be5e1ae1aaf379b6a63bf2df2425cb1641b99,us,2,dev
common_voice_en_20964092.mp3,b7e8c8f4bec26224a9f242b6f998e13e84292e12467fa77ab6a85b76626a2dde72b4a3d5afb0f1fd96008eeba74be5e1ae1aaf379b6a63bf2df2425cb1641b99,us,2,dev
common_voice_en_20964095.mp3,b7e8c8f4bec26224a9f242b6f998e13e84292e12467fa77ab6a85b76626a2dde72b4a3d5afb0f1fd96008eeba74be5e1ae1aaf379b6a63bf2df2425cb1641b99,us,2,dev
common_voice_en_19401123.mp3,b9744a9b867832b8b39b4326656b5f64364c8b4a7604936eb0707eb12b8e3172aa21d94ab95946e4b84d2173e2f13ce9f084f40d395c8af8d6408e9dedc4815c,us,2,dev
common_voice_en_19401124.mp3,b9744a9b867832b8b39b4326656b5f64364c8b4a7604936eb0707eb12b8e3172aa21d94ab95946e4b84d2173e2f13ce9f084f40d395c8af8d6408e9dedc4815c,us,2,dev
common_voice_en_19401125.mp3,b9744a9b867832b8b39b4326656b5f64364c8b4a7604936eb0707eb12b8e3172aa21d94ab95946e4b84d2173e2f13ce9f084f40d395c8af8d6408e9dedc4815c,us,2,dev
common_voice_en_28456600.mp3,b978c4d12b49a8048c3421f7a3a04f230fa85ad12757900238c6edf03497acf1ccfff14aa081d82cbfcbbcd1d90c3414acad08d5e1bbab3a74c4e34f87817369,indian,1,dev
common_voice_en_28456602.mp3,b978c4d12b49a8048c3421f7a3a04f230fa85ad12757900238c6edf03497acf1ccfff14aa081d82cbfcbbcd1d90c3414acad08d5e1bbab3a74c4e34f87817369,indian,1,dev
common_voice_en_28456603.mp3,b978c4d12b49a8048c3421f7a3a04f230fa85ad12757900238c6edf03497acf1ccfff14aa081d82cbfcbbcd1d90c3414acad08d5e1bbab3a74c4e34f87817369,indian,1,dev
common_voice_en_35346565.mp3,b98401925b04390c71ba9cb79f76a0048654fe66da09406d1224d13ea2bc3f83c183d2d044cd789f79d3b2a70f9477fe602588ed342815c1b8f6e490964d98a0,indian,1,dev
common_voice_en_35346569.mp3,b98401925b04390c71ba9cb79f76a0048654fe66da09406d1224d13ea2bc3f83c183d2d044cd789f79d3b2a70f9477fe602588ed342815c1b8f6e490964d98a0,indian,1,dev
common_voice_en_35346571.mp3,b98401925b04390c71ba9cb79f76a0048654fe66da09406d1224d13ea2bc3f83c183d2d044cd789f79d3b2a70f9477fe602588ed342815c1b8f6e490964d98a0,indian,1,dev
common_voice_en_315250.mp3,b9d7e111d39f3847baf7f65e50f2817779b823a8b6ee8bcff74c9689181ca86f7ced00d8ea2d671028cd350935cf85b6fb8cce5ed2efdea2c6669fc799b7bcd6,england,0,dev
common_voice_en_32233084.mp3,bafe6f99fffb941ad1b2cefeaf232134a85fcd4053fefeaff49a859a4c036b59812907c20950ae5a82cd104b9028d41daf93606c77a3af677e4e67218554de59,us,2,dev
common_voice_en_32233086.mp3,bafe6f99fffb941ad1b2cefeaf232134a85fcd4053fefeaff49a859a4c036b59812907c20950ae5a82cd104b9028d41daf93606c77a3af677e4e67218554de59,us,2,dev
common_voice_en_32233091.mp3,bafe6f99fffb941ad1b2cefeaf232134a85fcd4053fefeaff49a859a4c036b59812907c20950ae5a82cd104b9028d41daf93606c77a3af677e4e67218554de59,us,2,dev
common_voice_en_23687192.mp3,bb9fee0f763db4a7d1e3489e67533e6d1a75eb0033411022d7faccdfc823849e9d962dc3efdd9d091d6ed8dc2a3a1e30e8a6cd186d2151f05c2285efd0b77d06,indian,1,dev
common_voice_en_23687193.mp3,bb9fee0f763db4a7d1e3489e67533e6d1a75eb0033411022d7faccdfc823849e9d962dc3efdd9d091d6ed8dc2a3a1e30e8a6cd186d2151f05c2285efd0b77d06,indian,1,dev
common_voice_en_23687194.mp3,bb9fee0f763db4a7d1e3489e67533e6d1a75eb0033411022d7faccdfc823849e9d962dc3efdd9d091d6ed8dc2a3a1e30e8a6cd186d2151f05c2285efd0b77d06,indian,1,dev
common_voice_en_32640127.mp3,bd5754e285f190a50c790c5f429f0dd538044d199cd60a5f0110afe9013be65e6e09e066a4722f899fcf54d0e1a20065135d458016c460af0f089dbd6cf8db1f,england,0,dev
common_voice_en_32640129.mp3,bd5754e285f190a50c790c5f429f0dd538044d199cd60a5f0110afe9013be65e6e09e066a4722f899fcf54d0e1a20065135d458016c460af0f089dbd6cf8db1f,england,0,dev
common_voice_en_32640132.mp3,bd5754e285f190a50c790c5f429f0dd538044d199cd60a5f0110afe9013be65e6e09e066a4722f899fcf54d0e1a20065135d458016c460af0f089dbd6cf8db1f,england,0,dev
common_voice_en_19664662.mp3,c0906f0e8485317b042aaca13e8a95a641a57aaee712fead9d473a7dbc1466bb34f45299ed81b779a86e8d690a22bbc9d29dae1316b2905b9ae185a907d922a0,us,2,dev
common_voice_en_19664663.mp3,c0906f0e8485317b042aaca13e8a95a641a57aaee712fead9d473a7dbc1466bb34f45299ed81b779a86e8d690a22bbc9d29dae1316b2905b9ae185a907d922a0,us,2,dev
common_voice_en_19664675.mp3,c0906f0e8485317b042aaca13e8a95a641a57aaee712fead9d473a7dbc1466bb34f45299ed81b779a86e8d690a22bbc9d29dae1316b2905b9ae185a907d922a0,us,2,dev
common_voice_en_17881198.mp3,c13fa2db97aa81cfc7cdd8abfa78f7d90cfe3182a9b5faeba11c133ec8243102a1addf31a5b110d1bb96599fa09536fe26fd5997899d3109f6c03b0a9167610c,england,0,dev
common_voice_en_17881200.mp3,c13fa2db97aa81cfc7cdd8abfa78f7d90cfe3182a9b5faeba11c133ec8243102a1addf31a5b110d1bb96599fa09536fe26fd5997899d3109f6c03b0a9167610c,england,0,dev
common_voice_en_25205664.mp3,c191e89b774827b08f6e4b2057b79208b9c246b7005d1b498e1360a89b8e0801f084c04942a75581a81509379adb0e657142a4c4c1c2f863582f3f872fe7240d,indian,1,dev
common_voice_en_25205665.mp3,c191e89b774827b08f6e4b2057b79208b9c246b7005d1b498e1360a89b8e0801f084c04942a75581a81509379adb0e657142a4c4c1c2f863582f3f872fe7240d,indian,1,dev
common_voice_en_25205666.mp3,c191e89b774827b08f6e4b2057b79208b9c246b7005d1b498e1360a89b8e0801f084c04942a75581a81509379adb0e657142a4c4c1c2f863582f3f872fe7240d,indian,1,dev
common_voice_en_429149.mp3,c28fe20b5df08e6be3b9181a5012976399633f2bb1682352f132e57a3b9274e3e3e0227a8a49cced28b093cf3e68edc27d265180857d93abe5704ad6dd6edc2e,us,2,dev
common_voice_en_429150.mp3,c28fe20b5df08e6be3b9181a5012976399633f2bb1682352f132e57a3b9274e3e3e0227a8a49cced28b093cf3e68edc27d265180857d93abe5704ad6dd6edc2e,us,2,dev
common_voice_en_38751631.mp3,c36b2e51ecce8daf5cafba1c6f65da0219b2a17ef26ee818880f5a44a06ce2274682ba91506d5a056e2b901711fff91ca60bdcc5e8c35193d55bbec4f0dc5f93,us,2,dev
common_voice_en_38751633.mp3,c36b2e51ecce8daf5cafba1c6f65da0219b2a17ef26ee818880f5a44a06ce2274682ba91506d5a056e2b901711fff91ca60bdcc5e8c35193d55bbec4f0dc5f93,us,2,dev
common_voice_en_38751650.mp3,c36b2e51ecce8daf5cafba1c6f65da0219b2a17ef26ee818880f5a44a06ce2274682ba91506d5a056e2b901711fff91ca60bdcc5e8c35193d55bbec4f0dc5f93,us,2,dev
common_voice_en_3630201.mp3,c461dceddbfe451de07b67c8aa7a48652153d92a9ba198a932c5c8b496a640a83a80fd160c46527572112a7d93015751e2eb3ea50d4a89b79d232159f2fa9a0b,indian,1,dev
common_voice_en_3630203.mp3,c461dceddbfe451de07b67c8aa7a48652153d92a9ba198a932c5c8b496a640a83a80fd160c46527572112a7d93015751e2eb3ea50d4a89b79d232159f2fa9a0b,indian,1,dev
common_voice_en_18878440.mp3,c652a06a0c4902f57967467889331f64bfbd59c4efe76970020e48d32a3f8ebc42e72ee5458977b43edf3cac91114b713e0438e3df027447fc942900a90734ae,england,0,dev
common_voice_en_18878442.mp3,c652a06a0c4902f57967467889331f64bfbd59c4efe76970020e48d32a3f8ebc42e72ee5458977b43edf3cac91114b713e0438e3df027447fc942900a90734ae,england,0,dev
common_voice_en_18878443.mp3,c652a06a0c4902f57967467889331f64bfbd59c4efe76970020e48d32a3f8ebc42e72ee5458977b43edf3cac91114b713e0438e3df027447fc942900a90734ae,england,0,dev
common_voice_en_18124732.mp3,c714d1df3d93ac3a25d4d2fe362c940ddd91a59d237bf5771cb1433fd6207f74afebec155f01421497fa9ab586eb9ab67bda1c7486c92477ed23ed74fed2324b,us,2,dev
common_voice_en_36832243.mp3,c736cd74b6716a616a65d203d34e2b740f00d7cda02853974b6763002077fff3c6ad8b700ea3550b7f30b2a92479f5520faf445336d37d657b9eef67ad14761c,us,2,dev
common_voice_en_36832244.mp3,c736cd74b6716a616a65d203d34e2b740f00d7cda02853974b6763002077fff3c6ad8b700ea3550b7f30b2a92479f5520faf445336d37d657b9eef67ad14761c,us,2,dev
common_voice_en_36832246.mp3,c736cd74b6716a616a65d203d34e2b740f00d7cda02853974b6763002077fff3c6ad8b700ea3550b7f30b2a92479f5520faf445336d37d657b9eef67ad14761c,us,2,dev
common_voice_en_25650918.mp3,c74c1b13b288446a60226c900f946472ad1b84441c266403e3ae51c339e035ab43ca91664816f7a6a82f9cd5c1d0c78179b84b40c08513c644ad3d474421f968,us,2,dev
common_voice_en_25650919.mp3,c74c1b13b288446a60226c900f946472ad1b84441c266403e3ae51c339e035ab43ca91664816f7a6a82f9cd5c1d0c78179b84b40c08513c644ad3d474421f968,us,2,dev
common_voice_en_25650921.mp3,c74c1b13b288446a60226c900f946472ad1b84441c266403e3ae51c339e035ab43ca91664816f7a6a82f9cd5c1d0c78179b84b40c08513c644ad3d474421f968,us,2,dev
common_voice_en_24819368.mp3,c96e689ae7557f2588fdef726055541b471f6009b4000035ee4e94a2cc920da43cf92b9a9d7a1b78f3218631bf0547861b5c3ee6dd69c6b573518448af9a1372,us,2,dev
common_voice_en_24819370.mp3,c96e689ae7557f2588fdef726055541b471f6009b4000035ee4e94a2cc920da43cf92b9a9d7a1b78f3218631bf0547861b5c3ee6dd69c6b573518448af9a1372,us,2,dev
common_voice_en_24819372.mp3,c96e689ae7557f2588fdef726055541b471f6009b4000035ee4e94a2cc920da43cf92b9a9d7a1b78f3218631bf0547861b5c3ee6dd69c6b573518448af9a1372,us,2,dev
common_voice_en_36456234.mp3,ca02768e602f3da37872d875326a661538bbedfd1e7b1cd9e29b7f8ca0b7870a6e36d1987fd83580fe5cbd8b173c029d7d78dae61cd5b46f0df184552b391dc6,indian,1,dev
common_voice_en_36456235.mp3,ca02768e602f3da37872d875326a661538bbedfd1e7b1cd9e29b7f8ca0b7870a6e36d1987fd83580fe5cbd8b173c029d7d78dae61cd5b46f0df184552b391dc6,indian,1,dev
common_voice_en_36456237.mp3,ca02768e602f3da37872d875326a661538bbedfd1e7b1cd9e29b7f8ca0b7870a6e36d1987fd83580fe5cbd8b173c029d7d78dae61cd5b46f0df184552b391dc6,indian,1,dev
common_voice_en_21352017.mp3,cadc4006fa783097b52bc436ff84d3ccc6d951778a8b97f2a4b63e01f1ad36fd83e22df2d6dececb61cecc1673e2b5680247b6c48009c39b239697525ff47cb3,us,2,dev
common_voice_en_21352019.mp3,cadc4006fa783097b52bc436ff84d3ccc6d951778a8b97f2a4b63e01f1ad36fd83e22df2d6dececb61cecc1673e2b5680247b6c48009c39b239697525ff47cb3,us,2,dev
common_voice_en_21352021.mp3,cadc4006fa783097b52bc436ff84d3ccc6d951778a8b97f2a4b63e01f1ad36fd83e22df2d6dececb61cecc1673e2b5680247b6c48009c39b239697525ff47cb3,us,2,dev
common_voice_en_1027059.mp3,cb5bd9ad996218619531511ae2600aa61055005f910e7c8719464fc75fb5366aaee9d3e6a9307934a3322107c9a226e598e806c3b2b8acfc9c1560f6b40dc337,us,2,dev
common_voice_en_33792881.mp3,cc80547a53bb438cc7a0b4bfa3416ba5e4ec582057934adba2a10cca112c31433ff11ad6533d8d19a5a9737470906efb059df8c175a70944315e6650cf474073,indian,1,dev
common_voice_en_33792882.mp3,cc80547a53bb438cc7a0b4bfa3416ba5e4ec582057934adba2a10cca112c31433ff11ad6533d8d19a5a9737470906efb059df8c175a70944315e6650cf474073,indian,1,dev
common_voice_en_33792884.mp3,cc80547a53bb438cc7a0b4bfa3416ba5e4ec582057934adba2a10cca112c31433ff11ad6533d8d19a5a9737470906efb059df8c175a70944315e6650cf474073,indian,1,dev
common_voice_en_24717394.mp3,cdb2bdd0dfdfc1de3618b690e146ea914dc15518d09621689582becc04491b6569c3a42ba8d0c12db5654111d095988085de57394dc3a3f59f781ad5b84b11e9,england,0,dev
common_voice_en_24717395.mp3,cdb2bdd0dfdfc1de3618b690e146ea914dc15518d09621689582becc04491b6569c3a42ba8d0c12db5654111d095988085de57394dc3a3f59f781ad5b84b11e9,england,0,dev
common_voice_en_24717398.mp3,cdb2bdd0dfdfc1de3618b690e146ea914dc15518d09621689582becc04491b6569c3a42ba8d0c12db5654111d095988085de57394dc3a3f59f781ad5b84b11e9,england,0,dev
common_voice_en_33378405.mp3,d07ef3e4750e1f10922c48f9015ac232212e2e30c4629c5fa168a073d7cb46433a24a00f3f1d3c9ddf0bb68a65934db005a3c46953515cbd48cce6cec88be8a6,england,0,dev
common_voice_en_33378406.mp3,d07ef3e4750e1f10922c48f9015ac232212e2e30c4629c5fa168a073d7cb46433a24a00f3f1d3c9ddf0bb68a65934db005a3c46953515cbd48cce6cec88be8a6,england,0,dev
common_voice_en_33378407.mp3,d07ef3e4750e1f10922c48f9015ac232212e2e30c4629c5fa168a073d7cb46433a24a00f3f1d3c9ddf0bb68a65934db005a3c46953515cbd48cce6cec88be8a6,england,0,dev
common_voice_en_557492.mp3,d0e828a94294fafae049a30e1f2d3e84aaece28acbe36813003e2ead3f2c32a521efbbb2a6a68aef8224da4f467837aa77770456f927c72ba12e02ce343dee6a,us,2,dev
common_voice_en_36930218.mp3,d1b040d96aeadb9e07a51994cb6b7db3b52772a56556ec67c228323010985f6c3a1c7f16a56a66346aab347e2087b996b3357d9222b7506cd1225fa99c81c5c2,us,2,dev
common_voice_en_36930219.mp3,d1b040d96aeadb9e07a51994cb6b7db3b52772a56556ec67c228323010985f6c3a1c7f16a56a66346aab347e2087b996b3357d9222b7506cd1225fa99c81c5c2,us,2,dev
common_voice_en_36930221.mp3,d1b040d96aeadb9e07a51994cb6b7db3b52772a56556ec67c228323010985f6c3a1c7f16a56a66346aab347e2087b996b3357d9222b7506cd1225fa99c81c5c2,us,2,dev
common_voice_en_22525318.mp3,d20992e4859b26aade36acc766836ea51ade3c70f71cccd2a46f887be4bf922b5f86e893c3fde76a2fecc6e3db20e4318ef8a3777ef4f67f3b0a392baaa0e4ad,us,2,dev
common_voice_en_22525329.mp3,d20992e4859b26aade36acc766836ea51ade3c70f71cccd2a46f887be4bf922b5f86e893c3fde76a2fecc6e3db20e4318ef8a3777ef4f67f3b0a392baaa0e4ad,us,2,dev
common_voice_en_22528249.mp3,d20992e4859b26aade36acc766836ea51ade3c70f71cccd2a46f887be4bf922b5f86e893c3fde76a2fecc6e3db20e4318ef8a3777ef4f67f3b0a392baaa0e4ad,us,2,dev
common_voice_en_65557.mp3,d28566a5d710dbd7e6c2ab4686ad5bd22ec86588a3abd11cefe0e93182e39a6f9da80550916fadb13e5ef051c7819e5aa5fc2e0ebbddc1b847c14926106c3fe3,indian,1,dev
common_voice_en_65559.mp3,d28566a5d710dbd7e6c2ab4686ad5bd22ec86588a3abd11cefe0e93182e39a6f9da80550916fadb13e5ef051c7819e5aa5fc2e0ebbddc1b847c14926106c3fe3,indian,1,dev
common_voice_en_25363323.mp3,d30e81efe3e1cdacfd442bcdc2e5d9c5b3564ee5aa45bf9856a1cb1df94743d6d0ee2bb19cbfbc6b4d53ed34a8204df59fb7f3c1200b5ff37c552870fb865095,us,2,dev
common_voice_en_25363324.mp3,d30e81efe3e1cdacfd442bcdc2e5d9c5b3564ee5aa45bf9856a1cb1df94743d6d0ee2bb19cbfbc6b4d53ed34a8204df59fb7f3c1200b5ff37c552870fb865095,us,2,dev
common_voice_en_25363325.mp3,d30e81efe3e1cdacfd442bcdc2e5d9c5b3564ee5aa45bf9856a1cb1df94743d6d0ee2bb19cbfbc6b4d53ed34a8204df59fb7f3c1200b5ff37c552870fb865095,us,2,dev
common_voice_en_36696070.mp3,d3e98b5f2f4aaa1e04dd458379371a0a82277843a01da265a07d8615efbf2f04a422f41095e43b0c2c55d01757628362568cc07478ede70e5db24acc03491b7c,us,2,dev
common_voice_en_36696072.mp3,d3e98b5f2f4aaa1e04dd458379371a0a82277843a01da265a07d8615efbf2f04a422f41095e43b0c2c55d01757628362568cc07478ede70e5db24acc03491b7c,us,2,dev
common_voice_en_36696074.mp3,d3e98b5f2f4aaa1e04dd458379371a0a82277843a01da265a07d8615efbf2f04a422f41095e43b0c2c55d01757628362568cc07478ede70e5db24acc03491b7c,us,2,dev
common_voice_en_37066945.mp3,d496b56ef98cba39c50c8ebefd2a64de162a23d561e487c01b9cdf5b5dca941538763b733bb91bf834143d127be8afb38b840e73e02684dffab1562ed3b862bf,indian,1,dev
common_voice_en_37066947.mp3,d496b56ef98cba39c50c8ebefd2a64de162a23d561e487c01b9cdf5b5dca941538763b733bb91bf834143d127be8afb38b840e73e02684dffab1562ed3b862bf,indian,1,dev
common_voice_en_37066949.mp3,d496b56ef98cba39c50c8ebefd2a64de162a23d561e487c01b9cdf5b5dca941538763b733bb91bf834143d127be8afb38b840e73e02684dffab1562ed3b862bf,indian,1,dev
common_voice_en_532681.mp3,d5bf891db1ddb3b35605ad41f6b3f1bd25697b9d90506d9eb934a27c210ce4e86d26f732bf61b68ab540f8dbcdd1b1234fb9ae4c2cb4363f2d962a1707bb00b2,indian,1,dev
common_voice_en_691043.mp3,d698c10939fba2232452f9049347a426f9c4c1f567c38eac2be8264dd8365e785e9b081ef02e9207ac17958799ee48a8e21b2467b735de0e342fa40ace819cd9,us,2,dev
common_voice_en_691044.mp3,d698c10939fba2232452f9049347a426f9c4c1f567c38eac2be8264dd8365e785e9b081ef02e9207ac17958799ee48a8e21b2467b735de0e342fa40ace819cd9,us,2,dev
common_voice_en_691045.mp3,d698c10939fba2232452f9049347a426f9c4c1f567c38eac2be8264dd8365e785e9b081ef02e9207ac17958799ee48a8e21b2467b735de0e342fa40ace819cd9,us,2,dev
common_voice_en_37521397.mp3,d7df22b5c52788c6fcfef58b08a5521b82851870ef6eea87e3b46bdc85c3558350299f8ee838728db318671c7a188946eaeea2f63f198016f3545d8dd4c8bc9a,us,2,dev
common_voice_en_37521398.mp3,d7df22b5c52788c6fcfef58b08a5521b82851870ef6eea87e3b46bdc85c3558350299f8ee838728db318671c7a188946eaeea2f63f198016f3545d8dd4c8bc9a,us,2,dev
common_voice_en_37521401.mp3,d7df22b5c52788c6fcfef58b08a5521b82851870ef6eea87e3b46bdc85c3558350299f8ee838728db318671c7a188946eaeea2f63f198016f3545d8dd4c8bc9a,us,2,dev
common_voice_en_18877784.mp3,d81bef8393f35d5547a48f6869d5421df474d947ffd2cd470bcb49d9d8c4bf632431b88dc2775cfa28c95c32faf43d0e4631f128171ff0531fb37915a91d9701,us,2,dev
common_voice_en_18877786.mp3,d81bef8393f35d5547a48f6869d5421df474d947ffd2cd470bcb49d9d8c4bf632431b88dc2775cfa28c95c32faf43d0e4631f128171ff0531fb37915a91d9701,us,2,dev
common_voice_en_18877788.mp3,d81bef8393f35d5547a48f6869d5421df474d947ffd2cd470bcb49d9d8c4bf632431b88dc2775cfa28c95c32faf43d0e4631f128171ff0531fb37915a91d9701,us,2,dev
common_voice_en_35011968.mp3,dcec0f9890a5776d9221db3e42c7e90518eab14eb96f573508db919d9294fa643db27f59f1db1e0b83b316c4ca4ffd211b217638fd699ad5824da788615c7352,us,2,dev
common_voice_en_35011969.mp3,dcec0f9890a5776d9221db3e42c7e90518eab14eb96f573508db919d9294fa643db27f59f1db1e0b83b316c4ca4ffd211b217638fd699ad5824da788615c7352,us,2,dev
common_voice_en_35011971.mp3,dcec0f9890a5776d9221db3e42c7e90518eab14eb96f573508db919d9294fa643db27f59f1db1e0b83b316c4ca4ffd211b217638fd699ad5824da788615c7352,us,2,dev
common_voice_en_26947045.mp3,e3553c8097f05637b1a27321fd4bff05d843f190271e510a142183f45d222ebe51e6c93d5de31f6d7d70eaed35ecc9a5b199be291569e5b08cd771c6caffac23,us,2,dev
common_voice_en_26947047.mp3,e3553c8097f05637b1a27321fd4bff05d843f190271e510a142183f45d222ebe51e6c93d5de31f6d7d70eaed35ecc9a5b199be291569e5b08cd771c6caffac23,us,2,dev
common_voice_en_26947050.mp3,e3553c8097f05637b1a27321fd4bff05d843f190271e510a142183f45d222ebe51e6c93d5de31f6d7d70eaed35ecc9a5b199be291569e5b08cd771c6caffac23,us,2,dev
common_voice_en_209911.mp3,e3599f708b9537dd788ba33967a8104904b0e9b7e2cb7c274eeef646284e7d0839b93cca4f7c4fb18ba82a68047bbd1df2e7ed8c3234c7800c862bfe59eda52a,us,2,dev
common_voice_en_209912.mp3,e3599f708b9537dd788ba33967a8104904b0e9b7e2cb7c274eeef646284e7d0839b93cca4f7c4fb18ba82a68047bbd1df2e7ed8c3234c7800c862bfe59eda52a,us,2,dev
common_voice_en_18899697.mp3,e3c86ee16b5f767a6b3c60b200f31ea6dabd0d532999705bac540cff11302dde97e52e8c19f86e95aef6fab77ab0c171dd285e076fad7490faac23fafda67ca5,england,0,dev
common_voice_en_18899698.mp3,e3c86ee16b5f767a6b3c60b200f31ea6dabd0d532999705bac540cff11302dde97e52e8c19f86e95aef6fab77ab0c171dd285e076fad7490faac23fafda67ca5,england,0,dev
common_voice_en_18899776.mp3,e3c86ee16b5f767a6b3c60b200f31ea6dabd0d532999705bac540cff11302dde97e52e8c19f86e95aef6fab77ab0c171dd285e076fad7490faac23fafda67ca5,england,0,dev
common_voice_en_17904705.mp3,e3e3f38ce698c4748601689c683f2a7676a3b310c1d4388e4402e7fcaa2d532c6ba31c54efeb09aba2d001d08b3853499fcc17717d9e5ba24979ce5ae09b25b1,us,2,dev
common_voice_en_19933803.mp3,e50a4932010f4d13496f3401bee424c6c8eb432277b00307d1646cabf955e08b8408f30d1925800a78bd0a82be5731f200f3f0f6bfc3ec4334843d855ef21212,england,0,dev
common_voice_en_19933842.mp3,e50a4932010f4d13496f3401bee424c6c8eb432277b00307d1646cabf955e08b8408f30d1925800a78bd0a82be5731f200f3f0f6bfc3ec4334843d855ef21212,england,0,dev
common_voice_en_19933857.mp3,e50a4932010f4d13496f3401bee424c6c8eb432277b00307d1646cabf955e08b8408f30d1925800a78bd0a82be5731f200f3f0f6bfc3ec4334843d855ef21212,england,0,dev
common_voice_en_32117455.mp3,e619ee35daa1a84f732d2804cbd175ee014c3d3a23fb3f4fee3aad92735c027c1d4f2d69fa049e761999c2aff3603cbfa2773c90f701660c55b391ba14eb5d38,england,0,dev
common_voice_en_32117456.mp3,e619ee35daa1a84f732d2804cbd175ee014c3d3a23fb3f4fee3aad92735c027c1d4f2d69fa049e761999c2aff3603cbfa2773c90f701660c55b391ba14eb5d38,england,0,dev
common_voice_en_32117457.mp3,e619ee35daa1a84f732d2804cbd175ee014c3d3a23fb3f4fee3aad92735c027c1d4f2d69fa049e761999c2aff3603cbfa2773c90f701660c55b391ba14eb5d38,england,0,dev
common_voice_en_615549.mp3,e7c26c8faf11e647d87432bcb3ea0e61438c47f20f7cf753e8c44e440140c90e1afc189435ab01b03144decf39cdaf846f66ae3392ba51c558cb939dd8b57eeb,indian,1,dev
common_voice_en_20452665.mp3,e801cf2d5c870a9108f8578f48c492e27ce18f44e2129956095e876c63c2dc5449dbe50e7a4e636c2b06514657aa4255939f9e03d9b76621c7209008c1b1cb1c,us,2,dev
common_voice_en_20452666.mp3,e801cf2d5c870a9108f8578f48c492e27ce18f44e2129956095e876c63c2dc5449dbe50e7a4e636c2b06514657aa4255939f9e03d9b76621c7209008c1b1cb1c,us,2,dev
common_voice_en_20452667.mp3,e801cf2d5c870a9108f8578f48c492e27ce18f44e2129956095e876c63c2dc5449dbe50e7a4e636c2b06514657aa4255939f9e03d9b76621c7209008c1b1cb1c,us,2,dev
common_voice_en_584909.mp3,e9d2bdfc44998d021cb7401dfe2e89f498ed6a566aa2b06bb6b8c915a0052532641f9176e887d2b423f9d0a5945b18293686e2b8ea193b860528cd8102ef61ff,england,0,dev
common_voice_en_584910.mp3,e9d2bdfc44998d021cb7401dfe2e89f498ed6a566aa2b06bb6b8c915a0052532641f9176e887d2b423f9d0a5945b18293686e2b8ea193b860528cd8102ef61ff,england,0,dev
common_voice_en_584911.mp3,e9d2bdfc44998d021cb7401dfe2e89f498ed6a566aa2b06bb6b8c915a0052532641f9176e887d2b423f9d0a5945b18293686e2b8ea193b860528cd8102ef61ff,england,0,dev
common_voice_en_19822993.mp3,ea2131fa0c8e4e5069ca9214d01477473218d78bf759a5848ffc42136e7c295aa2dfbae75ed491824e2d2d12d9a7ff5b333ffffbbc649c44b6ff328ca0284bbb,us,2,dev
common_voice_en_19822995.mp3,ea2131fa0c8e4e5069ca9214d01477473218d78bf759a5848ffc42136e7c295aa2dfbae75ed491824e2d2d12d9a7ff5b333ffffbbc649c44b6ff328ca0284bbb,us,2,dev
common_voice_en_19823001.mp3,ea2131fa0c8e4e5069ca9214d01477473218d78bf759a5848ffc42136e7c295aa2dfbae75ed491824e2d2d12d9a7ff5b333ffffbbc649c44b6ff328ca0284bbb,us,2,dev
common_voice_en_23417349.mp3,ea711732101f13f734666168d4cd25b9b102f7a5000a29fe2982a0dd597cf65955e062786cd7761c14b5b3d80b431eeaee7948cdcce32b11c47a1d09b6761846,indian,1,dev
common_voice_en_23417351.mp3,ea711732101f13f734666168d4cd25b9b102f7a5000a29fe2982a0dd597cf65955e062786cd7761c14b5b3d80b431eeaee7948cdcce32b11c47a1d09b6761846,indian,1,dev
common_voice_en_23417352.mp3,ea711732101f13f734666168d4cd25b9b102f7a5000a29fe2982a0dd597cf65955e062786cd7761c14b5b3d80b431eeaee7948cdcce32b11c47a1d09b6761846,indian,1,dev
common_voice_en_37507033.mp3,ea928cf6531a5443f4e7305f2297fb91d0439479a888804164b0b592cbd9b37e90b2e31c8c413a621c563ac87f5e4220c0257452992441d239187b3b93bfaf5d,us,2,dev
common_voice_en_37507034.mp3,ea928cf6531a5443f4e7305f2297fb91d0439479a888804164b0b592cbd9b37e90b2e31c8c413a621c563ac87f5e4220c0257452992441d239187b3b93bfaf5d,us,2,dev
common_voice_en_37507035.mp3,ea928cf6531a5443f4e7305f2297fb91d0439479a888804164b0b592cbd9b37e90b2e31c8c413a621c563ac87f5e4220c0257452992441d239187b3b93bfaf5d,us,2,dev
common_voice_en_538725.mp3,ec2e697f62440b3766dea5120a15353bf11c92008355e708b5a53b76a183e55b1d91ca39807096047e9a29ff478301c3e2bb216198bb6d629153afa61d3231cd,us,2,dev
common_voice_en_32538389.mp3,ed010a994259f890188c8699b4c91afe85f33bac82e9f1411d744031d6c82cc2169ca29e203087368417d7086717c676f39ce49153f76f6be132879c45b427ec,indian,1,dev
common_voice_en_32538390.mp3,ed010a994259f890188c8699b4c91afe85f33bac82e9f1411d744031d6c82cc2169ca29e203087368417d7086717c676f39ce49153f76f6be132879c45b427ec,indian,1,dev
common_voice_en_32538391.mp3,ed010a994259f890188c8699b4c91afe85f33bac82e9f1411d744031d6c82cc2169ca29e203087368417d7086717c676f39ce49153f76f6be132879c45b427ec,indian,1,dev
common_voice_en_18990240.mp3,ee9f0acc2cf71b7548304731fcb091c50cf6c805c5f3f452374da6b07eb1c1c6f8225ed44006289e96294bcd32c5df5bf0d6231131bdfb3082b3099168f68c1a,england,0,dev
common_voice_en_18990241.mp3,ee9f0acc2cf71b7548304731fcb091c50cf6c805c5f3f452374da6b07eb1c1c6f8225ed44006289e96294bcd32c5df5bf0d6231131bdfb3082b3099168f68c1a,england,0,dev
common_voice_en_18990243.mp3,ee9f0acc2cf71b7548304731fcb091c50cf6c805c5f3f452374da6b07eb1c1c6f8225ed44006289e96294bcd32c5df5bf0d6231131bdfb3082b3099168f68c1a,england,0,dev
common_voice_en_171532.mp3,f10ab695ba41eadc4d84f7701839c00829d70287ef5c6ea8bf63581ab509c9c63986bda21449e98789dbb11a8acadebb1a0844399c81651c326828370868f8a3,us,2,dev
common_voice_en_171534.mp3,f10ab695ba41eadc4d84f7701839c00829d70287ef5c6ea8bf63581ab509c9c63986bda21449e98789dbb11a8acadebb1a0844399c81651c326828370868f8a3,us,2,dev
common_voice_en_171537.mp3,f10ab695ba41eadc4d84f7701839c00829d70287ef5c6ea8bf63581ab509c9c63986bda21449e98789dbb11a8acadebb1a0844399c81651c326828370868f8a3,us,2,dev
