path,client_id,accent,label,source_split
common_voice_en_37211623.mp3,026d2144316a2ac0bc0872288def657af5bac642c6c1b8e8e50716d75629f7faf9c9b65b26a1240082d8be9d1106554a26c4c1bee3a7ceb34a9c2ec61909b885,us,2,dev
common_voice_en_37211625.mp3,026d2144316a2ac0bc0872288def657af5bac642c6c1b8e8e50716d75629f7faf9c9b65b26a1240082d8be9d1106554a26c4c1bee3a7ceb34a9c2ec61909b885,us,2,dev
common_voice_en_37211626.mp3,026d2144316a2ac0bc0872288def657af5bac642c6c1b8e8e50716d75629f7faf9c9b65b26a1240082d8be9d1106554a26c4c1bee3a7ceb34a9c2ec61909b885,us,2,dev
common_voice_en_31460308.mp3,02ac89fd3adb6d2a5483ccf3f7d04fc4463d2dfd30b3f30375d2f69f074360186942fe63993e96cf5af9f17f70616b9139122277f2fab93eb9956601d639b7bb,us,2,dev
common_voice_en_31460309.mp3,02ac89fd3adb6d2a5483ccf3f7d04fc4463d2dfd30b3f30375d2f69f074360186942fe63993e96cf5af9f17f70616b9139122277f2fab93eb9956601d639b7bb,us,2,dev
common_voice_en_31460312.mp3,02ac89fd3adb6d2a5483ccf3f7d04fc4463d2dfd30b3f30375d2f69f074360186942fe63993e96cf5af9f17f70616b9139122277f2fab93eb9956601d639b7bb,us,2,dev
common_voice_en_37465607.mp3,03830416636f10d0639ecb310029ed1b77e6365831d674f3a1d0a4aaadbb6f5e4735ca5cbcab2d0f532a4e54180c95dbce3f36e04c632af186c2b376f60c612a,us,2,dev
common_voice_en_37465608.mp3,03830416636f10d0639ecb310029ed1b77e6365831d674f3a1d0a4aaadbb6f5e4735ca5cbcab2d0f532a4e54180c95dbce3f36e04c632af186c2b376f60c612a,us,2,dev
common_voice_en_37465609.mp3,03830416636f10d0639ecb310029ed1b77e6365831d674f3a1d0a4aaadbb6f5e4735ca5cbcab2d0f532a4e54180c95dbce3f36e04c632af186c2b376f60c612a,us,2,dev
common_voice_en_20542865.mp3,038374fa91c8f2fb8efae8dfd7b42b78286a7d0b7d4179d92723e0a7293b7c259f56535fd93ae99272f7636a472ec6733f72dfd1fa8af737df40bc6505cb842b,england,0,dev
common_voice_en_20542866.mp3,038374fa91c8f2fb8efae8dfd7b42b78286a7d0b7d4179d92723e0a7293b7c259f56535fd93ae99272f7636a472ec6733f72dfd1fa8af737df40bc6505cb842b,england,0,dev
common_voice_en_20542869.mp3,038374fa91c8f2fb8efae8dfd7b42b78286a7d0b7d4179d92723e0a7293b7c259f56535fd93ae99272f7636a472ec6733f72dfd1fa8af737df40bc6505cb842b,england,0,dev
common_voice_en_30699809.mp3,03a616fd53fd0caf95b27ca0dee5facdc7473534ee4068a67a0bb96db736f81c2d7d7ed127e983c8e44ed8a92ae59cebed901495ab219b66203cebf6c22c0cac,england,0,dev
common_voice_en_30699821.mp3,03a616fd53fd0caf95b27ca0dee5facdc7473534ee4068a67a0bb96db736f81c2d7d7ed127e983c8e44ed8a92ae59cebed901495ab219b66203cebf6c22c0cac,england,0,dev
common_voice_en_30699823.mp3,03a616fd53fd0caf95b27ca0dee5facdc7473534ee4068a67a0bb96db736f81c2d7d7ed127e983c8e44ed8a92ae59cebed901495ab219b66203cebf6c22c0cac,england,0,dev
common_voice_en_380475.mp3,049467ce77e90de2450158724cb7f5dd5bbf7152dd6c8e5e294d2adc522a910ca273608c1943c64513a989f0432c107b7587bcbdcef42374541254389e6d1d23,us,2,dev
common_voice_en_482790.mp3,04fd69bb49a24619891eec1fee4bafb84455b9de6101c86e28d9aba1261bd1e9d3ffdfd877c37fedeb5e6182bf365a2bd1d67c43bf4c761048c86f6d60914edb,us,2,dev
common_voice_en_2462108.mp3,05008b93902a3e80e5a2c443d07ed5226e09c0b44b8c34a346c29916ee134bf1008a53d9af4b9778e284a65036aad7c3d0995b279928798a924901000e633fa8,us,2,dev
common_voice_en_2462110.mp3,05008b93902a3e80e5a2c443d07ed5226e09c0b44b8c34a346c29916ee134bf1008a53d9af4b9778e284a65036aad7c3d0995b279928798a924901000e633fa8,us,2,dev
common_voice_en_38570594.mp3,059e6e48ab8e9659233a4e32dbeadfbdd0c240e923977d06ea5de0f7c887318958a25a007d231d2b6b704f5fe5bf090e440ef5eb910a11e7523ce7b7ca726d08,us,2,dev
common_voice_en_38570596.mp3,059e6e48ab8e9659233a4e32dbeadfbdd0c240e923977d06ea5de0f7c887318958a25a007d231d2b6b704f5fe5bf090e440ef5eb910a11e7523ce7b7ca726d08,us,2,dev
common_voice_en_38570599.mp3,059e6e48ab8e9659233a4e32dbeadfbdd0c240e923977d06ea5de0f7c887318958a25a007d231d2b6b704f5fe5bf090e440ef5eb910a11e7523ce7b7ca726d08,us,2,dev
common_voice_en_13899.mp3,0650d4bae76c6c53de1f62d71f19754c5c999d9c42a4325d50784bc6d99de7abc0b6fcc8d7dce2feb3e0b289ed340e564a7255e912cde12b185ef2532a6e38cb,us,2,dev
common_voice_en_13901.mp3,0650d4bae76c6c53de1f62d71f19754c5c999d9c42a4325d50784bc6d99de7abc0b6fcc8d7dce2feb3e0b289ed340e564a7255e912cde12b185ef2532a6e38cb,us,2,dev
common_voice_en_37607969.mp3,06b6671a98b8bbdee86578cc34735cc229acdbdb489f1c0a3295ee66e60fab298cc841519309609518d7ca8ea4d15942539866571cd60013bb7570738c15ca14,us,2,dev
common_voice_en_37607971.mp3,06b6671a98b8bbdee86578cc34735cc229acdbdb489f1c0a3295ee66e60fab298cc841519309609518d7ca8ea4d15942539866571cd60013bb7570738c15ca14,us,2,dev
common_voice_en_37607972.mp3,06b6671a98b8bbdee86578cc34735cc229acdbdb489f1c0a3295ee66e60fab298cc841519309609518d7ca8ea4d15942539866571cd60013bb7570738c15ca14,us,2,dev
common_voice_en_35122043.mp3,08c96c28c2d7232e227cb6ea0d73404f420b994d50a8af498995464b0f8a4f48b312e58e8191b04da0b8d60f3301d280ec7d7b8f9b8a9ba00ffda89966e4280c,us,2,dev
common_voice_en_35122044.mp3,08c96c28c2d7232e227cb6ea0d73404f420b994d50a8af498995464b0f8a4f48b312e58e8191b04da0b8d60f3301d280ec7d7b8f9b8a9ba00ffda89966e4280c,us,2,dev
common_voice_en_35122045.mp3,08c96c28c2d7232e227cb6ea0d73404f420b994d50a8af498995464b0f8a4f48b312e58e8191b04da0b8d60f3301d280ec7d7b8f9b8a9ba00ffda89966e4280c,us,2,dev
common_voice_en_37000356.mp3,0b80585fb21a373fc830875c2b7faf628ee0bb6e9c53befb877e2ee3afb889c3c2c16661930f0b5e2ff25422eace3c3cf00cb594072dbbdfb82c9f114837113e,us,2,dev
common_voice_en_37000357.mp3,0b80585fb21a373fc830875c2b7faf628ee0bb6e9c53befb877e2ee3afb889c3c2c16661930f0b5e2ff25422eace3c3cf00cb594072dbbdfb82c9f114837113e,us,2,dev
common_voice_en_37000358.mp3,0b80585fb21a373fc830875c2b7faf628ee0bb6e9c53befb877e2ee3afb889c3c2c16661930f0b5e2ff25422eace3c3cf00cb594072dbbdfb82c9f114837113e,us,2,dev
common_voice_en_27101077.mp3,0c1289eb533af59ffb96099c160a7feea8e7eafc2f68cffc53d8e088c14343301b9a655f039d294208d8cd39bd5124c000977cde7188af321908423346860d6f,england,0,dev
common_voice_en_27101079.mp3,0c1289eb533af59ffb96099c160a7feea8e7eafc2f68cffc53d8e088c14343301b9a655f039d294208d8cd39bd5124c000977cde7188af321908423346860d6f,england,0,dev
common_voice_en_27101081.mp3,0c1289eb533af59ffb96099c160a7feea8e7eafc2f68cffc53d8e088c14343301b9a655f039d294208d8cd39bd5124c000977cde7188af321908423346860d6f,england,0,dev
common_voice_en_17761045.mp3,0c215eff16987b1c4206e07cde775d6ae4f9ed595bf3ceae74b69061de1c61fb9c2fd4f82827d022154b22f7b1ad74c11c95985dbf5389ebc24d682cb7c32868,indian,1,dev
common_voice_en_39832893.mp3,0debffd64018e6ec9b8706b996df4fdd7470774170f9d8da46600ad86d68f9e09a2f09d0dbfee4027ff7241c89ba1a3136cdfff40ad9c92f002c943a6f6e1a61,us,2,dev
common_voice_en_39832894.mp3,0debffd64018e6ec9b8706b996df4fdd7470774170f9d8da46600ad86d68f9e09a2f09d0dbfee4027ff7241c89ba1a3136cdfff40ad9c92f002c943a6f6e1a61,us,2,dev
common_voice_en_39832904.mp3,0debffd64018e6ec9b8706b996df4fdd7470774170f9d8da46600ad86d68f9e09a2f09d0dbfee4027ff7241c89ba1a3136cdfff40ad9c92f002c943a6f6e1a61,us,2,dev
common_voice_en_19774280.mp3,0e4b849e02cf3a92f37b40f678de5fba8c809de0ba6982701d974b617466f0ec3d5a783c0869fdaadf4a1f2948904492db3971c6c4329ffaf8942878bb5c3733,england,0,dev
common_voice_en_19774281.mp3,0e4b849e02cf3a92f37b40f678de5fba8c809de0ba6982701d974b617466f0ec3d5a783c0869fdaadf4a1f2948904492db3971c6c4329ffaf8942878bb5c3733,england,0,dev
common_voice_en_19774282.mp3,0e4b849e02cf3a92f37b40f678de5fba8c809de0ba6982701d974b617466f0ec3d5a783c0869fdaadf4a1f2948904492db3971c6c4329ffaf8942878bb5c3733,england,0,dev
common_voice_en_577107.mp3,0eda4a73c6679e8e6414cb88b804ec41685f864abdfa890ff00002394f4bd04c58ad2ad16c9face9b873bd340a5943454d465ef5f75c0d025528376ef3861712,us,2,dev
common_voice_en_18707935.mp3,10313ef9e29565c641871f0c54c796af6b91fe165951172d9eb8c01403adad32507b791d27c68ef6bea013365e886fc2ca7668b9c8f8f95810998266f7ccc655,us,2,dev
common_voice_en_18707936.mp3,10313ef9e29565c641871f0c54c796af6b91fe165951172d9eb8c01403adad32507b791d27c68ef6bea013365e886fc2ca7668b9c8f8f95810998266f7ccc655,us,2,dev
common_voice_en_18707937.mp3,10313ef9e29565c641871f0c54c796af6b91fe165951172d9eb8c01403adad32507b791d27c68ef6bea013365e886fc2ca7668b9c8f8f95810998266f7ccc655,us,2,dev
common_voice_en_19596803.mp3,10dfa6934d0b9c089d74b418d9c4e0f00382577f96e59c0ec657ed5f5b7f399fb5f4d34a6e19e0416a8cb1665ce644db5c3be6f96790ecc99e0756825e97abd4,indian,1,dev
common_voice_en_19596804.mp3,10dfa6934d0b9c089d74b418d9c4e0f00382577f96e59c0ec657ed5f5b7f399fb5f4d34a6e19e0416a8cb1665ce644db5c3be6f96790ecc99e0756825e97abd4,indian,1,dev
common_voice_en_19596806.mp3,10dfa6934d0b9c089d74b418d9c4e0f00382577f96e59c0ec657ed5f5b7f399fb5f4d34a6e19e0416a8cb1665ce644db5c3be6f96790ecc99e0756825e97abd4,indian,1,dev
common_voice_en_26659002.mp3,119403c3fd40b94fbda5c7d34bf30f75fef177b182e512f390ce68edb510e1a174e89d712a365643f2670856fad1b4ac62638ba2a8a5629cf3a43378541e638e,england,0,dev
common_voice_en_26659003.mp3,119403c3fd40b94fbda5c7d34bf30f75fef177b182e512f390ce68edb510e1a174e89d712a365643f2670856fad1b4ac62638ba2a8a5629cf3a43378541e638e,england,0,dev
common_voice_en_26659004.mp3,119403c3fd40b94fbda5c7d34bf30f75fef177b182e512f390ce68edb510e1a174e89d712a365643f2670856fad1b4ac62638ba2a8a5629cf3a43378541e638e,england,0,dev
common_voice_en_618217.mp3,1364f9556dd4f82f3344fba39287b4357c93e9df7791dd8e99f861eb2fd855d906894359b2811d26a8cfa707d7455e4ffd9465438d5dcde68b6c053087e1c23e,england,0,dev
common_voice_en_19588156.mp3,13c8a2ea7e2181e2c7a4eaced33391eb9bdbba25e9f02e57a52d07c0435073cd09abf9c58e4effcf04d3a6dae5c103ab00cf2ed8d058e54129e5ab4160c81901,us,2,dev
common_voice_en_19588157.mp3,13c8a2ea7e2181e2c7a4eaced33391eb9bdbba25e9f02e57a52d07c0435073cd09abf9c58e4effcf04d3a6dae5c103ab00cf2ed8d058e54129e5ab4160c81901,us,2,dev
common_voice_en_19588158.mp3,13c8a2ea7e2181e2c7a4eaced33391eb9bdbba25e9f02e57a52d07c0435073cd09abf9c58e4effcf04d3a6dae5c103ab00cf2ed8d058e54129e5ab4160c81901,us,2,dev
common_voice_en_32280983.mp3,13eae5875ac54e15688daff9ca6f5d4fe7b148e6389e5fdd885f5ef871b434745ea2db78741411b3b9f6604e13a6f0974c7384121e3377205f6bbeb4db1fb578,indian,1,dev
common_voice_en_32280984.mp3,13eae5875ac54e15688daff9ca6f5d4fe7b148e6389e5fdd885f5ef871b434745ea2db78741411b3b9f6604e13a6f0974c7384121e3377205f6bbeb4db1fb578,indian,1,dev
common_voice_en_32280986.mp3,13eae5875ac54e15688daff9ca6f5d4fe7b148e6389e5fdd885f5ef871b434745ea2db78741411b3b9f6604e13a6f0974c7384121e3377205f6bbeb4db1fb578,indian,1,dev
common_voice_en_36909874.mp3,160a0fdf80f001e3fb7112eb60c4e3a47126e94a9837ff5f2e5630c7f96a624a58c083cc169baa7fa464a3be30631593457a8008aa46e8a65901527e09e14122,england,0,dev
common_voice_en_36909876.mp3,160a0fdf80f001e3fb7112eb60c4e3a47126e94a9837ff5f2e5630c7f96a624a58c083cc169baa7fa464a3be30631593457a8008aa46e8a65901527e09e14122,england,0,dev
common_voice_en_36909877.mp3,160a0fdf80f001e3fb7112eb60c4e3a47126e94a9837ff5f2e5630c7f96a624a58c083cc169baa7fa464a3be30631593457a8008aa46e8a65901527e09e14122,england,0,dev
common_voice_en_25242060.mp3,1729e64068b79bbd061feb505a02cdb70dde4ea18f463fd57b3d25032eb5ac8f20e12f5d68c52754cd47f0919c96813ac40cb9f086862bbc75e2aee813b3cfb7,us,2,dev
common_voice_en_25242061.mp3,1729e64068b79bbd061feb505a02cdb70dde4ea18f463fd57b3d25032eb5ac8f20e12f5d68c52754cd47f0919c96813ac40cb9f086862bbc75e2aee813b3cfb7,us,2,dev
common_voice_en_25242072.mp3,1729e64068b79bbd061feb505a02cdb70dde4ea18f463fd57b3d25032eb5ac8f20e12f5d68c52754cd47f0919c96813ac40cb9f086862bbc75e2aee813b3cfb7,us,2,dev
common_voice_en_657949.mp3,17fb5f3d35d9dbc1e92f70426c8bfee176cbba9e4d4e44b1a4997bf9a1e3c822adc6a34d3f7c9b3b264c41e3f273b0d4c1d2c9c4b272c7cd42f65470da3d5505,us,2,dev
common_voice_en_535701.mp3,1810635411474b172d78f5c320874ad042ab80f06339f7198f49ce045cd0d9caf2b91b72f2d152e934c8c9c946a68c12de76f6314921725eb777060614169bc6,us,2,dev
common_voice_en_535702.mp3,1810635411474b172d78f5c320874ad042ab80f06339f7198f49ce045cd0d9caf2b91b72f2d152e934c8c9c946a68c12de76f6314921725eb777060614169bc6,us,2,dev
common_voice_en_535704.mp3,1810635411474b172d78f5c320874ad042ab80f06339f7198f49ce045cd0d9caf2b91b72f2d152e934c8c9c946a68c12de76f6314921725eb777060614169bc6,us,2,dev
common_voice_en_19636954.mp3,181ed4de75dc97d655caf9b5a91818eaeeb2c9c9d48ccf4f8d95cfebfd82a963d281b00b7bd621d1fc562e4c7ba459e1baa324ffeb69f4e0bdc09477842b3073,us,2,dev
common_voice_en_19636955.mp3,181ed4de75dc97d655caf9b5a91818eaeeb2c9c9d48ccf4f8d95cfebfd82a963d281b00b7bd621d1fc562e4c7ba459e1baa324ffeb69f4e0bdc09477842b3073,us,2,dev
common_voice_en_19636956.mp3,181ed4de75dc97d655caf9b5a91818eaeeb2c9c9d48ccf4f8d95cfebfd82a963d281b00b7bd621d1fc562e4c7ba459e1baa324ffeb69f4e0bdc09477842b3073,us,2,dev
common_voice_en_20893629.mp3,182a17e56f47df6aaa7c4291376caf4c57698ead0fad905b712b35e23dd87f0480f3a55a6c377013e35d62b9fd4476e9fec760fe1087bea69b0d3e9f6dda9299,us,2,dev
common_voice_en_20893630.mp3,182a17e56f47df6aaa7c4291376caf4c57698ead0fad905b712b35e23dd87f0480f3a55a6c377013e35d62b9fd4476e9fec760fe1087bea69b0d3e9f6dda9299,us,2,dev
common_voice_en_20893631.mp3,182a17e56f47df6aaa7c4291376caf4c57698ead0fad905b712b35e23dd87f0480f3a55a6c377013e35d62b9fd4476e9fec760fe1087bea69b0d3e9f6dda9299,us,2,dev
common_voice_en_18756631.mp3,18af2ec21768e9bbf50a55d156e29afd5d6fa19d7581bf5e2fe58cacde2ca2811065fd7168ae060a4697258176a5ae6b9cf3d03434f9155d40ec9ef528c692be,us,2,dev
common_voice_en_18756633.mp3,18af2ec21768e9bbf50a55d156e29afd5d6fa19d7581bf5e2fe58cacde2ca2811065fd7168ae060a4697258176a5ae6b9cf3d03434f9155d40ec9ef528c692be,us,2,dev
common_voice_en_18756634.mp3,18af2ec21768e9bbf50a55d156e29afd5d6fa19d7581bf5e2fe58cacde2ca2811065fd7168ae060a4697258176a5ae6b9cf3d03434f9155d40ec9ef528c692be,us,2,dev
common_voice_en_504872.mp3,19b87f73f88be6743c0ac8fb49710d7450d2c084b35e937ea32c05a762ce0509665097ce30e7f19fe47711fc84aaa5780a1dd2a6e634e86792c6df55335520e2,england,0,dev
common_voice_en_504873.mp3,19b87f73f88be6743c0ac8fb49710d7450d2c084b35e937ea32c05a762ce0509665097ce30e7f19fe47711fc84aaa5780a1dd2a6e634e86792c6df55335520e2,england,0,dev
common_voice_en_467876.mp3,1c5dea1c92fb90e14dbb87f219579e01e9f41987698f6ce15511b041d1e17cc2811da926382a7b2e1fbe240adae93d32a04b60bb4815e956a8a2163de19eb2b5,us,2,dev
common_voice_en_39809.mp3,1d92949514e94c9f2b7edc426f3f33006a6c697f190d7bbf7d39afb89d90031d1aa276cd68a284d7d65aa980a8f011199c3f54b5159c1774754345ded0c7e6a6,england,0,dev
common_voice_en_39810.mp3,1d92949514e94c9f2b7edc426f3f33006a6c697f190d7bbf7d39afb89d90031d1aa276cd68a284d7d65aa980a8f011199c3f54b5159c1774754345ded0c7e6a6,england,0,dev
common_voice_en_31510267.mp3,1e623b257f220851647e138f03bf7f18ece62f5d440c48725221e32b16d21bdbdecf5b79a016441a08d6fc4a125c19c596786bf91c798505c2e075d804a246d0,indian,1,dev
common_voice_en_31510273.mp3,1e623b257f220851647e138f03bf7f18ece62f5d440c48725221e32b16d21bdbdecf5b79a016441a08d6fc4a125c19c596786bf91c798505c2e075d804a246d0,indian,1,dev
common_voice_en_31510281.mp3,1e623b257f220851647e138f03bf7f18ece62f5d440c48725221e32b16d21bdbdecf5b79a016441a08d6fc4a125c19c596786bf91c798505c2e075d804a246d0,indian,1,dev
common_voice_en_21103439.mp3,1ec55d70d34287f6016839c7215d59fff8e59292a5716fe1d8a681aa3697f81aaa90ea8817d438a3aa54af2ebb4df1c8e958708ac4910368d648363879cc1869,us,2,dev
common_voice_en_21103443.mp3,1ec55d70d34287f6016839c7215d59fff8e59292a5716fe1d8a681aa3697f81aaa90ea8817d438a3aa54af2ebb4df1c8e958708ac4910368d648363879cc1869,us,2,dev
common_voice_en_21103446.mp3,1ec55d70d34287f6016839c7215d59fff8e59292a5716fe1d8a681aa3697f81aaa90ea8817d438a3aa54af2ebb4df1c8e958708ac4910368d648363879cc1869,us,2,dev
common_voice_en_37118272.mp3,1f17badc8787733b15453cca43a7732808f07284305abf5032b899ecf436ae8bd7b5ba75f396b653f753ba5056bc6feb92f6439ba8072a58d8e6f6fcd64f3040,england,0,dev
common_voice_en_37118273.mp3,1f17badc8787733b15453cca43a7732808f07284305abf5032b899ecf436ae8bd7b5ba75f396b653f753ba5056bc6feb92f6439ba8072a58d8e6f6fcd64f3040,england,0,dev
common_voice_en_37118274.mp3,1f17badc8787733b15453cca43a7732808f07284305abf5032b899ecf436ae8bd7b5ba75f396b653f753ba5056bc6feb92f6439ba8072a58d8e6f6fcd64f3040,england,0,dev
common_voice_en_27640778.mp3,200b3471fcb1d805e068594d1dc4b607da43da0355ad24fd44e5f311e87d233aebfa15b0da19c491f7a92db3844eb78c7258d8d6649f8e15d98e971aa6300e60,us,2,dev
common_voice_en_27640781.mp3,200b3471fcb1d805e068594d1dc4b607da43da0355ad24fd44e5f311e87d233aebfa15b0da19c491f7a92db3844eb78c7258d8d6649f8e15d98e971aa6300e60,us,2,dev
common_voice_en_27640783.mp3,200b3471fcb1d805e068594d1dc4b607da43da0355ad24fd44e5f311e87d233aebfa15b0da19c491f7a92db3844eb78c7258d8d6649f8e15d98e971aa6300e60,us,2,dev
common_voice_en_18740242.mp3,208327f9bb5737368cca9ee1b3c180740f70bd77ec660f6ae3c8fe51107b918ccf1a097d2da68ca160ac701822101ab835107f0c7032ff6dc3fa71dc9b2f0b15,us,2,dev
common_voice_en_18740243.mp3,208327f9bb5737368cca9ee1b3c180740f70bd77ec660f6ae3c8fe51107b918ccf1a097d2da68ca160ac701822101ab835107f0c7032ff6dc3fa71dc9b2f0b15,us,2,dev
common_voice_en_18740244.mp3,208327f9bb5737368cca9ee1b3c180740f70bd77ec660f6ae3c8fe51107b918ccf1a097d2da68ca160ac701822101ab835107f0c7032ff6dc3fa71dc9b2f0b15,us,2,dev
common_voice_en_2330.mp3,20fbc324e8af591eb89d6155e5e80bdc34ffbee3bc11afe4edbfdf2738dc9acf687638054501c2cd73fd4aa41cfb88d4703f5d6c3ad09a79689f9ad325ac4dbf,us,2,dev
common_voice_en_2331.mp3,20fbc324e8af591eb89d6155e5e80bdc34ffbee3bc11afe4edbfdf2738dc9acf687638054501c2cd73fd4aa41cfb88d4703f5d6c3ad09a79689f9ad325ac4dbf,us,2,dev
common_voice_en_137521.mp3,213d6d493c110fa1520924c57a84c89f23e6fbb5cf28ec138a0c2b786c8607fec7baf524482ba4f5a66c57bc23c8bbc68a67bff670d720570b113ecd89a338b0,us,2,dev
common_voice_en_137525.mp3,213d6d493c110fa1520924c57a84c89f23e6fbb5cf28ec138a0c2b786c8607fec7baf524482ba4f5a66c57bc23c8bbc68a67bff670d720570b113ecd89a338b0,us,2,dev
common_voice_en_581752.mp3,216e8d2407517c16977cbdf1cc7fdd81d9ca3ae55777178936101626129e4303cc9a3c6a984d6742556a6b5b5af9499ee270427314866e7d223ddbb1eb7fc2df,us,2,dev
common_voice_en_581754.mp3,216e8d2407517c16977cbdf1cc7fdd81d9ca3ae55777178936101626129e4303cc9a3c6a984d6742556a6b5b5af9499ee270427314866e7d223ddbb1eb7fc2df,us,2,dev
common_voice_en_17712750.mp3,21b50ddf9ff0764ea3eca9d219870b95ae12b60f5b9d2b89438b4f79744ff10f2478bae60f4f2078f1ff9e39a0f0dcf2432783c5bedb72d1efb62f966dfe5241,indian,1,dev
common_voice_en_19589926.mp3,225adff8ebbdfa24c2b26ac0ba748b126a6037a7934c41a57385afad1c51cd36ce41d00c688a8065ed46ca1d2064282a4bfcefa9ce8ead6e53197ac3e7a7d6b5,us,2,dev
common_voice_en_19589929.mp3,225adff8ebbdfa24c2b26ac0ba748b126a6037a7934c41a57385afad1c51cd36ce41d00c688a8065ed46ca1d2064282a4bfcefa9ce8ead6e53197ac3e7a7d6b5,us,2,dev
common_voice_en_19589930.mp3,225adff8ebbdfa24c2b26ac0ba748b126a6037a7934c41a57385afad1c51cd36ce41d00c688a8065ed46ca1d2064282a4bfcefa9ce8ead6e53197ac3e7a7d6b5,us,2,dev
common_voice_en_415168.mp3,2262bce3f21366999eaa4046951dbe3b6222df756b545fc3fda8c20e5a2a03d71728e676eee2122c8a347750fd486d5fa4620915f7ad2afb4fd7f08e4f808abd,us,2,dev
common_voice_en_19499255.mp3,2292dba82fe46955d8b0ced9e5c95ce18e4e6a2646fadfb0d6ae6ef21ebaa69bc1f42a7de432f69c6d1c73ffe7630f3a1acf1f45b06ff46df82c64518a0f3e6f,us,2,dev
common_voice_en_19499257.mp3,2292dba82fe46955d8b0ced9e5c95ce18e4e6a2646fadfb0d6ae6ef21ebaa69bc1f42a7de432f69c6d1c73ffe7630f3a1acf1f45b06ff46df82c64518a0f3e6f,us,2,dev
common_voice_en_19499259.mp3,2292dba82fe46955d8b0ced9e5c95ce18e4e6a2646fadfb0d6ae6ef21ebaa69bc1f42a7de432f69c6d1c73ffe7630f3a1acf1f45b06ff46df82c64518a0f3e6f,us,2,dev
common_voice_en_17917241.mp3,233a3e9c873d3f775ff64597a99a5b48188db4275a14e1c05927bab808bb79b03933ba91b367bc8c01b329390e255ab0288dfd8500084b04f881e62970ee2233,us,2,dev
common_voice_en_18996246.mp3,25099635b63bbf4b662e5116d89145fc65640a5c9d7a70f33d9d260ff5ce49244d90f460f2ba922b39bc91a86c4f797d50e66603805e40ab2e6bf195bee2b350,indian,1,dev
common_voice_en_18996249.mp3,25099635b63bbf4b662e5116d89145fc65640a5c9d7a70f33d9d260ff5ce49244d90f460f2ba922b39bc91a86c4f797d50e66603805e40ab2e6bf195bee2b350,indian,1,dev
common_voice_en_18996255.mp3,25099635b63bbf4b662e5116d89145fc65640a5c9d7a70f33d9d260ff5ce49244d90f460f2ba922b39bc91a86c4f797d50e66603805e40ab2e6bf195bee2b350,indian,1,dev
common_voice_en_19335211.mp3,25bb047dc3b126934b834143201df8d5c79b4e6b1a782ac47573f31a87964fb015ae3049b1b702b8d56b8ccaa80c257d040df4b3c70e01a71e064c00dae7240e,indian,1,dev
common_voice_en_19335213.mp3,25bb047dc3b126934b834143201df8d5c79b4e6b1a782ac47573f31a87964fb015ae3049b1b702b8d56b8ccaa80c257d040df4b3c70e01a71e064c00dae7240e,indian,1,dev
common_voice_en_19335215.mp3,25bb047dc3b126934b834143201df8d5c79b4e6b1a782ac47573f31a87964fb015ae3049b1b702b8d56b8ccaa80c257d040df4b3c70e01a71e064c00dae7240e,indian,1,dev
common_voice_en_20265090.mp3,25f8753961c6de26d3348d048fc39dc62f88baaa1827b006b1a63ab0c1c295cecabe6afc291e92abdcd6140af59044871c80f38ba04db4143ddad20d684f0e50,us,2,dev
common_voice_en_20265091.mp3,25f8753961c6de26d3348d048fc39dc62f88baaa1827b006b1a63ab0c1c295cecabe6afc291e92abdcd6140af59044871c80f38ba04db4143ddad20d684f0e50,us,2,dev
common_voice_en_20265094.mp3,25f8753961c6de26d3348d048fc39dc62f88baaa1827b006b1a63ab0c1c295cecabe6afc291e92abdcd6140af59044871c80f38ba04db4143ddad20d684f0e50,us,2,dev
common_voice_en_37228811.mp3,282887ea4684db582649f85525c491f08e6dd264795fa3b3b197a4627422985c67f0b88c9a124eef730517dc4d9e8c0fb724e57c83bba920e3593d4c05d41752,us,2,dev
common_voice_en_37228813.mp3,282887ea4684db582649f85525c491f08e6dd264795fa3b3b197a4627422985c67f0b88c9a124eef730517dc4d9e8c0fb724e57c83bba920e3593d4c05d41752,us,2,dev
common_voice_en_37228822.mp3,282887ea4684db582649f85525c491f08e6dd264795fa3b3b197a4627422985c67f0b88c9a124eef730517dc4d9e8c0fb724e57c83bba920e3593d4c05d41752,us,2,dev
common_voice_en_28376810.mp3,2a07e4e715c6533935dbc391355568c3939bed687411e85e70f37262b84c2e976dd91fedfc9f58ae2feef8c561e6f84631b1d23e370281b061df750ca5be249e,england,0,dev
common_voice_en_28376812.mp3,2a07e4e715c6533935dbc391355568c3939bed687411e85e70f37262b84c2e976dd91fedfc9f58ae2feef8c561e6f84631b1d23e370281b061df750ca5be249e,england,0,dev
common_voice_en_28376813.mp3,2a07e4e715c6533935dbc391355568c3939bed687411e85e70f37262b84c2e976dd91fedfc9f58ae2feef8c561e6f84631b1d23e370281b061df750ca5be249e,england,0,dev
common_voice_en_25897848.mp3,2a40b4daa20c0d6b6623c3e083325a68d1eea6fa341e77198950afed4f20b526a0b3e570204bd6298b39859ab50e338ff0206d6d3cc33cb6447d31a7b63dd412,us,2,dev
common_voice_en_25897850.mp3,2a40b4daa20c0d6b6623c3e083325a68d1eea6fa341e77198950afed4f20b526a0b3e570204bd6298b39859ab50e338ff0206d6d3cc33cb6447d31a7b63dd412,us,2,dev
common_voice_en_25897851.mp3,2a40b4daa20c0d6b6623c3e083325a68d1eea6fa341e77198950afed4f20b526a0b3e570204bd6298b39859ab50e338ff0206d6d3cc33cb6447d31a7b63dd412,us,2,dev
common_voice_en_24968959.mp3,2a95680e40fb31ad29bc37376327c9aa08bc359071c0c041ca8d4c19e6c508107892437b1fd120e67893457002bc0068383a085c30da21aacea748687e5ac034,us,2,dev
common_voice_en_24968960.mp3,2a95680e40fb31ad29bc37376327c9aa08bc359071c0c041ca8d4c19e6c508107892437b1fd120e67893457002bc0068383a085c30da21aacea748687e5ac034,us,2,dev
common_voice_en_24968962.mp3,2a95680e40fb31ad29bc37376327c9aa08bc359071c0c041ca8d4c19e6c508107892437b1fd120e67893457002bc0068383a085c30da21aacea748687e5ac034,us,2,dev
common_voice_en_26964501.mp3,2aab25647759c29a224dd30e2adc67dc97f8084f9cc06151803e90f54739e280aa82371398dfe63d782cd14aaab4ec507afa9ddd7f3c59734a94af3027c4e71d,england,0,dev
common_voice_en_26964508.mp3,2aab25647759c29a224dd30e2adc67dc97f8084f9cc06151803e90f54739e280aa82371398dfe63d782cd14aaab4ec507afa9ddd7f3c59734a94af3027c4e71d,england,0,dev
common_voice_en_26964512.mp3,2aab25647759c29a224dd30e2adc67dc97f8084f9cc06151803e90f54739e280aa82371398dfe63d782cd14aaab4ec507afa9ddd7f3c59734a94af3027c4e71d,england,0,dev
common_voice_en_26617519.mp3,2aafac530b5794dd398ef8d34a78c268b59cb563a56e4bd671db902eee1e7310d0d31af5b78e433c1204cb6c987c32b9e04d50bd9bfd4968107646ca52f0d79c,us,2,dev
common_voice_en_26617521.mp3,2aafac530b5794dd398ef8d34a78c268b59cb563a56e4bd671db902eee1e7310d0d31af5b78e433c1204cb6c987c32b9e04d50bd9bfd4968107646ca52f0d79c,us,2,dev
common_voice_en_26617522.mp3,2aafac530b5794dd398ef8d34a78c268b59cb563a56e4bd671db902eee1e7310d0d31af5b78e433c1204cb6c987c32b9e04d50bd9bfd4968107646ca52f0d79c,us,2,dev
common_voice_en_35175849.mp3,2c14616a7a1d5ed78b675ce9604f0f1aaa90ce846eebc3af36c166be407c8041ed2af2e02105bce0c01adfdee2f36a3320017b7426aa0b39c7d67862613464ae,us,2,dev
common_voice_en_35175851.mp3,2c14616a7a1d5ed78b675ce9604f0f1aaa90ce846eebc3af36c166be407c8041ed2af2e02105bce0c01adfdee2f36a3320017b7426aa0b39c7d67862613464ae,us,2,dev
common_voice_en_35175853.mp3,2c14616a7a1d5ed78b675ce9604f0f1aaa90ce846eebc3af36c166be407c8041ed2af2e02105bce0c01adfdee2f36a3320017b7426aa0b39c7d67862613464ae,us,2,dev
common_voice_en_17772042.mp3,2d709cc6fd6ffbd90b5cfdcc0026990a920ed20a158fd74f389b99e6a94d30757d00b4d31cc2e52347fa7346880e0925dae2e3e0255a5445fde206603c7daa43,indian,1,dev
common_voice_en_17772045.mp3,2d709cc6fd6ffbd90b5cfdcc0026990a920ed20a158fd74f389b99e6a94d30757d00b4d31cc2e52347fa7346880e0925dae2e3e0255a5445fde206603c7daa43,indian,1,dev
common_voice_en_5113809.mp3,2e7ce75906e7523a8fbf5d6e7690665a0fdfa8ab66db21a62a45cce8ccd813c683097d290d1d72dec340df6708e16a2d0aaedca8e5bcc4964979698ee8bdeb8d,england,0,dev
common_voice_en_36825701.mp3,2eb1e8756d85e2353f60bcfa787265705c4a9ad21806fe3c26d50e75e4afc926c17a8aee068a18c872309fcd8555becbbcd9634b036afe342ad6baaf1085d3ba,us,2,dev
common_voice_en_36825702.mp3,2eb1e8756d85e2353f60bcfa787265705c4a9ad21806fe3c26d50e75e4afc926c17a8aee068a18c872309fcd8555becbbcd9634b036afe342ad6baaf1085d3ba,us,2,dev
common_voice_en_36825705.mp3,2eb1e8756d85e2353f60bcfa787265705c4a9ad21806fe3c26d50e75e4afc926c17a8aee068a18c872309fcd8555becbbcd9634b036afe342ad6baaf1085d3ba,us,2,dev
common_voice_en_20273907.mp3,2f816fce2988d0d1a6d74cb48a426e9f2323f760b4b03867e41bc9c2afd3602491a87c933ab3f254a5f0e1130982d9e5429560b5027e5a67c241dca9203d0012,us,2,dev
common_voice_en_20273908.mp3,2f816fce2988d0d1a6d74cb48a426e9f2323f760b4b03867e41bc9c2afd3602491a87c933ab3f254a5f0e1130982d9e5429560b5027e5a67c241dca9203d0012,us,2,dev
common_voice_en_20273911.mp3,2f816fce2988d0d1a6d74cb48a426e9f2323f760b4b03867e41bc9c2afd3602491a87c933ab3f254a5f0e1130982d9e5429560b5027e5a67c241dca9203d0012,us,2,dev
common_voice_en_554342.mp3,30574a62c84b5529e682d34ea646f6f1afd95df4dad28b9d752c3b9dc9247c002241005d4b333310e59c0cc9564a95ffa829d4a47e662932fe38a54ef3f7c4b6,indian,1,dev
common_voice_en_554344.mp3,30574a62c84b5529e682d34ea646f6f1afd95df4dad28b9d752c3b9dc9247c002241005d4b333310e59c0cc9564a95ffa829d4a47e662932fe38a54ef3f7c4b6,indian,1,dev
common_voice_en_554346.mp3,30574a62c84b5529e682d34ea646f6f1afd95df4dad28b9d752c3b9dc9247c002241005d4b333310e59c0cc9564a95ffa829d4a47e662932fe38a54ef3f7c4b6,indian,1,dev
common_voice_en_24762550.mp3,3149f73a820a517ec03b2b24f44567d9ce4489cd5c1f6ca31e2522569da62d8811d10d21154801ea08a311221622bd33fd033acad0f0cd82ccf4c07718c9c1bc,us,2,dev
common_voice_en_24762552.mp3,3149f73a820a517ec03b2b24f44567d9ce4489cd5c1f6ca31e2522569da62d8811d10d21154801ea08a311221622bd33fd033acad0f0cd82ccf4c07718c9c1bc,us,2,dev
common_voice_en_24762553.mp3,3149f73a820a517ec03b2b24f44567d9ce4489cd5c1f6ca31e2522569da62d8811d10d21154801ea08a311221622bd33fd033acad0f0cd82ccf4c07718c9c1bc,us,2,dev
common_voice_en_27379651.mp3,32448de5fd43aa0510f8ee00cef2edbf2cac36009c37bc484eedf70773bbb515768b663fb27a8bfd1ed964fc1e5588de5abcd117e62eb8abb26c74a6418bc9e0,us,2,dev
common_voice_en_27379653.mp3,32448de5fd43aa0510f8ee00cef2edbf2cac36009c37bc484eedf70773bbb515768b663fb27a8bfd1ed964fc1e5588de5abcd117e62eb8abb26c74a6418bc9e0,us,2,dev
common_voice_en_27379654.mp3,32448de5fd43aa0510f8ee00cef2edbf2cac36009c37bc484eedf70773bbb515768b663fb27a8bfd1ed964fc1e5588de5abcd117e62eb8abb26c74a6418bc9e0,us,2,dev
common_voice_en_19758819.mp3,3596cb9285790f8a58a2d9c8c443a14669da025df3b0a298604789fe1e11195b2d434da4ce4a14843333aef50a5ba5876530673545ba3d4175b3a2a6b3de55b3,us,2,dev
common_voice_en_19758822.mp3,3596cb9285790f8a58a2d9c8c443a14669da025df3b0a298604789fe1e11195b2d434da4ce4a14843333aef50a5ba5876530673545ba3d4175b3a2a6b3de55b3,us,2,dev
common_voice_en_20498927.mp3,3596cb9285790f8a58a2d9c8c443a14669da025df3b0a298604789fe1e11195b2d434da4ce4a14843333aef50a5ba5876530673545ba3d4175b3a2a6b3de55b3,us,2,dev
common_voice_en_27302134.mp3,3601eacfd664b36263b89efe7ce7f51e9123fbe7f5e972e76fc5a14c99076ab224772832d358583763ff79fdb8bc493e498b0e36a5f35506fcb74a97a4d5d043,indian,1,dev
common_voice_en_27302135.mp3,3601eacfd664b36263b89efe7ce7f51e9123fbe7f5e972e76fc5a14c99076ab224772832d358583763ff79fdb8bc493e498b0e36a5f35506fcb74a97a4d5d043,indian,1,dev
common_voice_en_27302138.mp3,3601eacfd664b36263b89efe7ce7f51e9123fbe7f5e972e76fc5a14c99076ab224772832d358583763ff79fdb8bc493e498b0e36a5f35506fcb74a97a4d5d043,indian,1,dev
common_voice_en_19024312.mp3,36df8fca59bbec8844b8fcef0d54b661e8cbd0dba62be7ae50ad0734f04c3381039667a7c8b2d98aa48e178a66882fc00629bc2154f7896a929a92f3d0e4063e,us,2,dev
common_voice_en_19024315.mp3,36df8fca59bbec8844b8fcef0d54b661e8cbd0dba62be7ae50ad0734f04c3381039667a7c8b2d98aa48e178a66882fc00629bc2154f7896a929a92f3d0e4063e,us,2,dev
common_voice_en_19024316.mp3,36df8fca59bbec8844b8fcef0d54b661e8cbd0dba62be7ae50ad0734f04c3381039667a7c8b2d98aa48e178a66882fc00629bc2154f7896a929a92f3d0e4063e,us,2,dev
common_voice_en_37568477.mp3,37dbc93e7e668095112a1f661d20b5fafc3daecba30d303b47bf56fc6721c2bc6988dca32ec4a7467f7a977ca4dc17235caac5049327d15d27029f246797a329,us,2,dev
common_voice_en_37568481.mp3,37dbc93e7e668095112a1f661d20b5fafc3daecba30d303b47bf56fc6721c2bc6988dca32ec4a7467f7a977ca4dc17235caac5049327d15d27029f246797a329,us,2,dev
common_voice_en_37568501.mp3,37dbc93e7e668095112a1f661d20b5fafc3daecba30d303b47bf56fc6721c2bc6988dca32ec4a7467f7a977ca4dc17235caac5049327d15d27029f246797a329,us,2,dev
common_voice_en_17843148.mp3,39898618b4f5c1a7b37e720419873b9886cc50fffe4120c4890d46e7a9a39f4524919aaf794bab3ee21203d87e32b787e5c4f5a99cf6bac1a3f820eb0d555078,us,2,dev
common_voice_en_17843150.mp3,39898618b4f5c1a7b37e720419873b9886cc50fffe4120c4890d46e7a9a39f4524919aaf794bab3ee21203d87e32b787e5c4f5a99cf6bac1a3f820eb0d555078,us,2,dev
common_voice_en_19175551.mp3,3a44840ab2c31abf6d00fa6e044d3514ce4cdc6033a49894c9967ebd78307b576f85151c4c7410a2280edc067d4c21d99d155650be93d5576bd54eef693c2df4,indian,1,dev
common_voice_en_19175552.mp3,3a44840ab2c31abf6d00fa6e044d3514ce4cdc6033a49894c9967ebd78307b576f85151c4c7410a2280edc067d4c21d99d155650be93d5576bd54eef693c2df4,indian,1,dev
common_voice_en_19175553.mp3,3a44840ab2c31abf6d00fa6e044d3514ce4cdc6033a49894c9967ebd78307b576f85151c4c7410a2280edc067d4c21d99d155650be93d5576bd54eef693c2df4,indian,1,dev
common_voice_en_657448.mp3,3af0e38c640bb2dbe501ecf8e0fb2dce98ad47feffd2c0a3b7d49f301731cabd018cb00ea09f4351257afb8266d71d343aee223f3f3a199a22da77c1ec251882,indian,1,dev
common_voice_en_19301098.mp3,3b010ecdcde0fb62eab1c5d256cc0b8d7d7d57a35a8e4ab4246a6ffc35eb7dbaba3df2a8c215af246b1cdf3151b4f1d82d331b484b97a395aac00d8e7f4458e7,england,0,dev
common_voice_en_19301101.mp3,3b010ecdcde0fb62eab1c5d256cc0b8d7d7d57a35a8e4ab4246a6ffc35eb7dbaba3df2a8c215af246b1cdf3151b4f1d82d331b484b97a395aac00d8e7f4458e7,england,0,dev
common_voice_en_19301104.mp3,3b010ecdcde0fb62eab1c5d256cc0b8d7d7d57a35a8e4ab4246a6ffc35eb7dbaba3df2a8c215af246b1cdf3151b4f1d82d331b484b97a395aac00d8e7f4458e7,england,0,dev
common_voice_en_37372913.mp3,3b0ecc89f043a0f6427729c058800e781a5829416d1965cf929639b4c28082070850fd00b83e8db73095db8d965503c15a1abe3ebbb1be8ad0352fbaf3017b89,indian,1,dev
common_voice_en_37372914.mp3,3b0ecc89f043a0f6427729c058800e781a5829416d1965cf929639b4c28082070850fd00b83e8db73095db8d965503c15a1abe3ebbb1be8ad0352fbaf3017b89,indian,1,dev
common_voice_en_37372916.mp3,3b0ecc89f043a0f6427729c058800e781a5829416d1965cf929639b4c28082070850fd00b83e8db73095db8d965503c15a1abe3ebbb1be8ad0352fbaf3017b89,indian,1,dev
common_voice_en_21393199.mp3,3e3802c6fa0016684476cb16f955011b832935165d8807fd942c6960fd47aa4736468490ea322a32fa02d48a175d4b7846f1afc7caeeb2ed7d0084e99e732f0a,indian,1,dev
common_voice_en_21393225.mp3,3e3802c6fa0016684476cb16f955011b832935165d8807fd942c6960fd47aa4736468490ea322a32fa02d48a175d4b7846f1afc7caeeb2ed7d0084e99e732f0a,indian,1,dev
common_voice_en_21393232.mp3,3e3802c6fa0016684476cb16f955011b832935165d8807fd942c6960fd47aa4736468490ea322a32fa02d48a175d4b7846f1afc7caeeb2ed7d0084e99e732f0a,indian,1,dev
common_voice_en_284601.mp3,3fad362b0afe0922fadea96985ab4e0f6d827591428ac25c1db07a8ef33560ed82eb8ebc1ed9f45ebf9bda504fb38ffb93029071f6657eb6b7e7d0b9f03b0e1e,indian,1,dev
common_voice_en_27368446.mp3,3ffabdc32467c5448000f9e74fe43d2e1b6cbc9ec70916b16ec80b896a3e55a4060f577bc057be700109d0d6794de57de2dd7456619217c578f2480e7077de61,us,2,dev
common_voice_en_27368447.mp3,3ffabdc32467c5448000f9e74fe43d2e1b6cbc9ec70916b16ec80b896a3e55a4060f577bc057be700109d0d6794de57de2dd7456619217c578f2480e7077de61,us,2,dev
common_voice_en_27368450.mp3,3ffabdc32467c5448000f9e74fe43d2e1b6cbc9ec70916b16ec80b896a3e55a4060f577bc057be700109d0d6794de57de2dd7456619217c578f2480e7077de61,us,2,dev
common_voice_en_18731538.mp3,414cd1e6ebe6f7df559e6e6efcf4ed63b57a6fce9db578a5e40f3e5364cae590868633b7e8e7d45e91889ab26eda5fc63b59dd2d23ba6ee45673e9647776f5f0,indian,1,dev
common_voice_en_18731543.mp3,414cd1e6ebe6f7df559e6e6efcf4ed63b57a6fce9db578a5e40f3e5364cae590868633b7e8e7d45e91889ab26eda5fc63b59dd2d23ba6ee45673e9647776f5f0,indian,1,dev
common_voice_en_18731546.mp3,414cd1e6ebe6f7df559e6e6efcf4ed63b57a6fce9db578a5e40f3e5364cae590868633b7e8e7d45e91889ab26eda5fc63b59dd2d23ba6ee45673e9647776f5f0,indian,1,dev
common_voice_en_649346.mp3,428745fb50633dad75ef510c38b4e9030f17643e0a260a19cee9e5a493ed96ad46038fa33c3d2160569ac17b2b50163a623c21036a8a8b811c89a328147c1c5e,us,2,dev
common_voice_en_649347.mp3,428745fb50633dad75ef510c38b4e9030f17643e0a260a19cee9e5a493ed96ad46038fa33c3d2160569ac17b2b50163a623c21036a8a8b811c89a328147c1c5e,us,2,dev
common_voice_en_649348.mp3,428745fb50633dad75ef510c38b4e9030f17643e0a260a19cee9e5a493ed96ad46038fa33c3d2160569ac17b2b50163a623c21036a8a8b811c89a328147c1c5e,us,2,dev
common_voice_en_677890.mp3,4372bfbfa7cbf2844f09a2cd0447567f04e74370c097d120bd3580b6155d09cde93f4e9404fa0101e42bd74ed3e26d2e06e118f2be9bcea84e13292f57d49b78,us,2,dev
common_voice_en_677891.mp3,4372bfbfa7cbf2844f09a2cd0447567f04e74370c097d120bd3580b6155d09cde93f4e9404fa0101e42bd74ed3e26d2e06e118f2be9bcea84e13292f57d49b78,us,2,dev
common_voice_en_18861483.mp3,43c6431ec005a940caf764521b8889953a4d97c2094da5e954f724e78382e742925063d491c3785122f50d5344d5dc0a1a4129c08fbaa9ff1b247fe97904e98a,us,2,dev
common_voice_en_18861485.mp3,43c6431ec005a940caf764521b8889953a4d97c2094da5e954f724e78382e742925063d491c3785122f50d5344d5dc0a1a4129c08fbaa9ff1b247fe97904e98a,us,2,dev
common_voice_en_18861486.mp3,43c6431ec005a940caf764521b8889953a4d97c2094da5e954f724e78382e742925063d491c3785122f50d5344d5dc0a1a4129c08fbaa9ff1b247fe97904e98a,us,2,dev
common_voice_en_25953023.mp3,44565727d5b6dfb2a161b83c1d9e4613afdb20fbe1ec7c4ed780e33c0f342d05a34e20dd0aef338e5bd9562d299b382c38f0db3d7f22d7d1705d44ab438a4622,england,0,dev
common_voice_en_25953029.mp3,44565727d5b6dfb2a161b83c1d9e4613afdb20fbe1ec7c4ed780e33c0f342d05a34e20dd0aef338e5bd9562d299b382c38f0db3d7f22d7d1705d44ab438a4622,england,0,dev
common_voice_en_25953030.mp3,44565727d5b6dfb2a161b83c1d9e4613afdb20fbe1ec7c4ed780e33c0f342d05a34e20dd0aef338e5bd9562d299b382c38f0db3d7f22d7d1705d44ab438a4622,england,0,dev
common_voice_en_32638968.mp3,446f90a8cce354112b5030ec8dd1d2eda4875a1a620f737521649e3fb9b37226f1f0dab8031e8181f4f6d7e971c7bae33c8bdc04470208ff698ebf76e0d3e349,indian,1,dev
common_voice_en_32638969.mp3,446f90a8cce354112b5030ec8dd1d2eda4875a1a620f737521649e3fb9b37226f1f0dab8031e8181f4f6d7e971c7bae33c8bdc04470208ff698ebf76e0d3e349,indian,1,dev
common_voice_en_32638970.mp3,446f90a8cce354112b5030ec8dd1d2eda4875a1a620f737521649e3fb9b37226f1f0dab8031e8181f4f6d7e971c7bae33c8bdc04470208ff698ebf76e0d3e349,indian,1,dev
common_voice_en_20323283.mp3,449ad6f6ab1eccea6113f9308f8d956ae6cdbbc733a50834f27c656657897fa4f12e5d6f4b7eee905c6d2c816d98bbbec9f815f2f6a7cc95b10508209ed6fc73,us,2,dev
common_voice_en_20323284.mp3,449ad6f6ab1eccea6113f9308f8d956ae6cdbbc733a50834f27c656657897fa4f12e5d6f4b7eee905c6d2c816d98bbbec9f815f2f6a7cc95b10508209ed6fc73,us,2,dev
common_voice_en_20323287.mp3,449ad6f6ab1eccea6113f9308f8d956ae6cdbbc733a50834f27c656657897fa4f12e5d6f4b7eee905c6d2c816d98bbbec9f815f2f6a7cc95b10508209ed6fc73,us,2,dev
common_voice_en_25154293.mp3,461059307d756b80d08835b893bbee0e93e8cf237db0b4ba90a0b34adfa5ee77c44a3777d5a0c19d7a920260f7fd54fdd84661371abe9ece4b08ea2624146827,indian,1,dev
common_voice_en_25154294.mp3,461059307d756b80d08835b893bbee0e93e8cf237db0b4ba90a0b34adfa5ee77c44a3777d5a0c19d7a920260f7fd54fdd84661371abe9ece4b08ea2624146827,indian,1,dev
common_voice_en_25154295.mp3,461059307d756b80d08835b893bbee0e93e8cf237db0b4ba90a0b34adfa5ee77c44a3777d5a0c19d7a920260f7fd54fdd84661371abe9ece4b08ea2624146827,indian,1,dev
common_voice_en_19640821.mp3,46539473f7a580c29c75924f3911b13f08023f3a3aa0d1edca4facbe69de72adb5fcd1298a068cb1d40199a93822b7feb3c1553eb4e3a9bee84e5b5b6d010edb,us,2,dev
common_voice_en_19640823.mp3,46539473f7a580c29c75924f3911b13f08023f3a3aa0d1edca4facbe69de72adb5fcd1298a068cb1d40199a93822b7feb3c1553eb4e3a9bee84e5b5b6d010edb,us,2,dev
common_voice_en_19640825.mp3,46539473f7a580c29c75924f3911b13f08023f3a3aa0d1edca4facbe69de72adb5fcd1298a068cb1d40199a93822b7feb3c1553eb4e3a9bee84e5b5b6d010edb,us,2,dev
common_voice_en_36950549.mp3,4987b2f145a951a46355a5d4c255821f03ee668387d28100dd8df2261030a3f2fe8ceaadbb5c9408703b9218e5838927e66fc4b85ea6e4d4280fb5f2efd74976,us,2,dev
common_voice_en_36950551.mp3,4987b2f145a951a46355a5d4c255821f03ee668387d28100dd8df2261030a3f2fe8ceaadbb5c9408703b9218e5838927e66fc4b85ea6e4d4280fb5f2efd74976,us,2,dev
common_voice_en_36950552.mp3,4987b2f145a951a46355a5d4c255821f03ee668387d28100dd8df2261030a3f2fe8ceaadbb5c9408703b9218e5838927e66fc4b85ea6e4d4280fb5f2efd74976,us,2,dev
common_voice_en_23595812.mp3,4a79b1eb9f9aef21834308c3761d5bfbfae231087c4bbf52880ad3a0f23ec02257b09313e725fde12c259be8fb6a7093f600e17af49e87c352b37cbcdb348cc4,us,2,dev
common_voice_en_23595813.mp3,4a79b1eb9f9aef21834308c3761d5bfbfae231087c4bbf52880ad3a0f23ec02257b09313e725fde12c259be8fb6a7093f600e17af49e87c352b37cbcdb348cc4,us,2,dev
common_voice_en_23595816.mp3,4a79b1eb9f9aef21834308c3761d5bfbfae231087c4bbf52880ad3a0f23ec02257b09313e725fde12c259be8fb6a7093f600e17af49e87c352b37cbcdb348cc4,us,2,dev
common_voice_en_35199313.mp3,4ae4513a0936499d6cccec4c0d7dd4699217a3988b518ed4cb7b625401109f0036fc76b6eeeca9403491f2dbd7b181a59bd602a2c84b5947ec5149f190dfe982,indian,1,dev
common_voice_en_35199315.mp3,4ae4513a0936499d6cccec4c0d7dd4699217a3988b518ed4cb7b625401109f0036fc76b6eeeca9403491f2dbd7b181a59bd602a2c84b5947ec5149f190dfe982,indian,1,dev
common_voice_en_35199317.mp3,4ae4513a0936499d6cccec4c0d7dd4699217a3988b518ed4cb7b625401109f0036fc76b6eeeca9403491f2dbd7b181a59bd602a2c84b5947ec5149f190dfe982,indian,1,dev
common_voice_en_17274875.mp3,4bb0e79b39a89355fed6ab3fc8b34f69694b4fa4ff06ae6b8e2b06a164f2dcfdc8b6e987e4e900bbed26fa34d5e81314f5202292245269b208459af05847ee82,us,2,dev
common_voice_en_18276812.mp3,4c2ada27b03caffd19e7a3f899939bc7bd19abdc9b4ca4eab3567515868bfdf6eb86e3a4e1bab434a7a0143ae0b140a79f23daa74de2e204ef413337e132d7ac,england,0,dev
common_voice_en_18276842.mp3,4c2ada27b03caffd19e7a3f899939bc7bd19abdc9b4ca4eab3567515868bfdf6eb86e3a4e1bab434a7a0143ae0b140a79f23daa74de2e204ef413337e132d7ac,england,0,dev
common_voice_en_18254936.mp3,4d056b0dbd7f51fc2b417971f26352bcaf1f5e3b829ff24bd8fbef6dd245f1c6c1dd86fc8aa79baab5cfbe3489b087a55f1177838d888fde72de42a7df8710ed,us,2,dev
common_voice_en_23388480.mp3,4d1c402f82e5f03834948c76904225b1522d253111587da7532fb246912be5e18068b5721ede5feb16c075636603b847326f1b30be8d0e3aec58fcb4b654145b,indian,1,dev
common_voice_en_23388481.mp3,4d1c402f82e5f03834948c76904225b1522d253111587da7532fb246912be5e18068b5721ede5feb16c075636603b847326f1b30be8d0e3aec58fcb4b654145b,indian,1,dev
common_voice_en_23388483.mp3,4d1c402f82e5f03834948c76904225b1522d253111587da7532fb246912be5e18068b5721ede5feb16c075636603b847326f1b30be8d0e3aec58fcb4b654145b,indian,1,dev
common_voice_en_493739.mp3,4d6dc70f3c73842f093be0cc95e94a0a86a85ef90fd665cd7db1f61d39d5aa017dd55059a0649730637edddd220d4c3bed77d6d668318b2886227442a7085817,us,2,dev
common_voice_en_46082.mp3,4dc00be70c01692a53f9e99c304c21e74a79bb6a8d9ad4e04f701201ece1de827d5cbf579dfb4bfc308fe7c7b1916019f884f2a7635f71bcb94688d3d812ee85,us,2,dev
common_voice_en_46084.mp3,4dc00be70c01692a53f9e99c304c21e74a79bb6a8d9ad4e04f701201ece1de827d5cbf579dfb4bfc308fe7c7b1916019f884f2a7635f71bcb94688d3d812ee85,us,2,dev
common_voice_en_19934187.mp3,4e31606eb0c0c0b05d474203ca8aa61e2ad4d445d9c2d2a2bc36f0cbe38c161bc1baa7daaf908fef3179906fa71f3771223292daae88414e411f9e2a31122e06,us,2,dev
common_voice_en_19934252.mp3,4e31606eb0c0c0b05d474203ca8aa61e2ad4d445d9c2d2a2bc36f0cbe38c161bc1baa7daaf908fef3179906fa71f3771223292daae88414e411f9e2a31122e06,us,2,dev
common_voice_en_19934317.mp3,4e31606eb0c0c0b05d474203ca8aa61e2ad4d445d9c2d2a2bc36f0cbe38c161bc1baa7daaf908fef3179906fa71f3771223292daae88414e411f9e2a31122e06,us,2,dev
common_voice_en_33896599.mp3,4f4c4f357a0c6c9b6ead024bf2cb73c06d81be9dfda90169b946b188c7c64e08c0741766611b203acfb4c19df5edecc881af8823bb960f7e8d1f730060666fce,us,2,dev
common_voice_en_33896600.mp3,4f4c4f357a0c6c9b6ead024bf2cb73c06d81be9dfda90169b946b188c7c64e08c0741766611b203acfb4c19df5edecc881af8823bb960f7e8d1f730060666fce,us,2,dev
common_voice_en_33896601.mp3,4f4c4f357a0c6c9b6ead024bf2cb73c06d81be9dfda90169b946b188c7c64e08c0741766611b203acfb4c19df5edecc881af8823bb960f7e8d1f730060666fce,us,2,dev
common_voice_en_570616.mp3,505522ff9625b2124d3e3dd87572f63fdb483b27a415021d2fd1775d7e10fcd59302dfd174993daaca538cf72e6d119b9fd8c72355ac6837e83e6433b93f4912,us,2,dev
common_voice_en_26951522.mp3,5103b9f13970c3b5858ab4b0d5bdddd776f4b583b67158601e710451a176db9f9170ef7e64a89f506f2d3e2c67819d4a951e123e3e2e4229f31d026cc0bea9de,indian,1,dev
common_voice_en_26951525.mp3,5103b9f13970c3b5858ab4b0d5bdddd776f4b583b67158601e710451a176db9f9170ef7e64a89f506f2d3e2c67819d4a951e123e3e2e4229f31d026cc0bea9de,indian,1,dev
common_voice_en_26951527.mp3,5103b9f13970c3b5858ab4b0d5bdddd776f4b583b67158601e710451a176db9f9170ef7e64a89f506f2d3e2c67819d4a951e123e3e2e4229f31d026cc0bea9de,indian,1,dev
common_voice_en_22381691.mp3,51fb60199b6f02c39aba731946c440f26cc33110311f5fe2c61092ebee31a99ec4941eff368fecc6de1bd1509857076dd7ab84c645f51241eb18134b58bf3231,indian,1,dev
common_voice_en_22381692.mp3,51fb60199b6f02c39aba731946c440f26cc33110311f5fe2c61092ebee31a99ec4941eff368fecc6de1bd1509857076dd7ab84c645f51241eb18134b58bf3231,indian,1,dev
common_voice_en_22381693.mp3,51fb60199b6f02c39aba731946c440f26cc33110311f5fe2c61092ebee31a99ec4941eff368fecc6de1bd1509857076dd7ab84c645f51241eb18134b58bf3231,indian,1,dev
common_voice_en_20535538.mp3,52e15d3d8769bcad2a6661365b90c60aa74b66d2b1f310a969634f0d75414c903aef366fab445838d9dbb0447e2646ef4f86011d0324658058d985f984a9e4d9,us,2,dev
common_voice_en_20535540.mp3,52e15d3d8769bcad2a6661365b90c60aa74b66d2b1f310a969634f0d75414c903aef366fab445838d9dbb0447e2646ef4f86011d0324658058d985f984a9e4d9,us,2,dev
common_voice_en_20535542.mp3,52e15d3d8769bcad2a6661365b90c60aa74b66d2b1f310a969634f0d75414c903aef366fab445838d9dbb0447e2646ef4f86011d0324658058d985f984a9e4d9,us,2,dev
common_voice_en_36948332.mp3,52eae0e0d5b9d96c196fd54550d51c23bc4ae0398987ed3d5c40f8a7a3c0d04ef9aeb6a76cb970b5a0d5df416e61db37799c23417a87cf0e48bd14663506f911,indian,1,dev
common_voice_en_36948333.mp3,52eae0e0d5b9d96c196fd54550d51c23bc4ae0398987ed3d5c40f8a7a3c0d04ef9aeb6a76cb970b5a0d5df416e61db37799c23417a87cf0e48bd14663506f911,indian,1,dev
common_voice_en_36948335.mp3,52eae0e0d5b9d96c196fd54550d51c23bc4ae0398987ed3d5c40f8a7a3c0d04ef9aeb6a76cb970b5a0d5df416e61db37799c23417a87cf0e48bd14663506f911,indian,1,dev
common_voice_en_31011092.mp3,539e1416a0ffa8a834ecbb80ec1ab0cc93a350ab1daf3fd5d67e9e5010694888551ad0ad6748c25f2cee60180d0fc44e8e3a0c551664aa6ec2e5aa4a47d05cc4,indian,1,dev
common_voice_en_31011107.mp3,539e1416a0ffa8a834ecbb80ec1ab0cc93a350ab1daf3fd5d67e9e5010694888551ad0ad6748c25f2cee60180d0fc44e8e3a0c551664aa6ec2e5aa4a47d05cc4,indian,1,dev
common_voice_en_31011141.mp3,539e1416a0ffa8a834ecbb80ec1ab0cc93a350ab1daf3fd5d67e9e5010694888551ad0ad6748c25f2cee60180d0fc44e8e3a0c551664aa6ec2e5aa4a47d05cc4,indian,1,dev
common_voice_en_618243.mp3,53a8a024d7488c9b17d343c14894feb423da3df2f86a394c5072399861b0defb04dfc41ba8b2c8d9f177309300f2594c8d4f175ea685c6635c4bb233c0681297,us,2,dev
common_voice_en_673977.mp3,550058a67e8bc5a66e6d2bebc64ac4e61ec4b9b4207bb2467ebc800954fde076c3cbeda98c664364a93779a5286e41cea8d4937742b14b4524e8b2e690c443db,us,2,dev
common_voice_en_673978.mp3,550058a67e8bc5a66e6d2bebc64ac4e61ec4b9b4207bb2467ebc800954fde076c3cbeda98c664364a93779a5286e41cea8d4937742b14b4524e8b2e690c443db,us,2,dev
common_voice_en_39319464.mp3,552936a70adde6f428f2130a64e2a65f736513332e71d847069ac75c939da3303be0119ce9acc774e15d07d12059cf2910aa5f215912b6d8ac70b33eb5d0f94f,indian,1,dev
common_voice_en_39319731.mp3,552936a70adde6f428f2130a64e2a65f736513332e71d847069ac75c939da3303be0119ce9acc774e15d07d12059cf2910aa5f215912b6d8ac70b33eb5d0f94f,indian,1,dev
common_voice_en_39333992.mp3,552936a70adde6f428f2130a64e2a65f736513332e71d847069ac75c939da3303be0119ce9acc774e15d07d12059cf2910aa5f215912b6d8ac70b33eb5d0f94f,indian,1,dev
common_voice_en_26075404.mp3,55c1474750a2bd215275e93d02d81957d62d1d8f8f1c17f7d591281385654e63e5a84520d185c3cf7447e2150e04f6cd52caebb3c712c9a32071c5973ec55b59,us,2,dev
common_voice_en_26075405.mp3,55c1474750a2bd215275e93d02d81957d62d1d8f8f1c17f7d591281385654e63e5a84520d185c3cf7447e2150e04f6cd52caebb3c712c9a32071c5973ec55b59,us,2,dev
common_voice_en_26075409.mp3,55c1474750a2bd215275e93d02d81957d62d1d8f8f1c17f7d591281385654e63e5a84520d185c3cf7447e2150e04f6cd52caebb3c712c9a32071c5973ec55b59,us,2,dev
common_voice_en_27383643.mp3,5608110f00ba5554d2b2fdf381d8996f63f230cffe66f15515b47e8b2e52c4c31dfc9f02ec18f977f6b6b0555bc0e54d28b9c5a33030df778982da7e7662bd0a,us,2,dev
common_voice_en_27383644.mp3,5608110f00ba5554d2b2fdf381d8996f63f230cffe66f15515b47e8b2e52c4c31dfc9f02ec18f977f6b6b0555bc0e54d28b9c5a33030df778982da7e7662bd0a,us,2,dev
common_voice_en_27383646.mp3,5608110f00ba5554d2b2fdf381d8996f63f230cffe66f15515b47e8b2e52c4c31dfc9f02ec18f977f6b6b0555bc0e54d28b9c5a33030df778982da7e7662bd0a,us,2,dev
common_voice_en_23841769.mp3,58f588afc5dd3238ec2925e5ec094cac2669a1529431b2d21b4db1d9871cdb95f557fe7677cd6562588750afc5b7dbee10a25f943adcf6fd3f9bb9eebdeea37f,us,2,dev
common_voice_en_23841771.mp3,58f588afc5dd3238ec2925e5ec094cac2669a1529431b2d21b4db1d9871cdb95f557fe7677cd6562588750afc5b7dbee10a25f943adcf6fd3f9bb9eebdeea37f,us,2,dev
common_voice_en_23841772.mp3,58f588afc5dd3238ec2925e5ec094cac2669a1529431b2d21b4db1d9871cdb95f557fe7677cd6562588750afc5b7dbee10a25f943adcf6fd3f9bb9eebdeea37f,us,2,dev
common_voice_en_4578443.mp3,5a45ffe5e3bd97c8538897c9a72acc3113c722100dccc0858ee6568d8020013ccf5b8e3c7224f757137c9e03f52b7c5caa007bc6f000d7cb56a91a76eccb01be,us,2,dev
common_voice_en_20528715.mp3,5ae0da4460a933d0e6ed3b3d439ee45da9c30056cf8615fcc42bfacde4f8175e9d8d1a6e2ef0bb7569dc5c287b5324661e900452de0cfb7648e7a5d7e42d08d9,indian,1,dev
common_voice_en_20528716.mp3,5ae0da4460a933d0e6ed3b3d439ee45da9c30056cf8615fcc42bfacde4f8175e9d8d1a6e2ef0bb7569dc5c287b5324661e900452de0cfb7648e7a5d7e42d08d9,indian,1,dev
common_voice_en_20528717.mp3,5ae0da4460a933d0e6ed3b3d439ee45da9c30056cf8615fcc42bfacde4f8175e9d8d1a6e2ef0bb7569dc5c287b5324661e900452de0cfb7648e7a5d7e42d08d9,indian,1,dev
common_voice_en_24727290.mp3,5cd4c333dea51aae2ac8ce7bc113ab4571a3a15b5e89023e08f8ecee167d273a6601958934b1b0ab0317a12e669573234ddc4b8ab14334ca950d8436e0a1bac9,england,0,dev
common_voice_en_24727292.mp3,5cd4c333dea51aae2ac8ce7bc113ab4571a3a15b5e89023e08f8ecee167d273a6601958934b1b0ab0317a12e669573234ddc4b8ab14334ca950d8436e0a1bac9,england,0,dev
common_voice_en_24727294.mp3,5cd4c333dea51aae2ac8ce7bc113ab4571a3a15b5e89023e08f8ecee167d273a6601958934b1b0ab0317a12e669573234ddc4b8ab14334ca950d8436e0a1bac9,england,0,dev
common_voice_en_23753858.mp3,5d21be2c97f8382dc29df69ebc0d225a6093b1b6434375c351ac7a16473f719c42912843a979f453209beb29e09dcabc85e38441662b48f56d57682cf8bf0c54,indian,1,dev
common_voice_en_23753860.mp3,5d21be2c97f8382dc29df69ebc0d225a6093b1b6434375c351ac7a16473f719c42912843a979f453209beb29e09dcabc85e38441662b48f56d57682cf8bf0c54,indian,1,dev
common_voice_en_23753861.mp3,5d21be2c97f8382dc29df69ebc0d225a6093b1b6434375c351ac7a16473f719c42912843a979f453209beb29e09dcabc85e38441662b48f56d57682cf8bf0c54,indian,1,dev
common_voice_en_674850.mp3,5d353ec62605577a9dfd2813401a6a08024d450c1fdf176f60863ad2518652660184422168514d2fc083233a42c2798f051bc78a2aaef345e41c233982100763,england,0,dev
common_voice_en_26585334.mp3,5daf05e75664ac9fdfec448422ac461cbae0d7d5fd8a13663d53c1aa6ed7de763dcfd42a7918c6decb0536b6dddf8f14039215932b43d80303dd337be1e5f986,indian,1,dev
common_voice_en_26585335.mp3,5daf05e75664ac9fdfec448422ac461cbae0d7d5fd8a13663d53c1aa6ed7de763dcfd42a7918c6decb0536b6dddf8f14039215932b43d80303dd337be1e5f986,indian,1,dev
common_voice_en_26585338.mp3,5daf05e75664ac9fdfec448422ac461cbae0d7d5fd8a13663d53c1aa6ed7de763dcfd42a7918c6decb0536b6dddf8f14039215932b43d80303dd337be1e5f986,indian,1,dev
common_voice_en_504906.mp3,5e282e3e11172f5cc80fdcd39fe8e4d7fde6acf4de0cbffc86abe295ac22c3558a2426ac52f0c012ae9499ffecf6facee09c4029ecc2c114c6063ca14bc1a085,us,2,dev
common_voice_en_32657960.mp3,5e294a6d1a8a2b34ededda22e571df3ce0d1a8d24a95bfc803cf4ce6bcd4fdc4c6a624f30046732158f0aab88966142d86f06a82f63f77f8cb048d032ce7389f,us,2,dev
common_voice_en_32657961.mp3,5e294a6d1a8a2b34ededda22e571df3ce0d1a8d24a95bfc803cf4ce6bcd4fdc4c6a624f30046732158f0aab88966142d86f06a82f63f77f8cb048d032ce7389f,us,2,dev
common_voice_en_32657964.mp3,5e294a6d1a8a2b34ededda22e571df3ce0d1a8d24a95bfc803cf4ce6bcd4fdc4c6a624f30046732158f0aab88966142d86f06a82f63f77f8cb048d032ce7389f,us,2,dev
common_voice_en_18592568.mp3,5e6e088562d662cac50c66ecee090b93cef822f4c92a74741a622923bae90aac67a5635d8bb68b884be03656e9f3a4d20df79b474c75d9900df9ad2abb6ad3a6,us,2,dev
common_voice_en_18592570.mp3,5e6e088562d662cac50c66ecee090b93cef822f4c92a74741a622923bae90aac67a5635d8bb68b884be03656e9f3a4d20df79b474c75d9900df9ad2abb6ad3a6,us,2,dev
common_voice_en_18592572.mp3,5e6e088562d662cac50c66ecee090b93cef822f4c92a74741a622923bae90aac67a5635d8bb68b884be03656e9f3a4d20df79b474c75d9900df9ad2abb6ad3a6,us,2,dev
common_voice_en_56142.mp3,5f2b5e7619e9a53fb80e5071ed2db1e0283fb7596b34baae3ba2363b2e02614abd66a1d6d6b4b0b8dd895ce40527a659ecacf6f4356ebadee1fc7c260900b24c,us,2,dev
common_voice_en_56143.mp3,5f2b5e7619e9a53fb80e5071ed2db1e0283fb7596b34baae3ba2363b2e02614abd66a1d6d6b4b0b8dd895ce40527a659ecacf6f4356ebadee1fc7c260900b24c,us,2,dev
common_voice_en_20212355.mp3,5fc11c56f9e0fef03c074eaf9510e0134c9e1a26ec964bf3c9dc0da765d32dbe558095df8ac9819d47b89cf13bc92de94204bc99e27b7549d6b97a66e2294f6b,england,0,dev
common_voice_en_20212357.mp3,5fc11c56f9e0fef03c074eaf9510e0134c9e1a26ec964bf3c9dc0da765d32dbe558095df8ac9819d47b89cf13bc92de94204bc99e27b7549d6b97a66e2294f6b,england,0,dev
common_voice_en_20212358.mp3,5fc11c56f9e0fef03c074eaf9510e0134c9e1a26ec964bf3c9dc0da765d32dbe558095df8ac9819d47b89cf13bc92de94204bc99e27b7549d6b97a66e2294f6b,england,0,dev
common_voice_en_1369441.mp3,60f3e82ac7d5dae37524d8802ff42f0170e42c25ec2e1072875351fa414054ef07758ab0aec704307c0ee58f7ea5ad9b6dd46c80f703091545d1db463d3b3092,england,0,dev
common_voice_en_26984714.mp3,62ac29da9a0a6e77a5ddbbcaf4dd56f7efcdbc76e34266fac0001231da0960c294ff822868c39748fd77ca3b48ce67351c9eea57c656b12ae9ac3cece59df88f,england,0,dev
common_voice_en_26984718.mp3,62ac29da9a0a6e77a5ddbbcaf4dd56f7efcdbc76e34266fac0001231da0960c294ff822868c39748fd77ca3b48ce67351c9eea57c656b12ae9ac3cece59df88f,england,0,dev
common_voice_en_26984797.mp3,62ac29da9a0a6e77a5ddbbcaf4dd56f7efcdbc76e34266fac0001231da0960c294ff822868c39748fd77ca3b48ce67351c9eea57c656b12ae9ac3cece59df88f,england,0,dev
common_voice_en_19140483.mp3,63df554d93e1be35c9d0d3d6c9ef05a3ccf086b4d0d640eb2b5bc61279c23e097baa7ab9a391d434dcdb97242aa3d8771333456861e7cdfce2d819e39b1e8b85,us,2,dev
common_voice_en_19140485.mp3,63df554d93e1be35c9d0d3d6c9ef05a3ccf086b4d0d640eb2b5bc61279c23e097baa7ab9a391d434dcdb97242aa3d8771333456861e7cdfce2d819e39b1e8b85,us,2,dev
common_voice_en_19140486.mp3,63df554d93e1be35c9d0d3d6c9ef05a3ccf086b4d0d640eb2b5bc61279c23e097baa7ab9a391d434dcdb97242aa3d8771333456861e7cdfce2d819e39b1e8b85,us,2,dev
common_voice_en_243868.mp3,64c70b6f618b3a84393c135c1cd1366fec710cea6cf36ba12bc3cdb8de0c33c06cc737c493087e948bb457ae1999697c57f214261aadbf277797eb7fc6674137,england,0,dev
common_voice_en_243879.mp3,64c70b6f618b3a84393c135c1cd1366fec710cea6cf36ba12bc3cdb8de0c33c06cc737c493087e948bb457ae1999697c57f214261aadbf277797eb7fc6674137,england,0,dev
common_voice_en_17274531.mp3,655f1de995dbd7f0e3bfd52d637e75c8cfd7d547450f9694c5bf68841ef330103935a98495336d724fd71e4a702737f958762f8f5c70289bcb3051a0d96138aa,us,2,dev
common_voice_en_558306.mp3,67d331a22900c6cea9ebf85735d58b8fec8835f9fbf31013afe756561bce06ef9ec5b25a814d617c23c56c268f46426d8b5dfdb99a721512b41c0bd4f754bd10,england,0,dev
common_voice_en_36878052.mp3,6831253457e313c61e9736b11e3e1fdcbae22e83087b45a54a89d7805a7e76ac0f01c3c5377321b01c4007805a8239e8945ceaf98b894d1dd369ede0050f4773,us,2,dev
common_voice_en_36878053.mp3,6831253457e313c61e9736b11e3e1fdcbae22e83087b45a54a89d7805a7e76ac0f01c3c5377321b01c4007805a8239e8945ceaf98b894d1dd369ede0050f4773,us,2,dev
common_voice_en_36878054.mp3,6831253457e313c61e9736b11e3e1fdcbae22e83087b45a54a89d7805a7e76ac0f01c3c5377321b01c4007805a8239e8945ceaf98b894d1dd369ede0050f4773,us,2,dev
common_voice_en_546216.mp3,6858465f3b2cb93a7af5318b42ac90efe0466b720ab3b7c8d1f371e9abe662131dbeb567d20706f7a6dd04cceb624439643adefda21b285a2c47a00d24211ce2,indian,1,dev
common_voice_en_31590363.mp3,68d4a0cc7d7db9c93fbfc1f522fcab9d7f29041df5d882714e68a27cbe17d9357a9f5d21bf4b8b91b5336af919fc5fa28b27b07a51483193ebddf57837ecd92a,england,0,dev
common_voice_en_31590368.mp3,68d4a0cc7d7db9c93fbfc1f522fcab9d7f29041df5d882714e68a27cbe17d9357a9f5d21bf4b8b91b5336af919fc5fa28b27b07a51483193ebddf57837ecd92a,england,0,dev
common_voice_en_31590374.mp3,68d4a0cc7d7db9c93fbfc1f522fcab9d7f29041df5d882714e68a27cbe17d9357a9f5d21bf4b8b91b5336af919fc5fa28b27b07a51483193ebddf57837ecd92a,england,0,dev
common_voice_en_17729536.mp3,69e285b158446b34d9261a9a76cdc7a745f4057b47fdfeb4c8da25c69648fa755a741e16d3fa454a87c5de27dce8a12af4fafbac37c4c9f1c28bf39b0a841017,us,2,dev
common_voice_en_18383403.mp3,6d6972100bea3893ec081740989c38e68b2dafff3fff837aee494d535bfa60b68f6440ad99b6734fe3d818883c836a5c0afb16e2fcc4d56d58c76b50c740f77d,us,2,dev
common_voice_en_18383468.mp3,6d6972100bea3893ec081740989c38e68b2dafff3fff837aee494d535bfa60b68f6440ad99b6734fe3d818883c836a5c0afb16e2fcc4d56d58c76b50c740f77d,us,2,dev
common_voice_en_30638956.mp3,6db2c86347df7948a424190cd06b5c0705926c29b72500151e8275b3be44e1771604de8fadc56b6bd25c0713b58e83cf05c89f22c11e2ace012303fc0f691ec8,us,2,dev
common_voice_en_30638958.mp3,6db2c86347df7948a424190cd06b5c0705926c29b72500151e8275b3be44e1771604de8fadc56b6bd25c0713b58e83cf05c89f22c11e2ace012303fc0f691ec8,us,2,dev
common_voice_en_30638959.mp3,6db2c86347df7948a424190cd06b5c0705926c29b72500151e8275b3be44e1771604de8fadc56b6bd25c0713b58e83cf05c89f22c11e2ace012303fc0f691ec8,us,2,dev
common_voice_en_481982.mp3,6dc1314fb7000eec2b1c92930b2dd9594692c63dfe6ea9cb5b77c5fb7781554ae4df003660ad2722c48f59d986574b9fcf7a6fbfb1536f288a53ae3c1b025edb,indian,1,dev
common_voice_en_481983.mp3,6dc1314fb7000eec2b1c92930b2dd9594692c63dfe6ea9cb5b77c5fb7781554ae4df003660ad2722c48f59d986574b9fcf7a6fbfb1536f288a53ae3c1b025edb,indian,1,dev
common_voice_en_481984.mp3,6dc1314fb7000eec2b1c92930b2dd9594692c63dfe6ea9cb5b77c5fb7781554ae4df003660ad2722c48f59d986574b9fcf7a6fbfb1536f288a53ae3c1b025edb,indian,1,dev
common_voice_en_648612.mp3,6e06ba34f7ef3f2ac28b552c67ff5832d9327285de5643cde78f73d07257513f8599c30800b4077be026a811ba6b02cd981e50c0e99ec18a0f1a9fe5fade35a3,us,2,dev
common_voice_en_648613.mp3,6e06ba34f7ef3f2ac28b552c67ff5832d9327285de5643cde78f73d07257513f8599c30800b4077be026a811ba6b02cd981e50c0e99ec18a0f1a9fe5fade35a3,us,2,dev
common_voice_en_36909026.mp3,6e497acf45e15c3baa9122b16413df214357877b26ca25e32486a9f5e8655d1dddca38d45a8ba0b73227183c749d0218faef24b4ffe704532690c21113c1a082,us,2,dev
common_voice_en_36909027.mp3,6e497acf45e15c3baa9122b16413df214357877b26ca25e32486a9f5e8655d1dddca38d45a8ba0b73227183c749d0218faef24b4ffe704532690c21113c1a082,us,2,dev
common_voice_en_36909028.mp3,6e497acf45e15c3baa9122b16413df214357877b26ca25e32486a9f5e8655d1dddca38d45a8ba0b73227183c749d0218faef24b4ffe704532690c21113c1a082,us,2,dev
common_voice_en_18282034.mp3,6edf18854df5966cd37dbb1adc329f9e1c06d2fce2a59a15d45214058a22cf01ff7c795e7ceb55f0c5f154b1d85fb8eb503e1e17f2373da10ddcb8a6c6744957,us,2,dev
common_voice_en_19848182.mp3,708bd10d9ba677ad127d46e1915759e4a10d59027dae1bf9eeba41c1d9495ba04a760a8e091b735dceb6315ff2823405971a1e1c1b1ae0484dc82c436c1c22da,indian,1,dev
common_voice_en_19848183.mp3,708bd10d9ba677ad127d46e1915759e4a10d59027dae1bf9eeba41c1d9495ba04a760a8e091b735dceb6315ff2823405971a1e1c1b1ae0484dc82c436c1c22da,indian,1,dev
common_voice_en_19848184.mp3,708bd10d9ba677ad127d46e1915759e4a10d59027dae1bf9eeba41c1d9495ba04a760a8e091b735dceb6315ff2823405971a1e1c1b1ae0484dc82c436c1c22da,indian,1,dev
common_voice_en_22958330.mp3,70aea58f6aeaa32e02bd119b5ee07d7405b1031856beecc9582be85be1fa94e97cf2075a8666a9300238b09f90139ed1d42fef3a007fd6fe695554793c51a283,indian,1,dev
common_voice_en_22958331.mp3,70aea58f6aeaa32e02bd119b5ee07d7405b1031856beecc9582be85be1fa94e97cf2075a8666a9300238b09f90139ed1d42fef3a007fd6fe695554793c51a283,indian,1,dev
common_voice_en_22958333.mp3,70aea58f6aeaa32e02bd119b5ee07d7405b1031856beecc9582be85be1fa94e97cf2075a8666a9300238b09f90139ed1d42fef3a007fd6fe695554793c51a283,indian,1,dev
common_voice_en_32333073.mp3,7109b00141709d76bfcaded14d1f5aab26fb0e798315756be10f1d5b7274eca176896f606acf82399cf1409d21150ac1a951b2f5056b6855b63a23eeed3ea5d8,us,2,dev
common_voice_en_32333074.mp3,7109b00141709d76bfcaded14d1f5aab26fb0e798315756be10f1d5b7274eca176896f606acf82399cf1409d21150ac1a951b2f5056b6855b63a23eeed3ea5d8,us,2,dev
common_voice_en_32333076.mp3,7109b00141709d76bfcaded14d1f5aab26fb0e798315756be10f1d5b7274eca176896f606acf82399cf1409d21150ac1a951b2f5056b6855b63a23eeed3ea5d8,us,2,dev
common_voice_en_19088.mp3,71ef03cde1e8ff415abddd07c4ef72571ca59d0b07435eca63406c87117f5fa372e542689851b255c7023d13bb0450b8c00247a6d7e69c9376060dd3251c031b,indian,1,dev
common_voice_en_19089.mp3,71ef03cde1e8ff415abddd07c4ef72571ca59d0b07435eca63406c87117f5fa372e542689851b255c7023d13bb0450b8c00247a6d7e69c9376060dd3251c031b,indian,1,dev
common_voice_en_19090.mp3,71ef03cde1e8ff415abddd07c4ef72571ca59d0b07435eca63406c87117f5fa372e542689851b255c7023d13bb0450b8c00247a6d7e69c9376060dd3251c031b,indian,1,dev
common_voice_en_18450064.mp3,7248f78f396975929a0166b814d3011d5694603e035ce650a61ad3a9beb6d38d3720b1746f79d01845dcc61ce97dd8b4c54f105cb9a1b9996fc7d260c7b25319,us,2,dev
common_voice_en_18450446.mp3,7248f78f396975929a0166b814d3011d5694603e035ce650a61ad3a9beb6d38d3720b1746f79d01845dcc61ce97dd8b4c54f105cb9a1b9996fc7d260c7b25319,us,2,dev
common_voice_en_18450447.mp3,7248f78f396975929a0166b814d3011d5694603e035ce650a61ad3a9beb6d38d3720b1746f79d01845dcc61ce97dd8b4c54f105cb9a1b9996fc7d260c7b25319,us,2,dev
common_voice_en_26932784.mp3,72dd221ab2d2e08226ffe41636eb56a26ca2c09abfb4bcc9e8610208a7f90019ba92e0363aeeaae1065ef84e2470baea85d3ba9b1c46365a190c26bc09a5fda8,england,0,dev
common_voice_en_26932785.mp3,72dd221ab2d2e08226ffe41636eb56a26ca2c09abfb4bcc9e8610208a7f90019ba92e0363aeeaae1065ef84e2470baea85d3ba9b1c46365a190c26bc09a5fda8,england,0,dev
common_voice_en_26932786.mp3,72dd221ab2d2e08226ffe41636eb56a26ca2c09abfb4bcc9e8610208a7f90019ba92e0363aeeaae1065ef84e2470baea85d3ba9b1c46365a190c26bc09a5fda8,england,0,dev
common_voice_en_17147545.mp3,7540b8ef63a0620ddc26e904e8bbf5ffc080f4e234e21a9feb31268d6665e745ee6f4882e45d38d402062d0253ab800c00686951ad529e65fa527a52c0fafc88,us,2,dev
common_voice_en_27693946.mp3,754d183b9a16b75cf56cbecb7d64f97eccd9a01e3eb59314871d5c32d452cc5d4d871295b8ba47a8468861022370ff4be393fbe539578bcefa78d9b27c7bf656,indian,1,dev
common_voice_en_27693949.mp3,754d183b9a16b75cf56cbecb7d64f97eccd9a01e3eb59314871d5c32d452cc5d4d871295b8ba47a8468861022370ff4be393fbe539578bcefa78d9b27c7bf656,indian,1,dev
common_voice_en_27693950.mp3,754d183b9a16b75cf56cbecb7d64f97eccd9a01e3eb59314871d5c32d452cc5d4d871295b8ba47a8468861022370ff4be393fbe539578bcefa78d9b27c7bf656,indian,1,dev
common_voice_en_25914844.mp3,7624b6955eb81cfa78e98bf8bb4f657161dec3fc1fb06df3ba03e5b47a9ba0678dd0097e5cde8b66807b328aaed0f2975495d02273b03887a3e30ff0daa864c3,us,2,dev
common_voice_en_25914845.mp3,7624b6955eb81cfa78e98bf8bb4f657161dec3fc1fb06df3ba03e5b47a9ba0678dd0097e5cde8b66807b328aaed0f2975495d02273b03887a3e30ff0daa864c3,us,2,dev
common_voice_en_26815527.mp3,7624b6955eb81cfa78e98bf8bb4f657161dec3fc1fb06df3ba03e5b47a9ba0678dd0097e5cde8b66807b328aaed0f2975495d02273b03887a3e30ff0daa864c3,us,2,dev
common_voice_en_26942791.mp3,767088c77fbcd6f8a60ba864012a3508e662bb96d418afcf30f8d310e7cc264522448f09616c9c6ab43b0bc1270d05ec99189433f2052f0edc132f0ad755c0c1,indian,1,dev
common_voice_en_26942895.mp3,767088c77fbcd6f8a60ba864012a3508e662bb96d418afcf30f8d310e7cc264522448f09616c9c6ab43b0bc1270d05ec99189433f2052f0edc132f0ad755c0c1,indian,1,dev
common_voice_en_26942910.mp3,767088c77fbcd6f8a60ba864012a3508e662bb96d418afcf30f8d310e7cc264522448f09616c9c6ab43b0bc1270d05ec99189433f2052f0edc132f0ad755c0c1,indian,1,dev
common_voice_en_28945829.mp3,770fe3ceaab3555f072b11c2fabde6d98be02e4e2114993ec89a52fd3e71ccc7cffe7b729c23fac8c344577ef8188a66b94469363be42618732f09e80b5fbb5d,us,2,dev
common_voice_en_28945831.mp3,770fe3ceaab3555f072b11c2fabde6d98be02e4e2114993ec89a52fd3e71ccc7cffe7b729c23fac8c344577ef8188a66b94469363be42618732f09e80b5fbb5d,us,2,dev
common_voice_en_28945832.mp3,770fe3ceaab3555f072b11c2fabde6d98be02e4e2114993ec89a52fd3e71ccc7cffe7b729c23fac8c344577ef8188a66b94469363be42618732f09e80b5fbb5d,us,2,dev
common_voice_en_645516.mp3,77bfffb0004203e17c5cac418ea3041c5d84a717b1bef702256013315427927b40ab45c4a688f52b7573cf5542ddeddc007e0389a7ff4ff49da7c76a40b5b5b2,indian,1,dev
common_voice_en_645517.mp3,77bfffb0004203e17c5cac418ea3041c5d84a717b1bef702256013315427927b40ab45c4a688f52b7573cf5542ddeddc007e0389a7ff4ff49da7c76a40b5b5b2,indian,1,dev
common_voice_en_645518.mp3,77bfffb0004203e17c5cac418ea3041c5d84a717b1bef702256013315427927b40ab45c4a688f52b7573cf5542ddeddc007e0389a7ff4ff49da7c76a40b5b5b2,indian,1,dev
common_voice_en_25697273.mp3,78777b735fc60571aa91ca058012bc5397b0e7f9c3bbbae72d7e85491857aa20ff4ca58a0577c49fb45bb769e7dd36ff2aeb78ffa6116e0a6fcbc8f6fc165517,us,2,dev
common_voice_en_25697276.mp3,78777b735fc60571aa91ca058012bc5397b0e7f9c3bbbae72d7e85491857aa20ff4ca58a0577c49fb45bb769e7dd36ff2aeb78ffa6116e0a6fcbc8f6fc165517,us,2,dev
common_voice_en_25697277.mp3,78777b735fc60571aa91ca058012bc5397b0e7f9c3bbbae72d7e85491857aa20ff4ca58a0577c49fb45bb769e7dd36ff2aeb78ffa6116e0a6fcbc8f6fc165517,us,2,dev
common_voice_en_23963438.mp3,78f01766050f34f6ecf6786621ad035f583253e36fca6ae71800177e8ff3b4b97714af4de3f0791341e17b24f00dbb3cd391016a944ae05a02ed989d817c1f90,us,2,dev
common_voice_en_23963439.mp3,78f01766050f34f6ecf6786621ad035f583253e36fca6ae71800177e8ff3b4b97714af4de3f0791341e17b24f00dbb3cd391016a944ae05a02ed989d817c1f90,us,2,dev
common_voice_en_23963440.mp3,78f01766050f34f6ecf6786621ad035f583253e36fca6ae71800177e8ff3b4b97714af4de3f0791341e17b24f00dbb3cd391016a944ae05a02ed989d817c1f90,us,2,dev
common_voice_en_170057.mp3,790eafd60624befc9de6eed7acb3d32326a695731dc20c14caa39f9c8423993a8b7fb9f841c751128550c26cb4e429c69e80e6a27e7f8bc32da412ec7134073f,england,0,dev
common_voice_en_170058.mp3,790eafd60624befc9de6eed7acb3d32326a695731dc20c14caa39f9c8423993a8b7fb9f841c751128550c26cb4e429c69e80e6a27e7f8bc32da412ec7134073f,england,0,dev
common_voice_en_170059.mp3,790eafd60624befc9de6eed7acb3d32326a695731dc20c14caa39f9c8423993a8b7fb9f841c751128550c26cb4e429c69e80e6a27e7f8bc32da412ec7134073f,england,0,dev
common_voice_en_79860.mp3,7a28e2980368ce6ac49918cd733e80c55e709c8da6ae124d85d6e99baa180bfe0ac9cd00afea13b53a79f94441612ebf812cd51ffc18731c5740fe565cdc5b03,us,2,dev
common_voice_en_17289228.mp3,7a8e3631540ad2dd38bac8ed9a0629e7fbcd4b7a6f0684bac255fc024cefec7f46134abbd679aa46c3ba35c2bd5cdf94b5c03f8a55acbd9f672860ae96931ccd,us,2,dev
common_voice_en_17289230.mp3,7a8e3631540ad2dd38bac8ed9a0629e7fbcd4b7a6f0684bac255fc024cefec7f46134abbd679aa46c3ba35c2bd5cdf94b5c03f8a55acbd9f672860ae96931ccd,us,2,dev
common_voice_en_19352199.mp3,7af63f2b2db94613ed8110f9cebc89061039b1114e950c2a5608bb6147f8975f50ed4d02c9bb852d92d3936495a3fb83aebb6b51f6e9fbb0885bf6f26d4f44da,us,2,dev
common_voice_en_19352200.mp3,7af63f2b2db94613ed8110f9cebc89061039b1114e950c2a5608bb6147f8975f50ed4d02c9bb852d92d3936495a3fb83aebb6b51f6e9fbb0885bf6f26d4f44da,us,2,dev
common_voice_en_19352203.mp3,7af63f2b2db94613ed8110f9cebc89061039b1114e950c2a5608bb6147f8975f50ed4d02c9bb852d92d3936495a3fb83aebb6b51f6e9fbb0885bf6f26d4f44da,us,2,dev
common_voice_en_39744110.mp3,7c7f28dcfef177ee68cde824933579be1ad40b555b0e317d526c18d4195dc9674ccd609896593c82aa4a969a87c0a82a293d5ae0986edeea7ee891c8b19e5a5d,england,0,dev
common_voice_en_39744113.mp3,7c7f28dcfef177ee68cde824933579be1ad40b555b0e317d526c18d4195dc9674ccd609896593c82aa4a969a87c0a82a293d5ae0986edeea7ee891c8b19e5a5d,england,0,dev
common_voice_en_39744115.mp3,7c7f28dcfef177ee68cde824933579be1ad40b555b0e317d526c18d4195dc9674ccd609896593c82aa4a969a87c0a82a293d5ae0986edeea7ee891c8b19e5a5d,england,0,dev
common_voice_en_19934212.mp3,7f5aa89f1ccc780e22bf02181512f45d18d6600d13adc9b318f30e4ddc841a4bb5e1b71bbc7ae1ce5834bf759590ece6a4eceaf5548333705d059245396b15a5,us,2,dev
common_voice_en_19934241.mp3,7f5aa89f1ccc780e22bf02181512f45d18d6600d13adc9b318f30e4ddc841a4bb5e1b71bbc7ae1ce5834bf759590ece6a4eceaf5548333705d059245396b15a5,us,2,dev
common_voice_en_19934255.mp3,7f5aa89f1ccc780e22bf02181512f45d18d6600d13adc9b318f30e4ddc841a4bb5e1b71bbc7ae1ce5834bf759590ece6a4eceaf5548333705d059245396b15a5,us,2,dev
common_voice_en_39580592.mp3,7f7891728295c322858b059df8af41aaec1ab8c6aab9f1a14a1ad3284cfc60651d64e8505a70e3d6d80949dbb121ea833b12d2bc93f6428ddfe52dd8d4fe40bc,us,2,dev
common_voice_en_39580662.mp3,7f7891728295c322858b059df8af41aaec1ab8c6aab9f1a14a1ad3284cfc60651d64e8505a70e3d6d80949dbb121ea833b12d2bc93f6428ddfe52dd8d4fe40bc,us,2,dev
common_voice_en_39580795.mp3,7f7891728295c322858b059df8af41aaec1ab8c6aab9f1a14a1ad3284cfc60651d64e8505a70e3d6d80949dbb121ea833b12d2bc93f6428ddfe52dd8d4fe40bc,us,2,dev
common_voice_en_90089.mp3,80688ae29499d34fcdb557f072539e968983a733a989f672387d15ec964ef0553eb24af9bcc621c26e91833d851d24c14f7d6746277718a0680bc9e95e741fbf,indian,1,dev
common_voice_en_19757970.mp3,806f09cf7e56540b89b6c6a22288cdbe332c756d97c267ea8ef59d6f684cc6ef04a99047017ac0bd5b4c80c075a395adfe56b512565e6120f71541a1ebcb3826,indian,1,dev
common_voice_en_19757972.mp3,806f09cf7e56540b89b6c6a22288cdbe332c756d97c267ea8ef59d6f684cc6ef04a99047017ac0bd5b4c80c075a395adfe56b512565e6120f71541a1ebcb3826,indian,1,dev
common_voice_en_19757973.mp3,806f09cf7e56540b89b6c6a22288cdbe332c756d97c267ea8ef59d6f684cc6ef04a99047017ac0bd5b4c80c075a395adfe56b512565e6120f71541a1ebcb3826,indian,1,dev
common_voice_en_38222753.mp3,81055c3cc2491716aea3e0fc4ae3df68f796cce4a7ae0341c128f9951088e9f11f729acb88ef997ee281e5e802f353a08465b927d062920c62139bb5fbaab0cb,us,2,dev
common_voice_en_38222754.mp3,81055c3cc2491716aea3e0fc4ae3df68f796cce4a7ae0341c128f9951088e9f11f729acb88ef997ee281e5e802f353a08465b927d062920c62139bb5fbaab0cb,us,2,dev
common_voice_en_38229373.mp3,81055c3cc2491716aea3e0fc4ae3df68f796cce4a7ae0341c128f9951088e9f11f729acb88ef997ee281e5e802f353a08465b927d062920c62139bb5fbaab0cb,us,2,dev
common_voice_en_26970287.mp3,8111ffb13d66a0b3ed33d7f0ed71c6ba9bfd062d5bf0dd86bd78e69a9230e0e277d74a4b67fa4a2e1b093d53132d26ba30b9569d8c67e1f864f8048c66e23820,indian,1,dev
common_voice_en_26970293.mp3,8111ffb13d66a0b3ed33d7f0ed71c6ba9bfd062d5bf0dd86bd78e69a9230e0e277d74a4b67fa4a2e1b093d53132d26ba30b9569d8c67e1f864f8048c66e23820,indian,1,dev
common_voice_en_26970304.mp3,8111ffb13d66a0b3ed33d7f0ed71c6ba9bfd062d5bf0dd86bd78e69a9230e0e277d74a4b67fa4a2e1b093d53132d26ba30b9569d8c67e1f864f8048c66e23820,indian,1,dev
common_voice_en_39612451.mp3,86e29c78294d48827c04380c15a6369e281f415809d55d67e60aab0db37a30300b3374b5f24af908d57808016139d01513ed818c81800f4dbbbe688fcbe2d5bf,indian,1,dev
common_voice_en_39612452.mp3,86e29c78294d48827c04380c15a6369e281f415809d55d67e60aab0db37a30300b3374b5f24af908d57808016139d01513ed818c81800f4dbbbe688fcbe2d5bf,indian,1,dev
common_voice_en_39612454.mp3,86e29c78294d48827c04380c15a6369e281f415809d55d67e60aab0db37a30300b3374b5f24af908d57808016139d01513ed818c81800f4dbbbe688fcbe2d5bf,indian,1,dev
common_voice_en_37527328.mp3,8845bd35cd07c5d97317817a2720f8f21466f2a0a46c960a27f32f10149c16c8ce935b77f8c495cfe09f0b34ec60d8bf347c982cc2ea4117f1d65756f7b91c34,indian,1,dev
common_voice_en_37527330.mp3,8845bd35cd07c5d97317817a2720f8f21466f2a0a46c960a27f32f10149c16c8ce935b77f8c495cfe09f0b34ec60d8bf347c982cc2ea4117f1d65756f7b91c34,indian,1,dev
common_voice_en_37527357.mp3,8845bd35cd07c5d97317817a2720f8f21466f2a0a46c960a27f32f10149c16c8ce935b77f8c495cfe09f0b34ec60d8bf347c982cc2ea4117f1d65756f7b91c34,indian,1,dev
common_voice_en_37016486.mp3,89278ec448c5f7fea4514ef9b15786dcad4d0cc382739a954418d911913218eed01e85fae9ca3dcbdb54c6a29232fd148be1f5d9f9da31e9dfaa42c5b895916e,indian,1,dev
common_voice_en_37016487.mp3,89278ec448c5f7fea4514ef9b15786dcad4d0cc382739a954418d911913218eed01e85fae9ca3dcbdb54c6a29232fd148be1f5d9f9da31e9dfaa42c5b895916e,indian,1,dev
common_voice_en_37016489.mp3,89278ec448c5f7fea4514ef9b15786dcad4d0cc382739a954418d911913218eed01e85fae9ca3dcbdb54c6a29232fd148be1f5d9f9da31e9dfaa42c5b895916e,indian,1,dev
common_voice_en_23782845.mp3,89544c1232a2ce7bbbb272178700598d0d8d7de9aaedaaff0854eb58ad8d03ddbf8da96608d0a966e802d9cd327b4f2e57fa4454ee3949e95b27fd3f41a4b4f5,indian,1,dev
common_voice_en_23782846.mp3,89544c1232a2ce7bbbb272178700598d0d8d7de9aaedaaff0854eb58ad8d03ddbf8da96608d0a966e802d9cd327b4f2e57fa4454ee3949e95b27fd3f41a4b4f5,indian,1,dev
common_voice_en_23782847.mp3,89544c1232a2ce7bbbb272178700598d0d8d7de9aaedaaff0854eb58ad8d03ddbf8da96608d0a966e802d9cd327b4f2e57fa4454ee3949e95b27fd3f41a4b4f5,indian,1,dev
common_voice_en_37377135.mp3,8ae47604d8ddac6e4b1af0e8fbd969693c3c941a28b18bc49250888556f5476f83635a36d4748e255a035f5518f37794f46bbe4b5ae6a0534bd2a8cce5d65219,england,0,dev
common_voice_en_37377136.mp3,8ae47604d8ddac6e4b1af0e8fbd969693c3c941a28b18bc49250888556f5476f83635a36d4748e255a035f5518f37794f46bbe4b5ae6a0534bd2a8cce5d65219,england,0,dev
common_voice_en_37377139.mp3,8ae47604d8ddac6e4b1af0e8fbd969693c3c941a28b18bc49250888556f5476f83635a36d4748e255a035f5518f37794f46bbe4b5ae6a0534bd2a8cce5d65219,england,0,dev
common_voice_en_23699221.mp3,8b42a3b5b6cce3d3198060e1a06441862819ba728d534ba4f90cfa8ea08150073825d6d40becaae578b321d4d4f8aa583f76a375203e3df5bb614faffe5e8b75,us,2,dev
common_voice_en_23699312.mp3,8b42a3b5b6cce3d3198060e1a06441862819ba728d534ba4f90cfa8ea08150073825d6d40becaae578b321d4d4f8aa583f76a375203e3df5bb614faffe5e8b75,us,2,dev
common_voice_en_23699314.mp3,8b42a3b5b6cce3d3198060e1a06441862819ba728d534ba4f90cfa8ea08150073825d6d40becaae578b321d4d4f8aa583f76a375203e3df5bb614faffe5e8b75,us,2,dev
common_voice_en_19531363.mp3,8d9c3f46e13a39515b66c018cde8c9f007a9c63626990ece93b9db041df06df65525e7297cd09eb57cdc258a9e0fa740551fa973848eee7b5c8b95ad3abd70e7,us,2,dev
common_voice_en_19531364.mp3,8d9c3f46e13a39515b66c018cde8c9f007a9c63626990ece93b9db041df06df65525e7297cd09eb57cdc258a9e0fa740551fa973848eee7b5c8b95ad3abd70e7,us,2,dev
common_voice_en_19531365.mp3,8d9c3f46e13a39515b66c018cde8c9f007a9c63626990ece93b9db041df06df65525e7297cd09eb57cdc258a9e0fa740551fa973848eee7b5c8b95ad3abd70e7,us,2,dev
common_voice_en_19940720.mp3,8eb5220c492508248f30d13c4b3b6fb45a5619160e83b3ba7b6b6ca2f6cb64503fa9353d6c86a0164773772aca0e9d3eccce701abcf8f86bd3c4f2de7c8f4765,england,0,dev
common_voice_en_19940940.mp3,8eb5220c492508248f30d13c4b3b6fb45a5619160e83b3ba7b6b6ca2f6cb64503fa9353d6c86a0164773772aca0e9d3eccce701abcf8f86bd3c4f2de7c8f4765,england,0,dev
common_voice_en_19940951.mp3,8eb5220c492508248f30d13c4b3b6fb45a5619160e83b3ba7b6b6ca2f6cb64503fa9353d6c86a0164773772aca0e9d3eccce701abcf8f86bd3c4f2de7c8f4765,england,0,dev
common_voice_en_31948405.mp3,8ee9206c5f141bf11ff2f91787b982b48a4f89e5a8bedf4bdb701d182d1eff791e8ab7bccd6b38ab889de36dc944d18f8ac0c5573a35c995ec11324f363e58b4,england,0,dev
common_voice_en_31948408.mp3,8ee9206c5f141bf11ff2f91787b982b48a4f89e5a8bedf4bdb701d182d1eff791e8ab7bccd6b38ab889de36dc944d18f8ac0c5573a35c995ec11324f363e58b4,england,0,dev
common_voice_en_31948413.mp3,8ee9206c5f141bf11ff2f91787b982b48a4f89e5a8bedf4bdb701d182d1eff791e8ab7bccd6b38ab889de36dc944d18f8ac0c5573a35c995ec11324f363e58b4,england,0,dev
common_voice_en_36612799.mp3,8f5930c8808c9731fed0c5f740412383609cfd45e2846e5ada36a2fafc2cdacc231f3110dd4301a020f8821bab2ceb306c70b82e40bd7baf4ae11d60e727d1e2,us,2,dev
common_voice_en_36612800.mp3,8f5930c8808c9731fed0c5f740412383609cfd45e2846e5ada36a2fafc2cdacc231f3110dd4301a020f8821bab2ceb306c70b82e40bd7baf4ae11d60e727d1e2,us,2,dev
common_voice_en_36612803.mp3,8f5930c8808c9731fed0c5f740412383609cfd45e2846e5ada36a2fafc2cdacc231f3110dd4301a020f8821bab2ceb306c70b82e40bd7baf4ae11d60e727d1e2,us,2,dev
common_voice_en_18833119.mp3,8fb98fd9e393e3c27a7eb1559cbb4dd67485690d3900b9f53cb72f19b589c25a5b761f86ba38884aa05d73aaf0c2b0179bd142c18eaf6a250303a8b92fb9457d,us,2,dev
common_voice_en_18833120.mp3,8fb98fd9e393e3c27a7eb1559cbb4dd67485690d3900b9f53cb72f19b589c25a5b761f86ba38884aa05d73aaf0c2b0179bd142c18eaf6a250303a8b92fb9457d,us,2,dev
common_voice_en_18833121.mp3,8fb98fd9e393e3c27a7eb1559cbb4dd67485690d3900b9f53cb72f19b589c25a5b761f86ba38884aa05d73aaf0c2b0179bd142c18eaf6a250303a8b92fb9457d,us,2,dev
common_voice_en_29769101.mp3,90f6a27af23b337ffb7a178e897126c955a129897c7eeac072dff0ec179072a97ad9751149b01ab9b73611e4af27ce6d0b17642aff6b6d16dd7a41c64872d20d,indian,1,dev
common_voice_en_29769104.mp3,90f6a27af23b337ffb7a178e897126c955a129897c7eeac072dff0ec179072a97ad9751149b01ab9b73611e4af27ce6d0b17642aff6b6d16dd7a41c64872d20d,indian,1,dev
common_voice_en_29769106.mp3,90f6a27af23b337ffb7a178e897126c955a129897c7eeac072dff0ec179072a97ad9751149b01ab9b73611e4af27ce6d0b17642aff6b6d16dd7a41c64872d20d,indian,1,dev
common_voice_en_37154099.mp3,90fff662d75d9e9425e4b92a5ad235d4a7a74fa608fe54d00ffab4b62f0377f9af8d9cd6e42036dbdc9757a590688d9d0f485f043943bb87e384a03dc372dad9,us,2,dev
common_voice_en_37154100.mp3,90fff662d75d9e9425e4b92a5ad235d4a7a74fa608fe54d00ffab4b62f0377f9af8d9cd6e42036dbdc9757a590688d9d0f485f043943bb87e384a03dc372dad9,us,2,dev
common_voice_en_37154103.mp3,90fff662d75d9e9425e4b92a5ad235d4a7a74fa608fe54d00ffab4b62f0377f9af8d9cd6e42036dbdc9757a590688d9d0f485f043943bb87e384a03dc372dad9,us,2,dev
common_voice_en_23726733.mp3,91e8e3640c95e5da4a80cd38b0f80c4a86c4933e5ac413c471639246b666532e1989372230f4bd8e1fe92ad4d80af2b33b1268d4094c684e65bed0397fcd5a59,us,2,dev
common_voice_en_23726734.mp3,91e8e3640c95e5da4a80cd38b0f80c4a86c4933e5ac413c471639246b666532e1989372230f4bd8e1fe92ad4d80af2b33b1268d4094c684e65bed0397fcd5a59,us,2,dev
common_voice_en_23726735.mp3,91e8e3640c95e5da4a80cd38b0f80c4a86c4933e5ac413c471639246b666532e1989372230f4bd8e1fe92ad4d80af2b33b1268d4094c684e65bed0397fcd5a59,us,2,dev
common_voice_en_21307715.mp3,926e9e09909f5b50b591046d112c31ab37dfdf40afbecef23ed5807a61ea9ebd88cc28ba8e0942bf71d45f79f04e10cdffb31b7e1331929e01033a8e733107fe,us,2,dev
common_voice_en_21307716.mp3,926e9e09909f5b50b591046d112c31ab37dfdf40afbecef23ed5807a61ea9ebd88cc28ba8e0942bf71d45f79f04e10cdffb31b7e1331929e01033a8e733107fe,us,2,dev
common_voice_en_21307719.mp3,926e9e09909f5b50b591046d112c31ab37dfdf40afbecef23ed5807a61ea9ebd88cc28ba8e0942bf71d45f79f04e10cdffb31b7e1331929e01033a8e733107fe,us,2,dev
common_voice_en_19170464.mp3,928d32f0b1ca3e047307a30590d87a5662bfabce73078348edb4fe2fe391cbd7ddb55dc4de8b4aaece5bd629fe80a22d7f9b15837bbc235b58d289bb8349e367,us,2,dev
common_voice_en_19170465.mp3,928d32f0b1ca3e047307a30590d87a5662bfabce73078348edb4fe2fe391cbd7ddb55dc4de8b4aaece5bd629fe80a22d7f9b15837bbc235b58d289bb8349e367,us,2,dev
common_voice_en_19170466.mp3,928d32f0b1ca3e047307a30590d87a5662bfabce73078348edb4fe2fe391cbd7ddb55dc4de8b4aaece5bd629fe80a22d7f9b15837bbc235b58d289bb8349e367,us,2,dev
common_voice_en_21831688.mp3,93b3fe225ff5ecbf207af1d4ffd35a030b290ed2230d88f68784d203426fa7ce5641c84fb573433f3b98f33d64b1be51a8b8081c0c3e755796120f344f9a3fbd,us,2,dev
common_voice_en_21831690.mp3,93b3fe225ff5ecbf207af1d4ffd35a030b290ed2230d88f68784d203426fa7ce5641c84fb573433f3b98f33d64b1be51a8b8081c0c3e755796120f344f9a3fbd,us,2,dev
common_voice_en_21831691.mp3,93b3fe225ff5ecbf207af1d4ffd35a030b290ed2230d88f68784d203426fa7ce5641c84fb573433f3b98f33d64b1be51a8b8081c0c3e755796120f344f9a3fbd,us,2,dev
common_voice_en_26964275.mp3,95b81b2567faad74728c3c3b9feaa38e0daab3c788365fe895721df01d1e0ad250566adb2ada1b98f6291359f61aa781c588441dd544752498a87a467dc8c43e,us,2,dev
common_voice_en_26964279.mp3,95b81b2567faad74728c3c3b9feaa38e0daab3c788365fe895721df01d1e0ad250566adb2ada1b98f6291359f61aa781c588441dd544752498a87a467dc8c43e,us,2,dev
common_voice_en_26964285.mp3,95b81b2567faad74728c3c3b9feaa38e0daab3c788365fe895721df01d1e0ad250566adb2ada1b98f6291359f61aa781c588441dd544752498a87a467dc8c43e,us,2,dev
common_voice_en_17246789.mp3,95b8db20964ea2fd4aafb1dbb62651e5d950dc8fb4c44b5fccb655a759d4d3d3bffbaf635e4a7a9b6bc591db43c4c3a418ee932c5b95214cd9cd29d3ca2872e9,us,2,dev
common_voice_en_649350.mp3,95b934de06c84b580af05ddc00c7ce94f54d2bdc8b77932aaed18b38c8e0c89f48dd18218593b8af65a881375532102880ec53f801dd28c6208910d91c0c2491,us,2,dev
common_voice_en_649351.mp3,95b934de06c84b580af05ddc00c7ce94f54d2bdc8b77932aaed18b38c8e0c89f48dd18218593b8af65a881375532102880ec53f801dd28c6208910d91c0c2491,us,2,dev
common_voice_en_34952310.mp3,9684653f43a316d62b7af04afd5dfa9a2e1a3acb3be3608fec335b6592b932346802b73662b3aa0be55b5db0471de205afa836d8bf126424b49414a61f633dbb,us,2,dev
common_voice_en_34952312.mp3,9684653f43a316d62b7af04afd5dfa9a2e1a3acb3be3608fec335b6592b932346802b73662b3aa0be55b5db0471de205afa836d8bf126424b49414a61f633dbb,us,2,dev
common_voice_en_34952313.mp3,9684653f43a316d62b7af04afd5dfa9a2e1a3acb3be3608fec335b6592b932346802b73662b3aa0be55b5db0471de205afa836d8bf126424b49414a61f633dbb,us,2,dev
common_voice_en_39466140.mp3,984298b42d815c34ee05fe622f01d0a5fbd78a82cf09860d370856fdbba57cfd87700b770e372f343eb0b9b304fcca3379aabbf3b8fced56c56c2edfbe123624,us,2,dev
common_voice_en_39466161.mp3,984298b42d815c34ee05fe622f01d0a5fbd78a82cf09860d370856fdbba57cfd87700b770e372f343eb0b9b304fcca3379aabbf3b8fced56c56c2edfbe123624,us,2,dev
common_voice_en_39466344.mp3,984298b42d815c34ee05fe622f01d0a5fbd78a82cf09860d370856fdbba57cfd87700b770e372f343eb0b9b304fcca3379aabbf3b8fced56c56c2edfbe123624,us,2,dev
common_voice_en_19706870.mp3,989f9a2389aa9578485fdc7e71e5dcf22e342ea7616b213ae5cc98c1e7a7f4bf268caf74d8c0ff779d854509a908ea5b246bfd503a5a10117c8bf9e65fdbca4e,us,2,dev
common_voice_en_19706872.mp3,989f9a2389aa9578485fdc7e71e5dcf22e342ea7616b213ae5cc98c1e7a7f4bf268caf74d8c0ff779d854509a908ea5b246bfd503a5a10117c8bf9e65fdbca4e,us,2,dev
common_voice_en_19706873.mp3,989f9a2389aa9578485fdc7e71e5dcf22e342ea7616b213ae5cc98c1e7a7f4bf268caf74d8c0ff779d854509a908ea5b246bfd503a5a10117c8bf9e65fdbca4e,us,2,dev
common_voice_en_17990805.mp3,98cc0a5ca29a1f239e67dc74995b095d45ba90e01de3bace6fcfddb90711e5e343d9eff2da1a1d40daa4b12e3333b7628d220a926220318dcb12513cdade1dfb,us,2,dev
common_voice_en_17870495.mp3,99f707a00b502a6e0680e446cb26c9aceabb8074c349423e97661ff23d309e0fa8b4bb65f2e98e06130af6ca4e7f7465ec6782cdfc2edb78ab38220bbcad0407,indian,1,dev
common_voice_en_18558308.mp3,9a3b2f5774d1840078ee6c7ddd6013d21f5c9f9aefcd2a1cab767ad77d4b8597950968238a756665ce308155f35352dbea8ace1f19c936c7234574e4d5f737ba,indian,1,dev
common_voice_en_18558309.mp3,9a3b2f5774d1840078ee6c7ddd6013d21f5c9f9aefcd2a1cab767ad77d4b8597950968238a756665ce308155f35352dbea8ace1f19c936c7234574e4d5f737ba,indian,1,dev
common_voice_en_18558310.mp3,9a3b2f5774d1840078ee6c7ddd6013d21f5c9f9aefcd2a1cab767ad77d4b8597950968238a756665ce308155f35352dbea8ace1f19c936c7234574e4d5f737ba,indian,1,dev
common_voice_en_580105.mp3,9a7fb8df294d66390619e5f2e943acd6d22c77d5637520a6be7f38d2e92fa754537a8ee51760ae2a919bdf0d5fa100b7a12b53e315020152aacfdfda423e2d80,us,2,dev
common_voice_en_580106.mp3,9a7fb8df294d66390619e5f2e943acd6d22c77d5637520a6be7f38d2e92fa754537a8ee51760ae2a919bdf0d5fa100b7a12b53e315020152aacfdfda423e2d80,us,2,dev
common_voice_en_18105579.mp3,9d0480cbab4b2631f1ebc52aad1c0abcd457af3e01d8510580499cb9e191cdadcefef13a1411b45592c0b7a3bb2bbc42528706a3e8c259d20b3707120972469f,indian,1,dev
common_voice_en_23376297.mp3,9dc43fac9d7fd01bfd296f0b78963ac2ce5a520264ae9d6ae20654eeb273e1c3e27369a9c2835b824a88815f993e9be06090e8f4c3dabbeb794e723c21df2ea9,us,2,dev
common_voice_en_23376298.mp3,9dc43fac9d7fd01bfd296f0b78963ac2ce5a520264ae9d6ae20654eeb273e1c3e27369a9c2835b824a88815f993e9be06090e8f4c3dabbeb794e723c21df2ea9,us,2,dev
common_voice_en_23376300.mp3,9dc43fac9d7fd01bfd296f0b78963ac2ce5a520264ae9d6ae20654eeb273e1c3e27369a9c2835b824a88815f993e9be06090e8f4c3dabbeb794e723c21df2ea9,us,2,dev
common_voice_en_37693314.mp3,9ef51e78fde548314c401ac62f941b696823128c5024cf8053a82c112a94b7bd9fbfa296c4da9c0fa065a6171d1da3fd4a4d593984ad5b71b8bec98a7d996c04,england,0,dev
common_voice_en_37693317.mp3,9ef51e78fde548314c401ac62f941b696823128c5024cf8053a82c112a94b7bd9fbfa296c4da9c0fa065a6171d1da3fd4a4d593984ad5b71b8bec98a7d996c04,england,0,dev
common_voice_en_37693318.mp3,9ef51e78fde548314c401ac62f941b696823128c5024cf8053a82c112a94b7bd9fbfa296c4da9c0fa065a6171d1da3fd4a4d593984ad5b71b8bec98a7d996c04,england,0,dev
common_voice_en_38022888.mp3,a08790e31a5c49e8c4e108510f5b1b9a4f3e4bdc8d04e056bbb4ccf3dddb54fe263fa1b26aa3e0bd123e11878970de3503351a8ab155d1a83df876edeea83d5d,us,2,dev
common_voice_en_38022889.mp3,a08790e31a5c49e8c4e108510f5b1b9a4f3e4bdc8d04e056bbb4ccf3dddb54fe263fa1b26aa3e0bd123e11878970de3503351a8ab155d1a83df876edeea83d5d,us,2,dev
common_voice_en_38022890.mp3,a08790e31a5c49e8c4e108510f5b1b9a4f3e4bdc8d04e056bbb4ccf3dddb54fe263fa1b26aa3e0bd123e11878970de3503351a8ab155d1a83df876edeea83d5d,us,2,dev
common_voice_en_37190770.mp3,a12a15d696831987fe506c182ddac87eb8ded8bc29b64712c31c64fa1deba61458ef24ad3350b214d13b3ef440478b51f7099f8117380ea67aa7b8448a7adb05,us,2,dev
common_voice_en_37190773.mp3,a12a15d696831987fe506c182ddac87eb8ded8bc29b64712c31c64fa1deba61458ef24ad3350b214d13b3ef440478b51f7099f8117380ea67aa7b8448a7adb05,us,2,dev
common_voice_en_37190776.mp3,a12a15d696831987fe506c182ddac87eb8ded8bc29b64712c31c64fa1deba61458ef24ad3350b214d13b3ef440478b51f7099f8117380ea67aa7b8448a7adb05,us,2,dev
common_voice_en_36886993.mp3,a2d085945e69f75f65ddf149cdc2afb16222d1ed02012779c7584f03332cd4ac6962c96e6a4fed81d01be799e215e76e4a7b4d4ce56e3541c448690f91f9bc33,us,2,dev
common_voice_en_36886995.mp3,a2d085945e69f75f65ddf149cdc2afb16222d1ed02012779c7584f03332cd4ac6962c96e6a4fed81d01be799e215e76e4a7b4d4ce56e3541c448690f91f9bc33,us,2,dev
common_voice_en_36886996.mp3,a2d085945e69f75f65ddf149cdc2afb16222d1ed02012779c7584f03332cd4ac6962c96e6a4fed81d01be799e215e76e4a7b4d4ce56e3541c448690f91f9bc33,us,2,dev
common_voice_en_19976509.mp3,a3c39cffe6725ab0be298e246f6d138eca1f648329f62fa69ea8b9b4ca555d139fd55aeef9861b9c80c94dad7a3fc3bbd2d5bca786ff20f663b9e3ad6c0d1952,us,2,dev
common_voice_en_19976510.mp3,a3c39cffe6725ab0be298e246f6d138eca1f648329f62fa69ea8b9b4ca555d139fd55aeef9861b9c80c94dad7a3fc3bbd2d5bca786ff20f663b9e3ad6c0d1952,us,2,dev
common_voice_en_19976512.mp3,a3c39cffe6725ab0be298e246f6d138eca1f648329f62fa69ea8b9b4ca555d139fd55aeef9861b9c80c94dad7a3fc3bbd2d5bca786ff20f663b9e3ad6c0d1952,us,2,dev
common_voice_en_1441794.mp3,a5a8439119afd40597cbf02985d573f08e1bb9340f75d5645d59fc74e3e6386986718aec47650bdd08868994e22c8b0aaafb2d6578eb95fda7a828d8f873f08e,indian,1,dev
common_voice_en_37258821.mp3,a5b7ee8670377925d5957a376f6a7c9242abfc797099af654004798fbc5eb92ca6bd0ecd6780dc9327ff452bff5ab79c427abd8bf0e5a920e6a71497a484d69f,us,2,dev
common_voice_en_37258824.mp3,a5b7ee8670377925d5957a376f6a7c9242abfc797099af654004798fbc5eb92ca6bd0ecd6780dc9327ff452bff5ab79c427abd8bf0e5a920e6a71497a484d69f,us,2,dev
common_voice_en_37258825.mp3,a5b7ee8670377925d5957a376f6a7c9242abfc797099af654004798fbc5eb92ca6bd0ecd6780dc9327ff452bff5ab79c427abd8bf0e5a920e6a71497a484d69f,us,2,dev
common_voice_en_27678214.mp3,a7ff639e5fe93f74afb093bd050e2f76582f535d33e42f5d869e730f9d2964c78e0ff1e7f557c13385fd92346aa4ea0f09e28e0e4cfdbaa9a3f788d38db4f3e3,us,2,dev
common_voice_en_27678215.mp3,a7ff639e5fe93f74afb093bd050e2f76582f535d33e42f5d869e730f9d2964c78e0ff1e7f557c13385fd92346aa4ea0f09e28e0e4cfdbaa9a3f788d38db4f3e3,us,2,dev
common_voice_en_27678216.mp3,a7ff639e5fe93f74afb093bd050e2f76582f535d33e42f5d869e730f9d2964c78e0ff1e7f557c13385fd92346aa4ea0f09e28e0e4cfdbaa9a3f788d38db4f3e3,us,2,dev
common_voice_en_19354305.mp3,a832136b89ed17f266d054efa0e70b350ce7df51e54a2ed5e7c205aa93073c3512da8940988f5d8c6cc0b53e74f845b4dcc5cce526510e5ca6df921fe1961f41,us,2,dev
common_voice_en_19354307.mp3,a832136b89ed17f266d054efa0e70b350ce7df51e54a2ed5e7c205aa93073c3512da8940988f5d8c6cc0b53e74f845b4dcc5cce526510e5ca6df921fe1961f41,us,2,dev
common_voice_en_19354309.mp3,a832136b89ed17f266d054efa0e70b350ce7df51e54a2ed5e7c205aa93073c3512da8940988f5d8c6cc0b53e74f845b4dcc5cce526510e5ca6df921fe1961f41,us,2,dev
common_voice_en_33550651.mp3,aa07179a15155b4a7816d506330ed21be2a32131d2bc55afb16670a92f8ae87bfe9fc3aa07ca9f1bb6eadcdc17645c58f944a85027b3d26455257e61fd1f019b,england,0,dev
common_voice_en_33550652.mp3,aa07179a15155b4a7816d506330ed21be2a32131d2bc55afb16670a92f8ae87bfe9fc3aa07ca9f1bb6eadcdc17645c58f944a85027b3d26455257e61fd1f019b,england,0,dev
common_voice_en_33550655.mp3,aa07179a15155b4a7816d506330ed21be2a32131d2bc55afb16670a92f8ae87bfe9fc3aa07ca9f1bb6eadcdc17645c58f944a85027b3d26455257e61fd1f019b,england,0,dev
common_voice_en_38176703.mp3,aad6a8b4cf56b300656298a3531844aa63a54ad1e4caf8b232c683d153fdb8302787a8a433e4e68acc3659bc748f0f1f5dc9acc6d4add0e26ed0772a5586e143,indian,1,dev
common_voice_en_38176711.mp3,aad6a8b4cf56b300656298a3531844aa63a54ad1e4caf8b232c683d153fdb8302787a8a433e4e68acc3659bc748f0f1f5dc9acc6d4add0e26ed0772a5586e143,indian,1,dev
common_voice_en_38176713.mp3,aad6a8b4cf56b300656298a3531844aa63a54ad1e4caf8b232c683d153fdb8302787a8a433e4e68acc3659bc748f0f1f5dc9acc6d4add0e26ed0772a5586e143,indian,1,dev
common_voice_en_19674114.mp3,ab5fe9cc48b1c6be770c9411113c486d93504b378953fb0156b49b3b6da20914217a07f419582d28d106f3b4cc1fd6c7616f3bf20a2598b97390ef0220f20339,us,2,dev
common_voice_en_19674115.mp3,ab5fe9cc48b1c6be770c9411113c486d93504b378953fb0156b49b3b6da20914217a07f419582d28d106f3b4cc1fd6c7616f3bf20a2598b97390ef0220f20339,us,2,dev
common_voice_en_19674116.mp3,ab5fe9cc48b1c6be770c9411113c486d93504b378953fb0156b49b3b6da20914217a07f419582d28d106f3b4cc1fd6c7616f3bf20a2598b97390ef0220f20339,us,2,dev
common_voice_en_39817286.mp3,ac14b3bc99fbcadf3ca7cfb0902af74514cb0a7d79e19b2bab82e337b5355e186df9d7e630aefc5e81e43cd2a748fd4c27a9b986562244f6d504dcad2d657fb3,england,0,dev
common_voice_en_39817287.mp3,ac14b3bc99fbcadf3ca7cfb0902af74514cb0a7d79e19b2bab82e337b5355e186df9d7e630aefc5e81e43cd2a748fd4c27a9b986562244f6d504dcad2d657fb3,england,0,dev
common_voice_en_39817358.mp3,ac14b3bc99fbcadf3ca7cfb0902af74514cb0a7d79e19b2bab82e337b5355e186df9d7e630aefc5e81e43cd2a748fd4c27a9b986562244f6d504dcad2d657fb3,england,0,dev
common_voice_en_26955603.mp3,ad288a31876f0110bfa65f87d2f74aa8bdddea34235998585691f2a8bfb3a0bb092eeb372ebaf9b8d169d6dec11720de29455b0809c68003a1d9abf84f66979f,us,2,dev
common_voice_en_26955604.mp3,ad288a31876f0110bfa65f87d2f74aa8bdddea34235998585691f2a8bfb3a0bb092eeb372ebaf9b8d169d6dec11720de29455b0809c68003a1d9abf84f66979f,us,2,dev
common_voice_en_26955606.mp3,ad288a31876f0110bfa65f87d2f74aa8bdddea34235998585691f2a8bfb3a0bb092eeb372ebaf9b8d169d6dec11720de29455b0809c68003a1d9abf84f66979f,us,2,dev
common_voice_en_17288374.mp3,ad518e10027419ef43066c0a60dcd6f29e97b53775a352871c4298c87cf9929bd0c2c20d5920ab3f9c24b3dc5cd5eda2d5d5d1d94f0c833bb16bc50e6ee5cea3,us,2,dev
common_voice_en_18814346.mp3,ae7478446be539a012a90aba0da0d8516ee8571c3b41f0111f070f7d80b1a777c66f3982f8e7d6ea06c1505d41038bfc1570012f1bb1dc24940c2ba8a4648ad3,us,2,dev
common_voice_en_18814347.mp3,ae7478446be539a012a90aba0da0d8516ee8571c3b41f0111f070f7d80b1a777c66f3982f8e7d6ea06c1505d41038bfc1570012f1bb1dc24940c2ba8a4648ad3,us,2,dev
common_voice_en_18814349.mp3,ae7478446be539a012a90aba0da0d8516ee8571c3b41f0111f070f7d80b1a777c66f3982f8e7d6ea06c1505d41038bfc1570012f1bb1dc24940c2ba8a4648ad3,us,2,dev
common_voice_en_17768667.mp3,b078ae018c413b1880b0e6e54b5bd924d33900d05f7275df1159d01a4e244fe214d0721b0c8190b873beafa60475ceae233d4105c5f4070e81e2846401998eaf,england,0,dev
common_voice_en_17768668.mp3,b078ae018c413b1880b0e6e54b5bd924d33900d05f7275df1159d01a4e244fe214d0721b0c8190b873beafa60475ceae233d4105c5f4070e81e2846401998eaf,england,0,dev
common_voice_en_541287.mp3,b0dd7ba726d9d42f26811f1082fe01f5cdfe398882621434f1fcb5a8f0f1b32b0b54ac78cdd14a24423594bcd03d26f8cfa787c13baffb6810d3dd8f4a779afa,indian,1,dev
common_voice_en_19685469.mp3,b101ac368a137db0bca30dc73f5474015c0640f32b8f95c38277bcfd6b17c4cc890b70eaa83ca6f2a06c470e9018ff58acd8a6bf66478a41be09c8dfc1da4ac6,indian,1,dev
common_voice_en_19685471.mp3,b101ac368a137db0bca30dc73f5474015c0640f32b8f95c38277bcfd6b17c4cc890b70eaa83ca6f2a06c470e9018ff58acd8a6bf66478a41be09c8dfc1da4ac6,indian,1,dev
common_voice_en_19685473.mp3,b101ac368a137db0bca30dc73f5474015c0640f32b8f95c38277bcfd6b17c4cc890b70eaa83ca6f2a06c470e9018ff58acd8a6bf66478a41be09c8dfc1da4ac6,indian,1,dev
common_voice_en_17292485.mp3,b11cb74765b189cba12b5c4308d53eac20a7b0fe53e8c46b5af8a46177f0dfebf8512c5b85d13984d40b2af42dc0a7b1a5382dbc07da67ccee4ce101b22d4bbf,indian,1,dev
common_voice_en_27987794.mp3,b21de6807fffeba828f23b5883c116df3392b58f4f99b33d80c268e25777668a723d45ba1c7d05aa1b35ed949caa1d9132fbe02ff84002da3ff1f902e897746d,us,2,dev
common_voice_en_27987795.mp3,b21de6807fffeba828f23b5883c116df3392b58f4f99b33d80c268e25777668a723d45ba1c7d05aa1b35ed949caa1d9132fbe02ff84002da3ff1f902e897746d,us,2,dev
common_voice_en_27987796.mp3,b21de6807fffeba828f23b5883c116df3392b58f4f99b33d80c268e25777668a723d45ba1c7d05aa1b35ed949caa1d9132fbe02ff84002da3ff1f902e897746d,us,2,dev
common_voice_en_36751006.mp3,b23d8c133a7c1cc720dc8365415b0add0aa9f6ec1a4b45d720eedf2089eec330d976c99f465b498d54d7df20ea055279ba5b2e5e3824f1876d93af7cccf1c4db,us,2,dev
common_voice_en_36751041.mp3,b23d8c133a7c1cc720dc8365415b0add0aa9f6ec1a4b45d720eedf2089eec330d976c99f465b498d54d7df20ea055279ba5b2e5e3824f1876d93af7cccf1c4db,us,2,dev
common_voice_en_36751051.mp3,b23d8c133a7c1cc720dc8365415b0add0aa9f6ec1a4b45d720eedf2089eec330d976c99f465b498d54d7df20ea055279ba5b2e5e3824f1876d93af7cccf1c4db,us,2,dev
common_voice_en_275174.mp3,b2b221a566b114496f4d8e1476b517ccad3427e88343ea2e66e89127082d82b7193add950118daec6c2c3bdd22aab71abdf271709cb03c1f187be9aa42515937,us,2,dev
common_voice_en_20168125.mp3,b438951cbbcd670b7b9e99e4b9e0a3812986b664d23fc2d7afb5ca65420effebc504e00de7cf12a90cf6e2c7d32980e0ba9f148c673c30ed9d332b107b363372,us,2,dev
common_voice_en_20168126.mp3,b438951cbbcd670b7b9e99e4b9e0a3812986b664d23fc2d7afb5ca65420effebc504e00de7cf12a90cf6e2c7d32980e0ba9f148c673c30ed9d332b107b363372,us,2,dev
common_voice_en_20168127.mp3,b438951cbbcd670b7b9e99e4b9e0a3812986b664d23fc2d7afb5ca65420effebc504e00de7cf12a90cf6e2c7d32980e0ba9f148c673c30ed9d332b107b363372,us,2,dev
common_voice_en_19526856.mp3,b4d84da28893d974f362342c48ee5a47e13dedbae4a28abdfdda40418f90badcffa8a5ab75ec6944e12bbe68dbac8d97eb08736fb30cbcf80baac5d2fa2835d0,us,2,dev
common_voice_en_19526858.mp3,b4d84da28893d974f362342c48ee5a47e13dedbae4a28abdfdda40418f90badcffa8a5ab75ec6944e12bbe68dbac8d97eb08736fb30cbcf80baac5d2fa2835d0,us,2,dev
common_voice_en_19526859.mp3,b4d84da28893d974f362342c48ee5a47e13dedbae4a28abdfdda40418f90badcffa8a5ab75ec6944e12bbe68dbac8d97eb08736fb30cbcf80baac5d2fa2835d0,us,2,dev
common_voice_en_25150469.mp3,b4f42e39378d93e8dbfced78bbf812a8cc9189b8dfbb1c6645703265e04ab91bedc692dbfa2b975577e7674dd6c8f12fb351477a3655c9646374d3f3b3fbc1a6,indian,1,dev
common_voice_en_25150471.mp3,b4f42e39378d93e8dbfced78bbf812a8cc9189b8dfbb1c6645703265e04ab91bedc692dbfa2b975577e7674dd6c8f12fb351477a3655c9646374d3f3b3fbc1a6,indian,1,dev
common_voice_en_25150475.mp3,b4f42e39378d93e8dbfced78bbf812a8cc9189b8dfbb1c6645703265e04ab91bedc692dbfa2b975577e7674dd6c8f12fb351477a3655c9646374d3f3b3fbc1a6,indian,1,dev
common_voice_en_37196196.mp3,b57b75e4a936b5559ce319303bbf645e8a2150354923cbf89bba96bba3d522ff4e18c0577af9c0c2c01d8bd458f3848aaef303374f63fd2bd1d379816bbd102d,us,2,dev
common_voice_en_37196197.mp3,b57b75e4a936b5559ce319303bbf645e8a2150354923cbf89bba96bba3d522ff4e18c0577af9c0c2c01d8bd458f3848aaef303374f63fd2bd1d379816bbd102d,us,2,dev
common_voice_en_37196200.mp3,b57b75e4a936b5559ce319303bbf645e8a2150354923cbf89bba96bba3d522ff4e18c0577af9c0c2c01d8bd458f3848aaef303374f63fd2bd1d379816bbd102d,us,2,dev
common_voice_en_552048.mp3,b6fe487d2b4d6f2bb1ff0d2eb326dc9df7ec6cce8c7a6bd829e1b496b5bc7fe7e1795ea20ea983ea395890501eed4d9e06dd601bff1ca4dbfd105c7a0af07007,us,2,dev
common_voice_en_19658866.mp3,b7a1dc5b133918c6ab8befa56e4917f90a20443c43c399a4f7533ecd3ad7404f9ba50f3f418563122394a53139b06a9bc9c68da20f3ae79e173168ec6b2a45b0,indian,1,dev
common_voice_en_19658868.mp3,b7a1dc5b133918c6ab8befa56e4917f90a20443c43c399a4f7533ecd3ad7404f9ba50f3f418563122394a53139b06a9bc9c68da20f3ae79e173168ec6b2a45b0,indian,1,dev
common_voice_en_19658869.mp3,b7a1dc5b133918c6ab8befa56e4917f90a20443c43c399a4f7533ecd3ad7404f9ba50f3f418563122394a53139b06a9bc9c68da20f3ae79e173168ec6b2a45b0,indian,1,dev
common_voice_en_37037383.mp3,bbbbf1cbab314a1ceac75e4d8b74f24046ef79ca2cfb645bd3a8f5d8f7fb1218a76e860983a3ba120f5a5c9e0954010c54556610201c16f45a7fe34482f6950e,us,2,dev
common_voice_en_37037385.mp3,bbbbf1cbab314a1ceac75e4d8b74f24046ef79ca2cfb645bd3a8f5d8f7fb1218a76e860983a3ba120f5a5c9e0954010c54556610201c16f45a7fe34482f6950e,us,2,dev
common_voice_en_37037386.mp3,bbbbf1cbab314a1ceac75e4d8b74f24046ef79ca2cfb645bd3a8f5d8f7fb1218a76e860983a3ba120f5a5c9e0954010c54556610201c16f45a7fe34482f6950e,us,2,dev
common_voice_en_29312520.mp3,be3b6870a8ee6190fbc61db5917c934a119f7d9d7ad6b087bfe315cf902a7d9a39b997a3d35d0e51afd25b68cf62e13c0d7fb50183e4509f27695ae5e007155f,us,2,dev
common_voice_en_29312521.mp3,be3b6870a8ee6190fbc61db5917c934a119f7d9d7ad6b087bfe315cf902a7d9a39b997a3d35d0e51afd25b68cf62e13c0d7fb50183e4509f27695ae5e007155f,us,2,dev
common_voice_en_29312522.mp3,be3b6870a8ee6190fbc61db5917c934a119f7d9d7ad6b087bfe315cf902a7d9a39b997a3d35d0e51afd25b68cf62e13c0d7fb50183e4509f27695ae5e007155f,us,2,dev
common_voice_en_24026915.mp3,be56b5e4cbed03bfeb30b1eda0449676ece710e38985d9aac2aa6215a84f2e64d38c0de97283914b3bf8706632d3accbba54179453a2e61e4e44f78a72c3d872,indian,1,dev
common_voice_en_24026916.mp3,be56b5e4cbed03bfeb30b1eda0449676ece710e38985d9aac2aa6215a84f2e64d38c0de97283914b3bf8706632d3accbba54179453a2e61e4e44f78a72c3d872,indian,1,dev
common_voice_en_24026918.mp3,be56b5e4cbed03bfeb30b1eda0449676ece710e38985d9aac2aa6215a84f2e64d38c0de97283914b3bf8706632d3accbba54179453a2e61e4e44f78a72c3d872,indian,1,dev
common_voice_en_36826381.mp3,bfb6b07cbe8a61d66ff586e0e825962b34c5c5f52b49bd8788122a73f17bd8bced52ec0856e47a8b2e339bf07e0f813f1daebe2cfb08569a942ac3d766d284bd,us,2,dev
common_voice_en_36826383.mp3,bfb6b07cbe8a61d66ff586e0e825962b34c5c5f52b49bd8788122a73f17bd8bced52ec0856e47a8b2e339bf07e0f813f1daebe2cfb08569a942ac3d766d284bd,us,2,dev
common_voice_en_36826384.mp3,bfb6b07cbe8a61d66ff586e0e825962b34c5c5f52b49bd8788122a73f17bd8bced52ec0856e47a8b2e339bf07e0f813f1daebe2cfb08569a942ac3d766d284bd,us,2,dev
common_voice_en_19706746.mp3,c13a9ab1cac50c32ec8299d725d4f5d01cae7268551516e68b6e947989afab1be285df537e9a4f647f8c271a22e32bb6d8cd719b9911fcf7cf03c668fa15c6ed,indian,1,dev
common_voice_en_19706750.mp3,c13a9ab1cac50c32ec8299d725d4f5d01cae7268551516e68b6e947989afab1be285df537e9a4f647f8c271a22e32bb6d8cd719b9911fcf7cf03c668fa15c6ed,indian,1,dev
common_voice_en_19706752.mp3,c13a9ab1cac50c32ec8299d725d4f5d01cae7268551516e68b6e947989afab1be285df537e9a4f647f8c271a22e32bb6d8cd719b9911fcf7cf03c668fa15c6ed,indian,1,dev
common_voice_en_22603441.mp3,c1bd96d18052ba3a74b2390e1bf445c27e3da3c1954b6d5efb17aeb742dfd0e07d3a23a4ad0c978e77ffa1cbdd61d9cb999644f488053fb37a82b8d68ae0a665,us,2,dev
common_voice_en_22603442.mp3,c1bd96d18052ba3a74b2390e1bf445c27e3da3c1954b6d5efb17aeb742dfd0e07d3a23a4ad0c978e77ffa1cbdd61d9cb999644f488053fb37a82b8d68ae0a665,us,2,dev
common_voice_en_22603443.mp3,c1bd96d18052ba3a74b2390e1bf445c27e3da3c1954b6d5efb17aeb742dfd0e07d3a23a4ad0c978e77ffa1cbdd61d9cb999644f488053fb37a82b8d68ae0a665,us,2,dev
common_voice_en_19933238.mp3,c29e99e9aa525b6d3a6a2dda499cbb03e1283fb47d759a52b113b4ab8dfd9db767dfdb550106cb50a1d26dbd2f8191e0a268a4b0e6b38f61c05892439a7e4c2d,us,2,dev
common_voice_en_19933253.mp3,c29e99e9aa525b6d3a6a2dda499cbb03e1283fb47d759a52b113b4ab8dfd9db767dfdb550106cb50a1d26dbd2f8191e0a268a4b0e6b38f61c05892439a7e4c2d,us,2,dev
common_voice_en_19933256.mp3,c29e99e9aa525b6d3a6a2dda499cbb03e1283fb47d759a52b113b4ab8dfd9db767dfdb550106cb50a1d26dbd2f8191e0a268a4b0e6b38f61c05892439a7e4c2d,us,2,dev
common_voice_en_36716140.mp3,c2c08a3e42fea730af8e9243a7cf6797f6b6861c34012b9c7eb077c1218e34c3801066e38430ae443913ab06cc066c44dab1302c0cbf09737d5d3a1de78236a5,us,2,dev
common_voice_en_36716141.mp3,c2c08a3e42fea730af8e9243a7cf6797f6b6861c34012b9c7eb077c1218e34c3801066e38430ae443913ab06cc066c44dab1302c0cbf09737d5d3a1de78236a5,us,2,dev
common_voice_en_36716144.mp3,c2c08a3e42fea730af8e9243a7cf6797f6b6861c34012b9c7eb077c1218e34c3801066e38430ae443913ab06cc066c44dab1302c0cbf09737d5d3a1de78236a5,us,2,dev
common_voice_en_38267257.mp3,c34dbf489b22b2bcb388ae8b9d7bec008f16ab6a85b812f85832dee24d50921b10c1b9281625bff066ef62693cd68dd6833d6883ba87d2c19cb8cea61647a891,us,2,dev
common_voice_en_38267258.mp3,c34dbf489b22b2bcb388ae8b9d7bec008f16ab6a85b812f85832dee24d50921b10c1b9281625bff066ef62693cd68dd6833d6883ba87d2c19cb8cea61647a891,us,2,dev
common_voice_en_38267260.mp3,c34dbf489b22b2bcb388ae8b9d7bec008f16ab6a85b812f85832dee24d50921b10c1b9281625bff066ef62693cd68dd6833d6883ba87d2c19cb8cea61647a891,us,2,dev
common_voice_en_38513469.mp3,c3e52df96b72bdfdcce12d16c2c13717697d21599e8f3ba1f469743c8eec5c9791d13c4d8bfda507bc1393ad6ec99e1e2b8fd733c5e726da38226803202f3d20,us,2,dev
common_voice_en_38513497.mp3,c3e52df96b72bdfdcce12d16c2c13717697d21599e8f3ba1f469743c8eec5c9791d13c4d8bfda507bc1393ad6ec99e1e2b8fd733c5e726da38226803202f3d20,us,2,dev
common_voice_en_38513503.mp3,c3e52df96b72bdfdcce12d16c2c13717697d21599e8f3ba1f469743c8eec5c9791d13c4d8bfda507bc1393ad6ec99e1e2b8fd733c5e726da38226803202f3d20,us,2,dev
common_voice_en_20078605.mp3,c58ab47cb2d942034034b25fa075a0fa3e0334f3007f2acae6fddf16f9f0a73b7e67b5ed1ff1396544a31d4a73af6fdec5f47ebce15c2c07eba0044ecb72bd81,us,2,dev
common_voice_en_20078606.mp3,c58ab47cb2d942034034b25fa075a0fa3e0334f3007f2acae6fddf16f9f0a73b7e67b5ed1ff1396544a31d4a73af6fdec5f47ebce15c2c07eba0044ecb72bd81,us,2,dev
common_voice_en_20078608.mp3,c58ab47cb2d942034034b25fa075a0fa3e0334f3007f2acae6fddf16f9f0a73b7e67b5ed1ff1396544a31d4a73af6fdec5f47ebce15c2c07eba0044ecb72bd81,us,2,dev
common_voice_en_19724903.mp3,c5a1925e9501f6cedc98386112bc6880c0f48f441cd0cd6290c324e7fa7f5d26c8c8dd03125d583486406e9c41f2c97ffb60ad4de61a1f87f0d2ce268fa6a7ac,indian,1,dev
common_voice_en_19724905.mp3,c5a1925e9501f6cedc98386112bc6880c0f48f441cd0cd6290c324e7fa7f5d26c8c8dd03125d583486406e9c41f2c97ffb60ad4de61a1f87f0d2ce268fa6a7ac,indian,1,dev
common_voice_en_19724907.mp3,c5a1925e9501f6cedc98386112bc6880c0f48f441cd0cd6290c324e7fa7f5d26c8c8dd03125d583486406e9c41f2c97ffb60ad4de61a1f87f0d2ce268fa6a7ac,indian,1,dev
common_voice_en_25259028.mp3,c6a9982446da332317ff8b9a78a3d3d9b8cdf5bb527b829c9c52cd22e95a22b4b0fc3134bd0706fdf3da89a0b00a399705a48f898979e5144eba9897914d4c9c,indian,1,dev
common_voice_en_25259044.mp3,c6a9982446da332317ff8b9a78a3d3d9b8cdf5bb527b829c9c52cd22e95a22b4b0fc3134bd0706fdf3da89a0b00a399705a48f898979e5144eba9897914d4c9c,indian,1,dev
common_voice_en_25259050.mp3,c6a9982446da332317ff8b9a78a3d3d9b8cdf5bb527b829c9c52cd22e95a22b4b0fc3134bd0706fdf3da89a0b00a399705a48f898979e5144eba9897914d4c9c,indian,1,dev
common_voice_en_32704289.mp3,c89c98e09ba291a59dcf50274f317afea219dc8f066c3eac70d7c7136cb2bdb775d92071cdc15f8cec21bc102a30e45278c0bdda43bd324b5ef33952236032f2,us,2,dev
common_voice_en_32704290.mp3,c89c98e09ba291a59dcf50274f317afea219dc8f066c3eac70d7c7136cb2bdb775d92071cdc15f8cec21bc102a30e45278c0bdda43bd324b5ef33952236032f2,us,2,dev
common_voice_en_32704291.mp3,c89c98e09ba291a59dcf50274f317afea219dc8f066c3eac70d7c7136cb2bdb775d92071cdc15f8cec21bc102a30e45278c0bdda43bd324b5ef33952236032f2,us,2,dev
common_voice_en_33373358.mp3,c8a48c76961ead5b1fc01d2a5869e0c53c738d8634ca1b5db6e56650472444d0c8479511f02e8f9f7030b9909bc3e0989acae59991b60da39e0da2e165fb70b9,indian,1,dev
common_voice_en_33373359.mp3,c8a48c76961ead5b1fc01d2a5869e0c53c738d8634ca1b5db6e56650472444d0c8479511f02e8f9f7030b9909bc3e0989acae59991b60da39e0da2e165fb70b9,indian,1,dev
common_voice_en_33373360.mp3,c8a48c76961ead5b1fc01d2a5869e0c53c738d8634ca1b5db6e56650472444d0c8479511f02e8f9f7030b9909bc3e0989acae59991b60da39e0da2e165fb70b9,indian,1,dev
common_voice_en_37515634.mp3,c91318d16410d13e8e9d826edd7fe6214a90080b4941f2ab0ec72cc4639fb081bbfdf50c640f49e3736c307cad3152d7863d1869298713ff4d72c0b5eadcb2f5,us,2,dev
common_voice_en_37515637.mp3,c91318d16410d13e8e9d826edd7fe6214a90080b4941f2ab0ec72cc4639fb081bbfdf50c640f49e3736c307cad3152d7863d1869298713ff4d72c0b5eadcb2f5,us,2,dev
common_voice_en_38286928.mp3,c91318d16410d13e8e9d826edd7fe6214a90080b4941f2ab0ec72cc4639fb081bbfdf50c640f49e3736c307cad3152d7863d1869298713ff4d72c0b5eadcb2f5,us,2,dev
common_voice_en_22790289.mp3,c953786c63003d2ff02c734c1456e2d59767df268c0af3d971bbb08aed2fda1f528c8f42cebe49c5f23a18c8ac787c5666e17b195beb481697012b0e6d83801c,us,2,dev
common_voice_en_22790292.mp3,c953786c63003d2ff02c734c1456e2d59767df268c0af3d971bbb08aed2fda1f528c8f42cebe49c5f23a18c8ac787c5666e17b195beb481697012b0e6d83801c,us,2,dev
common_voice_en_22790293.mp3,c953786c63003d2ff02c734c1456e2d59767df268c0af3d971bbb08aed2fda1f528c8f42cebe49c5f23a18c8ac787c5666e17b195beb481697012b0e6d83801c,us,2,dev
common_voice_en_37024754.mp3,ca0b638a08d03e8b15ba17239b0023181c3fcdd488737944f427842b05797c5d4390455da7ddbf567cad67c9264c9ee0b4100829dda7782d4cd62606df356b54,us,2,dev
common_voice_en_37024755.mp3,ca0b638a08d03e8b15ba17239b0023181c3fcdd488737944f427842b05797c5d4390455da7ddbf567cad67c9264c9ee0b4100829dda7782d4cd62606df356b54,us,2,dev
common_voice_en_37024757.mp3,ca0b638a08d03e8b15ba17239b0023181c3fcdd488737944f427842b05797c5d4390455da7ddbf567cad67c9264c9ee0b4100829dda7782d4cd62606df356b54,us,2,dev
common_voice_en_37920782.mp3,ca15dfbf1a8b1c5aad940e3716bb2fbae73ff7048c753f5d87d82e41d63e9ca58610ab1aff778df5b0b01682c2fa070f5ec1c8d781f58686836a4fd604dcb297,us,2,dev
common_voice_en_37920783.mp3,ca15dfbf1a8b1c5aad940e3716bb2fbae73ff7048c753f5d87d82e41d63e9ca58610ab1aff778df5b0b01682c2fa070f5ec1c8d781f58686836a4fd604dcb297,us,2,dev
common_voice_en_37920784.mp3,ca15dfbf1a8b1c5aad940e3716bb2fbae73ff7048c753f5d87d82e41d63e9ca58610ab1aff778df5b0b01682c2fa070f5ec1c8d781f58686836a4fd604dcb297,us,2,dev
common_voice_en_19465311.mp3,cc524139587a28cc9eb7b2899a327a0e3a114f4e673845ba1082b5008678378c9a78322f0f54bb7718ba60fd0379489f2fd72d12360f99b5dbcb2f72cca59ac1,england,0,dev
common_voice_en_19465312.mp3,cc524139587a28cc9eb7b2899a327a0e3a114f4e673845ba1082b5008678378c9a78322f0f54bb7718ba60fd0379489f2fd72d12360f99b5dbcb2f72cca59ac1,england,0,dev
common_voice_en_19465314.mp3,cc524139587a28cc9eb7b2899a327a0e3a114f4e673845ba1082b5008678378c9a78322f0f54bb7718ba60fd0379489f2fd72d12360f99b5dbcb2f72cca59ac1,england,0,dev
common_voice_en_19469884.mp3,cc80b652b96fc0654219b399ff5713205b32ba3950c5c65081225736b26be2ba829ffb5269b71e47ddd56a5794b9ff51657a2417306bc64f1008a08f4b17c0c9,us,2,dev
common_voice_en_19469886.mp3,cc80b652b96fc0654219b399ff5713205b32ba3950c5c65081225736b26be2ba829ffb5269b71e47ddd56a5794b9ff51657a2417306bc64f1008a08f4b17c0c9,us,2,dev
common_voice_en_19469887.mp3,cc80b652b96fc0654219b399ff5713205b32ba3950c5c65081225736b26be2ba829ffb5269b71e47ddd56a5794b9ff51657a2417306bc64f1008a08f4b17c0c9,us,2,dev
common_voice_en_27649918.mp3,ccaf43747c6725e2b2de921460679b07581272a255f822fe6561b51fb4d514f9a687feb6e42ae82b86d75f1093b2513e7a89d807ef23cd8912a387643dc1675e,us,2,dev
common_voice_en_27649922.mp3,ccaf43747c6725e2b2de921460679b07581272a255f822fe6561b51fb4d514f9a687feb6e42ae82b86d75f1093b2513e7a89d807ef23cd8912a387643dc1675e,us,2,dev
common_voice_en_27649923.mp3,ccaf43747c6725e2b2de921460679b07581272a255f822fe6561b51fb4d514f9a687feb6e42ae82b86d75f1093b2513e7a89d807ef23cd8912a387643dc1675e,us,2,dev
common_voice_en_20491387.mp3,ce8f9386c46b8f58605b56048cfd4c0d289bbf1517bb531b485c094a8b1227ec250f59f60d996c4be5f9f6e0b72ce66fe67064a26c52331f10d69e9360589658,england,0,dev
common_voice_en_20491390.mp3,ce8f9386c46b8f58605b56048cfd4c0d289bbf1517bb531b485c094a8b1227ec250f59f60d996c4be5f9f6e0b72ce66fe67064a26c52331f10d69e9360589658,england,0,dev
common_voice_en_20491391.mp3,ce8f9386c46b8f58605b56048cfd4c0d289bbf1517bb531b485c094a8b1227ec250f59f60d996c4be5f9f6e0b72ce66fe67064a26c52331f10d69e9360589658,england,0,dev
common_voice_en_36985754.mp3,cea89025fe1acca0a736b49679fb0edec827b07282e92493504e7bc548ab1502a0ed19c71a69135a59a9715b543e307e0a878425a3492bfa88084217baa80968,us,2,dev
common_voice_en_36985755.mp3,cea89025fe1acca0a736b49679fb0edec827b07282e92493504e7bc548ab1502a0ed19c71a69135a59a9715b543e307e0a878425a3492bfa88084217baa80968,us,2,dev
common_voice_en_36985758.mp3,cea89025fe1acca0a736b49679fb0edec827b07282e92493504e7bc548ab1502a0ed19c71a69135a59a9715b543e307e0a878425a3492bfa88084217baa80968,us,2,dev
common_voice_en_17794238.mp3,d15a1b4c8f2202a2090a7175cac20fdf69050250d531f28cbca5918895473ec7a582eaed6a281ae9a1b5b1ce2afb3a8a6a3f230731144c1239fe1a132313e873,indian,1,dev
common_voice_en_20490664.mp3,d15be33f7e11e9477458aaaa248bf2b3c8a87168a8df72aafe8edb246fe4c51371657c2ac5ac8bddd3c9ddc6c0390a1687ec4edc1d5a89273ff6173be0dc53f0,indian,1,dev
common_voice_en_20490665.mp3,d15be33f7e11e9477458aaaa248bf2b3c8a87168a8df72aafe8edb246fe4c51371657c2ac5ac8bddd3c9ddc6c0390a1687ec4edc1d5a89273ff6173be0dc53f0,indian,1,dev
common_voice_en_20490667.mp3,d15be33f7e11e9477458aaaa248bf2b3c8a87168a8df72aafe8edb246fe4c51371657c2ac5ac8bddd3c9ddc6c0390a1687ec4edc1d5a89273ff6173be0dc53f0,indian,1,dev
common_voice_en_18666394.mp3,d1962ff8afff858ef5c6e4c2d9d35fcc99b53e8272e34b4aa9090de13b0175e529ab4ca523b98ce72af03d9bddce1e7d2bf35690e703547469818a6a2365ca24,us,2,dev
common_voice_en_18666395.mp3,d1962ff8afff858ef5c6e4c2d9d35fcc99b53e8272e34b4aa9090de13b0175e529ab4ca523b98ce72af03d9bddce1e7d2bf35690e703547469818a6a2365ca24,us,2,dev
common_voice_en_18666397.mp3,d1962ff8afff858ef5c6e4c2d9d35fcc99b53e8272e34b4aa9090de13b0175e529ab4ca523b98ce72af03d9bddce1e7d2bf35690e703547469818a6a2365ca24,us,2,dev
common_voice_en_497959.mp3,d1a7812f5799d21a7ccfb5c74142513da53c2be6526748ebe59f506f13f33b24ba57a554cef6140962360296102dd42972eea841062951f3c1d5ac7c1c19e0de,us,2,dev
common_voice_en_497960.mp3,d1a7812f5799d21a7ccfb5c74142513da53c2be6526748ebe59f506f13f33b24ba57a554cef6140962360296102dd42972eea841062951f3c1d5ac7c1c19e0de,us,2,dev
common_voice_en_497961.mp3,d1a7812f5799d21a7ccfb5c74142513da53c2be6526748ebe59f506f13f33b24ba57a554cef6140962360296102dd42972eea841062951f3c1d5ac7c1c19e0de,us,2,dev
common_voice_en_158507.mp3,d1d2783ca2e190ae3bcb4b14fb894f5df1cc89d2ba31443fe15dfb47a2668c619b7788282ad07f74427a0df006b2f7f58db009215bc314841e07256e9b30c1e7,us,2,dev
common_voice_en_158508.mp3,d1d2783ca2e190ae3bcb4b14fb894f5df1cc89d2ba31443fe15dfb47a2668c619b7788282ad07f74427a0df006b2f7f58db009215bc314841e07256e9b30c1e7,us,2,dev
common_voice_en_158509.mp3,d1d2783ca2e190ae3bcb4b14fb894f5df1cc89d2ba31443fe15dfb47a2668c619b7788282ad07f74427a0df006b2f7f58db009215bc314841e07256e9b30c1e7,us,2,dev
common_voice_en_19951278.mp3,d2aaf33ca0e2e010ee329273997d72c7e1ea698ab1a06da59b0bd05443ca7fb359d3ae467678a1dac94cdfe5693a0350ff3cdb20c771f41c2d965ee3c5dcf01e,us,2,dev
common_voice_en_19951279.mp3,d2aaf33ca0e2e010ee329273997d72c7e1ea698ab1a06da59b0bd05443ca7fb359d3ae467678a1dac94cdfe5693a0350ff3cdb20c771f41c2d965ee3c5dcf01e,us,2,dev
common_voice_en_19951280.mp3,d2aaf33ca0e2e010ee329273997d72c7e1ea698ab1a06da59b0bd05443ca7fb359d3ae467678a1dac94cdfe5693a0350ff3cdb20c771f41c2d965ee3c5dcf01e,us,2,dev
common_voice_en_23843922.mp3,d3bacc6c3f8c3eaf14e90a2a2cf3d47e844a4f3851121a913439abfbf0f394911ad404c6f5ff400c54beb1f738e9d1a1b98e5a2d355ee8708c119a9241a67a67,indian,1,dev
common_voice_en_23843924.mp3,d3bacc6c3f8c3eaf14e90a2a2cf3d47e844a4f3851121a913439abfbf0f394911ad404c6f5ff400c54beb1f738e9d1a1b98e5a2d355ee8708c119a9241a67a67,indian,1,dev
common_voice_en_23843926.mp3,d3bacc6c3f8c3eaf14e90a2a2cf3d47e844a4f3851121a913439abfbf0f394911ad404c6f5ff400c54beb1f738e9d1a1b98e5a2d355ee8708c119a9241a67a67,indian,1,dev
common_voice_en_626029.mp3,d4249bf141750bbbffae2f356b319f8bf5a4d9013fccd0738ac0f6bdf1d3bb09e9807db50af5c4eb12731ecb6237ea74a2b47a26d0d12680ebf5b87ec1d6b7aa,indian,1,dev
common_voice_en_17669826.mp3,d623f7b68020dfc10267c9ad0646d47ce4bd3accd909c86ef7a921d3940a6d604409855fd7f726a227e33189876cafec670a0647e20bd038eaade3fb47a0a0b3,indian,1,dev
common_voice_en_562722.mp3,d649718df2bb6f6302eaab683a1088b15e21f3fd9fa65c1101f79abc70f56e0ce27e26aedee32b47bcb818158bdde3c3580c6fd81d5318b55b7d51a41266d29b,us,2,dev
common_voice_en_31776611.mp3,d80006d557afbecee4591265e043f0cf37f81ec47fc1ed96408dc52ed181a90e7226237c203da0d62ea5817a7cd17d6ff5e386bb99fa9d87b7078e740d0fffb7,us,2,dev
common_voice_en_31776613.mp3,d80006d557afbecee4591265e043f0cf37f81ec47fc1ed96408dc52ed181a90e7226237c203da0d62ea5817a7cd17d6ff5e386bb99fa9d87b7078e740d0fffb7,us,2,dev
common_voice_en_31776614.mp3,d80006d557afbecee4591265e043f0cf37f81ec47fc1ed96408dc52ed181a90e7226237c203da0d62ea5817a7cd17d6ff5e386bb99fa9d87b7078e740d0fffb7,us,2,dev
common_voice_en_636949.mp3,d8d64c10318c3a097067c4978e30f4a755712f07d6f13e93773cbdcc77645b0399dfccebefcb0628cca8fe1adef4037499bdb0faf083c8c68a34bdfe151fd8fe,indian,1,dev
common_voice_en_36925107.mp3,d8d6ab9c69f172eaf3d4873681472ba6c2a21619ec650a94af8beaf16bc432b260e3eef226b70c4bc3dee769f3136dc895e42af5ef2dbeddf68181847af05f83,us,2,dev
common_voice_en_36925108.mp3,d8d6ab9c69f172eaf3d4873681472ba6c2a21619ec650a94af8beaf16bc432b260e3eef226b70c4bc3dee769f3136dc895e42af5ef2dbeddf68181847af05f83,us,2,dev
common_voice_en_36925109.mp3,d8d6ab9c69f172eaf3d4873681472ba6c2a21619ec650a94af8beaf16bc432b260e3eef226b70c4bc3dee769f3136dc895e42af5ef2dbeddf68181847af05f83,us,2,dev
common_voice_en_19159083.mp3,d961dd8a94599c66f176425b51efdf3d0aee0796593b6af7e8e23d51ae205b328e6713fbe48b40de283bdd5903921f28fcdb4dca8ba5adc633eac3bbeaa1693c,england,0,dev
common_voice_en_19159086.mp3,d961dd8a94599c66f176425b51efdf3d0aee0796593b6af7e8e23d51ae205b328e6713fbe48b40de283bdd5903921f28fcdb4dca8ba5adc633eac3bbeaa1693c,england,0,dev
common_voice_en_19159087.mp3,d961dd8a94599c66f176425b51efdf3d0aee0796593b6af7e8e23d51ae205b328e6713fbe48b40de283bdd5903921f28fcdb4dca8ba5adc633eac3bbeaa1693c,england,0,dev
common_voice_en_57541.mp3,da056758f8f7fc6b143d3f32a931677e9a48e3ff682980e2c750abc19b598852c568c10f6314066d429a128cd620d6ca7205f3f8044c8a2766beefd5bfc33d56,england,0,dev
common_voice_en_57542.mp3,da056758f8f7fc6b143d3f32a931677e9a48e3ff682980e2c750abc19b598852c568c10f6314066d429a128cd620d6ca7205f3f8044c8a2766beefd5bfc33d56,england,0,dev
common_voice_en_57543.mp3,da056758f8f7fc6b143d3f32a931677e9a48e3ff682980e2c750abc19b598852c568c10f6314066d429a128cd620d6ca7205f3f8044c8a2766beefd5bfc33d56,england,0,dev
common_voice_en_25760484.mp3,daf2f3e8f661e7b12a2fd678df2005b28a61bd2d8630b85a7218e15e01765c1ff79b983aed7bbcac16d474e5e70b90659487618fe8b8ddd7d66f5f2f0e3db8c2,us,2,dev
common_voice_en_25760487.mp3,daf2f3e8f661e7b12a2fd678df2005b28a61bd2d8630b85a7218e15e01765c1ff79b983aed7bbcac16d474e5e70b90659487618fe8b8ddd7d66f5f2f0e3db8c2,us,2,dev
common_voice_en_25760488.mp3,daf2f3e8f661e7b12a2fd678df2005b28a61bd2d8630b85a7218e15e01765c1ff79b983aed7bbcac16d474e5e70b90659487618fe8b8ddd7d66f5f2f0e3db8c2,us,2,dev
common_voice_en_35269060.mp3,dc60782ff94d8df8d62105b66d728c9a450f52571f7d1f13a824b3d3930ebaf8899eef9338f389a3ca40dbec194e16012bf62becf50dfde20c3bff46d8f68b87,indian,1,dev
common_voice_en_35269061.mp3,dc60782ff94d8df8d62105b66d728c9a450f52571f7d1f13a824b3d3930ebaf8899eef9338f389a3ca40dbec194e16012bf62becf50dfde20c3bff46d8f68b87,indian,1,dev
common_voice_en_35269062.mp3,dc60782ff94d8df8d62105b66d728c9a450f52571f7d1f13a824b3d3930ebaf8899eef9338f389a3ca40dbec194e16012bf62becf50dfde20c3bff46d8f68b87,indian,1,dev
common_voice_en_21186648.mp3,dc873438913fbe06beb1d591f0712fff2b9adc52b28eaaec536d7d86e5e227294538848a0f5865a1d3d3daeac70413101f582d7a23c2ea5998de520ac955ecfc,us,2,dev
common_voice_en_21186649.mp3,dc873438913fbe06beb1d591f0712fff2b9adc52b28eaaec536d7d86e5e227294538848a0f5865a1d3d3daeac70413101f582d7a23c2ea5998de520ac955ecfc,us,2,dev
common_voice_en_21186650.mp3,dc873438913fbe06beb1d591f0712fff2b9adc52b28eaaec536d7d86e5e227294538848a0f5865a1d3d3daeac70413101f582d7a23c2ea5998de520ac955ecfc,us,2,dev
common_voice_en_20747443.mp3,dcdb580d4f8adaa4d3f25182d7dc249badcae795fc91c5f5a8aca8bbdd8a389a0bacea947365782bf0ecf771958486f3bbe8062b3f234adc7fe4ed0bac7c8186,us,2,dev
common_voice_en_20747445.mp3,dcdb580d4f8adaa4d3f25182d7dc249badcae795fc91c5f5a8aca8bbdd8a389a0bacea947365782bf0ecf771958486f3bbe8062b3f234adc7fe4ed0bac7c8186,us,2,dev
common_voice_en_20747446.mp3,dcdb580d4f8adaa4d3f25182d7dc249badcae795fc91c5f5a8aca8bbdd8a389a0bacea947365782bf0ecf771958486f3bbe8062b3f234adc7fe4ed0bac7c8186,us,2,dev
common_voice_en_23348533.mp3,deba035867771999c87be973f594e2974707774d76bef24f5d07191c0aaf672d9b4ae3d1e0287819e2a1adcbe369b5f506769ff665842849555fe65e801fd19f,indian,1,dev
common_voice_en_23348534.mp3,deba035867771999c87be973f594e2974707774d76bef24f5d07191c0aaf672d9b4ae3d1e0287819e2a1adcbe369b5f506769ff665842849555fe65e801fd19f,indian,1,dev
common_voice_en_23348536.mp3,deba035867771999c87be973f594e2974707774d76bef24f5d07191c0aaf672d9b4ae3d1e0287819e2a1adcbe369b5f506769ff665842849555fe65e801fd19f,indian,1,dev
common_voice_en_21019238.mp3,e190459aeb9c09187c80a3a581b754a06013d790f921103a84ffb164149fdcda6957f0e98035feebe4ed91e736357a80511351e28ef3a49ab6de0480a9d8ef5e,us,2,dev
common_voice_en_21019239.mp3,e190459aeb9c09187c80a3a581b754a06013d790f921103a84ffb164149fdcda6957f0e98035feebe4ed91e736357a80511351e28ef3a49ab6de0480a9d8ef5e,us,2,dev
common_voice_en_21019242.mp3,e190459aeb9c09187c80a3a581b754a06013d790f921103a84ffb164149fdcda6957f0e98035feebe4ed91e736357a80511351e28ef3a49ab6de0480a9d8ef5e,us,2,dev
common_voice_en_18757803.mp3,e1b0920239f42f4a749e8787f3b043a8569926fa00e85b1a7d9ed0ed794ee63900dbd4e5637c2ce0fde38238b81c328c3d31742a19157c1a0b631e6c2ffa8670,us,2,dev
common_voice_en_18757804.mp3,e1b0920239f42f4a749e8787f3b043a8569926fa00e85b1a7d9ed0ed794ee63900dbd4e5637c2ce0fde38238b81c328c3d31742a19157c1a0b631e6c2ffa8670,us,2,dev
common_voice_en_18757805.mp3,e1b0920239f42f4a749e8787f3b043a8569926fa00e85b1a7d9ed0ed794ee63900dbd4e5637c2ce0fde38238b81c328c3d31742a19157c1a0b631e6c2ffa8670,us,2,dev
common_voice_en_35394221.mp3,e206a2ba070deb8dca49b474ca2d16f168b5660b873b95602f6282b8f49cbf4cb9b496cb7afbbdc55d53122a0c9b9aa01e5280c4de010152749da3db5f41c085,us,2,dev
common_voice_en_35394225.mp3,e206a2ba070deb8dca49b474ca2d16f168b5660b873b95602f6282b8f49cbf4cb9b496cb7afbbdc55d53122a0c9b9aa01e5280c4de010152749da3db5f41c085,us,2,dev
common_voice_en_35394227.mp3,e206a2ba070deb8dca49b474ca2d16f168b5660b873b95602f6282b8f49cbf4cb9b496cb7afbbdc55d53122a0c9b9aa01e5280c4de010152749da3db5f41c085,us,2,dev
common_voice_en_19951590.mp3,e21a4070d2829e0b05714033fdbdda72c81d2dd09a73ed900a14e9cb4c380e188d447ab4316659bf477efe21ef9fe9377fdee01f42648dba98cfe94f19a9d3fb,us,2,dev
common_voice_en_19951591.mp3,e21a4070d2829e0b05714033fdbdda72c81d2dd09a73ed900a14e9cb4c380e188d447ab4316659bf477efe21ef9fe9377fdee01f42648dba98cfe94f19a9d3fb,us,2,dev
common_voice_en_19951593.mp3,e21a4070d2829e0b05714033fdbdda72c81d2dd09a73ed900a14e9cb4c380e188d447ab4316659bf477efe21ef9fe9377fdee01f42648dba98cfe94f19a9d3fb,us,2,dev
common_voice_en_19702224.mp3,e49e675fbd5bb472b1b93b8bceb91d3af0d04af710d0f1384cf455bfc350c12d1f62e75e89f03330fcb2d5b7965f477dcf5c94d7fc1822f7b03390ea393dcfbd,us,2,dev
common_voice_en_19702227.mp3,e49e675fbd5bb472b1b93b8bceb91d3af0d04af710d0f1384cf455bfc350c12d1f62e75e89f03330fcb2d5b7965f477dcf5c94d7fc1822f7b03390ea393dcfbd,us,2,dev
common_voice_en_19702228.mp3,e49e675fbd5bb472b1b93b8bceb91d3af0d04af710d0f1384cf455bfc350c12d1f62e75e89f03330fcb2d5b7965f477dcf5c94d7fc1822f7b03390ea393dcfbd,us,2,dev
common_voice_en_19645199.mp3,e4e748f303242effc5b048afb8c98730fd3fa3d6971683a799ebbf7a90622128b041de82cec19e29408793dbf0462d15fef1f0991ea645fdf6ff60af1d5accf4,england,0,dev
common_voice_en_19645200.mp3,e4e748f303242effc5b048afb8c98730fd3fa3d6971683a799ebbf7a90622128b041de82cec19e29408793dbf0462d15fef1f0991ea645fdf6ff60af1d5accf4,england,0,dev
common_voice_en_19645202.mp3,e4e748f303242effc5b048afb8c98730fd3fa3d6971683a799ebbf7a90622128b041de82cec19e29408793dbf0462d15fef1f0991ea645fdf6ff60af1d5accf4,england,0,dev
common_voice_en_19344856.mp3,e519f9aaf3ecc39f3e691c58899574f99517c58533b42e9d204541a92002beffa37f60e111d8d08baaf5a03f5e281b45ae42a2e5549ea15d504256bb36b03945,indian,1,dev
common_voice_en_19344857.mp3,e519f9aaf3ecc39f3e691c58899574f99517c58533b42e9d204541a92002beffa37f60e111d8d08baaf5a03f5e281b45ae42a2e5549ea15d504256bb36b03945,indian,1,dev
common_voice_en_19344861.mp3,e519f9aaf3ecc39f3e691c58899574f99517c58533b42e9d204541a92002beffa37f60e111d8d08baaf5a03f5e281b45ae42a2e5549ea15d504256bb36b03945,indian,1,dev
common_voice_en_32440515.mp3,e5863e5302b3b51e49c29f054e75de7591ef48dd2b28365e712f1b0dfa29523fdc83f089a3a2c418a29d70598961447cd3a511916e6fea7d42b26815f81b47f7,us,2,dev
common_voice_en_32440518.mp3,e5863e5302b3b51e49c29f054e75de7591ef48dd2b28365e712f1b0dfa29523fdc83f089a3a2c418a29d70598961447cd3a511916e6fea7d42b26815f81b47f7,us,2,dev
common_voice_en_32440519.mp3,e5863e5302b3b51e49c29f054e75de7591ef48dd2b28365e712f1b0dfa29523fdc83f089a3a2c418a29d70598961447cd3a511916e6fea7d42b26815f81b47f7,us,2,dev
common_voice_en_38170546.mp3,e5d28617e5f862a654f289ba7dc25da88eb9bd5b1f188663c372bee166ba9892a70115f47c1886211c3a12b291925c4e4793ae458e4b800aa1c09eb54a68cbaf,us,2,dev
common_voice_en_38170549.mp3,e5d28617e5f862a654f289ba7dc25da88eb9bd5b1f188663c372bee166ba9892a70115f47c1886211c3a12b291925c4e4793ae458e4b800aa1c09eb54a68cbaf,us,2,dev
common_voice_en_38170564.mp3,e5d28617e5f862a654f289ba7dc25da88eb9bd5b1f188663c372bee166ba9892a70115f47c1886211c3a12b291925c4e4793ae458e4b800aa1c09eb54a68cbaf,us,2,dev
common_voice_en_15903553.mp3,e624baa6f6e176f8f63a0ba38116bb40086ba61c411fa8061de78615845a5246324e084d9c7f28d7e122c55c7d2b31fc95a428569c79e5108c589313db5fe018,us,2,dev
common_voice_en_36985830.mp3,e80433a5041ac761d0fede07944549479e6fbe91fbc4841c14aa0c6ac4e00d46b4c7c467608784056c049ae3de2e650e2e0e68470d118ebcd9fb4506e2c3f932,us,2,dev
common_voice_en_36985831.mp3,e80433a5041ac761d0fede07944549479e6fbe91fbc4841c14aa0c6ac4e00d46b4c7c467608784056c049ae3de2e650e2e0e68470d118ebcd9fb4506e2c3f932,us,2,dev
common_voice_en_36985833.mp3,e80433a5041ac761d0fede07944549479e6fbe91fbc4841c14aa0c6ac4e00d46b4c7c467608784056c049ae3de2e650e2e0e68470d118ebcd9fb4506e2c3f932,us,2,dev
common_voice_en_19234106.mp3,e93960a164980ad954007daa9e6fc16e00a6d30d38baf1255072240441290fdb3dcb47a5aadd69239743e92e273012b8ef89ecbe929f1783d90b0e6d234eb083,england,0,dev
common_voice_en_19234107.mp3,e93960a164980ad954007daa9e6fc16e00a6d30d38baf1255072240441290fdb3dcb47a5aadd69239743e92e273012b8ef89ecbe929f1783d90b0e6d234eb083,england,0,dev
common_voice_en_19234108.mp3,e93960a164980ad954007daa9e6fc16e00a6d30d38baf1255072240441290fdb3dcb47a5aadd69239743e92e273012b8ef89ecbe929f1783d90b0e6d234eb083,england,0,dev
common_voice_en_19214499.mp3,ebb893431971308cce7ad223c76df97b265d2bebbb38a07eb0ccf2f823b817949f3994e9cdbf93f9343218696fecaee3e64958f451a4fc6c0846a576a52430b2,us,2,dev
common_voice_en_19214500.mp3,ebb893431971308cce7ad223c76df97b265d2bebbb38a07eb0ccf2f823b817949f3994e9cdbf93f9343218696fecaee3e64958f451a4fc6c0846a576a52430b2,us,2,dev
common_voice_en_19214501.mp3,ebb893431971308cce7ad223c76df97b265d2bebbb38a07eb0ccf2f823b817949f3994e9cdbf93f9343218696fecaee3e64958f451a4fc6c0846a576a52430b2,us,2,dev
common_voice_en_25299238.mp3,ebcd29cc88d556595f93e884b4af36e846ba964b41e16f58ddbcf4a5c867eaa65169745cd74201585705dc92c49f219cda46b8945b511765d92675da20124323,us,2,dev
common_voice_en_25299239.mp3,ebcd29cc88d556595f93e884b4af36e846ba964b41e16f58ddbcf4a5c867eaa65169745cd74201585705dc92c49f219cda46b8945b511765d92675da20124323,us,2,dev
common_voice_en_25299242.mp3,ebcd29cc88d556595f93e884b4af36e846ba964b41e16f58ddbcf4a5c867eaa65169745cd74201585705dc92c49f219cda46b8945b511765d92675da20124323,us,2,dev
common_voice_en_21425673.mp3,ebf00255a670d116001c8866bec5ba8ce98d293b92c6679e01622001dcaa43d0c4ddda06c89157a8c05968d9e617905c7edfd0ffb8d647e9cbbe2f619e91ef24,us,2,dev
common_voice_en_21425675.mp3,ebf00255a670d116001c8866bec5ba8ce98d293b92c6679e01622001dcaa43d0c4ddda06c89157a8c05968d9e617905c7edfd0ffb8d647e9cbbe2f619e91ef24,us,2,dev
common_voice_en_21425677.mp3,ebf00255a670d116001c8866bec5ba8ce98d293b92c6679e01622001dcaa43d0c4ddda06c89157a8c05968d9e617905c7edfd0ffb8d647e9cbbe2f619e91ef24,us,2,dev
common_voice_en_37288423.mp3,ec8793f3d9f5459569f142448324df9856b7803bead33f64aff33b9a01b428bea96cb2ef4773bbe10f970d18e9556b4767b84aae6afe6ecb51f73a584d0ebe64,us,2,dev
common_voice_en_37288425.mp3,ec8793f3d9f5459569f142448324df9856b7803bead33f64aff33b9a01b428bea96cb2ef4773bbe10f970d18e9556b4767b84aae6afe6ecb51f73a584d0ebe64,us,2,dev
common_voice_en_37483957.mp3,ec8793f3d9f5459569f142448324df9856b7803bead33f64aff33b9a01b428bea96cb2ef4773bbe10f970d18e9556b4767b84aae6afe6ecb51f73a584d0ebe64,us,2,dev
common_voice_en_640156.mp3,edae5984a9ebaf7d2bcb1724fb3e7178222bdadbcc79b1b82e82c3efa27945de3294fac744c13082e0282152c384a92b803ab1cab86b2b191b49dc5d3e082506,us,2,dev
common_voice_en_17435975.mp3,ee22eb1b448837dd5742a4aa6c998df7bb278b813c229a688fe80145b45f33629174fb0902ada9f3df79e29ac70e5ebb3d6ecbd78be8019ccfa0ddc93500a034,us,2,dev
common_voice_en_18713710.mp3,eefe73bf73d82ca7b0b4a245923b62ce81ce03fa07193c427768423f8106c502e1ebae595da275ef551dfb5346dd4bed71980dd07878415221ec5025952f8c90,us,2,dev
common_voice_en_18713712.mp3,eefe73bf73d82ca7b0b4a245923b62ce81ce03fa07193c427768423f8106c502e1ebae595da275ef551dfb5346dd4bed71980dd07878415221ec5025952f8c90,us,2,dev
common_voice_en_18713714.mp3,eefe73bf73d82ca7b0b4a245923b62ce81ce03fa07193c427768423f8106c502e1ebae595da275ef551dfb5346dd4bed71980dd07878415221ec5025952f8c90,us,2,dev
common_voice_en_38027500.mp3,efe1a4b7bc703ba1e7cfce40e389e6ef61b6bcb6d20a0bc2c031cdbf5faacc27c274623b745213d10283fc76d8b0a1ff6c2873193836f31ac73dab4231bf115e,us,2,dev
common_voice_en_38027501.mp3,efe1a4b7bc703ba1e7cfce40e389e6ef61b6bcb6d20a0bc2c031cdbf5faacc27c274623b745213d10283fc76d8b0a1ff6c2873193836f31ac73dab4231bf115e,us,2,dev
common_voice_en_38027503.mp3,efe1a4b7bc703ba1e7cfce40e389e6ef61b6bcb6d20a0bc2c031cdbf5faacc27c274623b745213d10283fc76d8b0a1ff6c2873193836f31ac73dab4231bf115e,us,2,dev
common_voice_en_32067040.mp3,f117645a692242ca8326a771acdf3281598175afd202ccad90c5b6ee52c68c1c2f8e8a2a4206919e2f6300cac283431887f47aa8d3ccb1449147f99ec8658b48,indian,1,dev
common_voice_en_32067041.mp3,f117645a692242ca8326a771acdf3281598175afd202ccad90c5b6ee52c68c1c2f8e8a2a4206919e2f6300cac283431887f47aa8d3ccb1449147f99ec8658b48,indian,1,dev
common_voice_en_32067042.mp3,f117645a692242ca8326a771acdf3281598175afd202ccad90c5b6ee52c68c1c2f8e8a2a4206919e2f6300cac283431887f47aa8d3ccb1449147f99ec8658b48,indian,1,dev
common_voice_en_19340801.mp3,f12af9c7d05092741599b4832cf76370162081d875338e4dc94469ec9846528b1f74ff1c43f417c9b09f189bf432a43050edfd3620f09e136eb2da4d7a6f2b08,england,0,dev
common_voice_en_19340804.mp3,f12af9c7d05092741599b4832cf76370162081d875338e4dc94469ec9846528b1f74ff1c43f417c9b09f189bf432a43050edfd3620f09e136eb2da4d7a6f2b08,england,0,dev
common_voice_en_19340805.mp3,f12af9c7d05092741599b4832cf76370162081d875338e4dc94469ec9846528b1f74ff1c43f417c9b09f189bf432a43050edfd3620f09e136eb2da4d7a6f2b08,england,0,dev
